{
    "timestamp": "2025-04-28 18:14:50",
    "training_history": {
        "accuracy": [
            0.5537674427032471,
            0.6242514848709106,
            0.676085352897644,
            0.7148827314376831,
            0.7496257424354553,
            0.772455096244812,
            0.8092564940452576,
            0.8231661915779114,
            0.8350174427032471,
            0.8431262373924255,
            0.8555389046669006
        ],
        "loss": [
            0.737869381904602,
            0.6755416393280029,
            0.6270846724510193,
            0.5837104320526123,
            0.5434752702713013,
            0.5149878263473511,
            0.46092933416366577,
            0.43773970007896423,
            0.4173797070980072,
            0.4029644727706909,
            0.3838525414466858
        ],
        "val_accuracy": [
            0.49512988328933716,
            0.5081169009208679,
            0.5178571343421936,
            0.49512988328933716,
            0.5259740352630615,
            0.5016233921051025,
            0.5308441519737244,
            0.5292207598686218,
            0.5097402334213257,
            0.524350643157959,
            0.48376622796058655
        ],
        "val_loss": [
            0.7357479929924011,
            0.7504644393920898,
            0.7746341824531555,
            0.9192194938659668,
            0.8943365812301636,
            0.9551796913146973,
            0.869715690612793,
            0.9150854349136353,
            0.9700257778167725,
            0.9595566987991333,
            1.1585737466812134
        ],
        "learning_rate": [
            0.0010000000474974513,
            0.0010000000474974513,
            0.0010000000474974513,
            0.0010000000474974513,
            0.0010000000474974513,
            0.0010000000474974513,
            0.0005000000237487257,
            0.0005000000237487257,
            0.0005000000237487257,
            0.0005000000237487257,
            0.0005000000237487257
        ]
    },
    "evaluation_metrics": {
        "accuracy": 0.4700162074554295,
        "precision": 0.47625991302793014,
        "recall": 0.4700162074554295,
        "f1": 0.4399032436442744,
        "classification_report": {
            "0": {
                "precision": 0.4878048780487805,
                "recall": 0.2476780185758514,
                "f1-score": 0.32854209445585214,
                "support": 323.0
            },
            "1": {
                "precision": 0.46357615894039733,
                "recall": 0.7142857142857143,
                "f1-score": 0.5622489959839356,
                "support": 294.0
            },
            "accuracy": 0.4700162074554295,
            "macro avg": {
                "precision": 0.4756905184945889,
                "recall": 0.48098186643078283,
                "f1-score": 0.4453955452198939,
                "support": 617.0
            },
            "weighted avg": {
                "precision": 0.47625991302793014,
                "recall": 0.4700162074554295,
                "f1-score": 0.4399032436442744,
                "support": 617.0
            }
        },
        "confusion_matrix": [
            [
                80,
                243
            ],
            [
                84,
                210
            ]
        ]
    }
}