{
    "timestamp": "2025-04-28 18:33:30",
    "training_history": {
        "accuracy": [
            0.5505707263946533,
            0.5848143100738525,
            0.6301835179328918,
            0.6692312955856323,
            0.7091822028160095,
            0.7364903688430786,
            0.771564781665802,
            0.7872417569160461,
            0.7965973019599915,
            0.8050498366355896,
            0.8163560032844543
        ],
        "loss": [
            0.7268795967102051,
            0.6897016167640686,
            0.6613976359367371,
            0.6276950240135193,
            0.5925245881080627,
            0.5604096055030823,
            0.5102443099021912,
            0.4866533577442169,
            0.4705994725227356,
            0.45464494824409485,
            0.44211849570274353
        ],
        "val_accuracy": [
            0.3799086809158325,
            0.36986300349235535,
            0.3689497709274292,
            0.3707762658596039,
            0.37808218598365784,
            0.3799086809158325,
            0.3945205509662628,
            0.391780823469162,
            0.3771689534187317,
            0.39086759090423584,
            0.38904109597206116
        ],
        "val_loss": [
            0.8122243881225586,
            0.9981703758239746,
            1.1068565845489502,
            1.1556873321533203,
            1.1310184001922607,
            1.197683572769165,
            1.5296657085418701,
            1.182528018951416,
            2.0722978115081787,
            1.964065670967102,
            1.5927523374557495
        ],
        "learning_rate": [
            0.0010000000474974513,
            0.0010000000474974513,
            0.0010000000474974513,
            0.0010000000474974513,
            0.0010000000474974513,
            0.0010000000474974513,
            0.0005000000237487257,
            0.0005000000237487257,
            0.0005000000237487257,
            0.0005000000237487257,
            0.0005000000237487257
        ]
    },
    "evaluation_metrics": {
        "accuracy": 0.4529680365296804,
        "precision": 0.20518004211755383,
        "recall": 0.4529680365296804,
        "f1": 0.28242884490096976,
        "classification_report": {
            "0": {
                "precision": 0.4529680365296804,
                "recall": 1.0,
                "f1-score": 0.6235072281583909,
                "support": 496.0
            },
            "1": {
                "precision": 0.0,
                "recall": 0.0,
                "f1-score": 0.0,
                "support": 599.0
            },
            "accuracy": 0.4529680365296804,
            "macro avg": {
                "precision": 0.2264840182648402,
                "recall": 0.5,
                "f1-score": 0.31175361407919544,
                "support": 1095.0
            },
            "weighted avg": {
                "precision": 0.20518004211755383,
                "recall": 0.4529680365296804,
                "f1-score": 0.28242884490096976,
                "support": 1095.0
            }
        },
        "confusion_matrix": [
            [
                496,
                0
            ],
            [
                599,
                0
            ]
        ]
    }
}