{
    "timestamp": "2025-04-28 18:11:03",
    "training_history": {
        "accuracy": [
            0.5750645995140076,
            0.6428940296173096,
            0.7063307762145996,
            0.7453488111495972,
            0.7866925001144409,
            0.8104650974273682,
            0.8470284342765808,
            0.8524547815322876,
            0.8700258135795593,
            0.8758397698402405,
            0.882170557975769
        ],
        "loss": [
            0.7461124062538147,
            0.6740328669548035,
            0.6120480298995972,
            0.5522711873054504,
            0.505774974822998,
            0.4664541184902191,
            0.4060651659965515,
            0.3924211859703064,
            0.3653355538845062,
            0.3497304916381836,
            0.3388039469718933
        ],
        "val_accuracy": [
            0.42657342553138733,
            0.4755244851112366,
            0.38461539149284363,
            0.503496527671814,
            0.4860139787197113,
            0.5419580340385437,
            0.5209790468215942,
            0.4825174808502197,
            0.4580419659614563,
            0.5104895234107971,
            0.5419580340385437
        ],
        "val_loss": [
            0.9221257567405701,
            1.0038819313049316,
            1.1256303787231445,
            1.0666320323944092,
            1.017364501953125,
            0.9494073987007141,
            1.1496169567108154,
            1.3353937864303589,
            1.2004632949829102,
            1.2870557308197021,
            1.2811857461929321
        ],
        "learning_rate": [
            0.0010000000474974513,
            0.0010000000474974513,
            0.0010000000474974513,
            0.0010000000474974513,
            0.0010000000474974513,
            0.0010000000474974513,
            0.0005000000237487257,
            0.0005000000237487257,
            0.0005000000237487257,
            0.0005000000237487257,
            0.0005000000237487257
        ]
    },
    "evaluation_metrics": {
        "accuracy": 0.43902439024390244,
        "precision": 0.4500656859864134,
        "recall": 0.43902439024390244,
        "f1": 0.41447360604874395,
        "classification_report": {
            "0": {
                "precision": 0.4264705882352941,
                "recall": 0.6641221374045801,
                "f1-score": 0.5194029850746269,
                "support": 131.0
            },
            "1": {
                "precision": 0.46987951807228917,
                "recall": 0.25,
                "f1-score": 0.3263598326359832,
                "support": 156.0
            },
            "accuracy": 0.43902439024390244,
            "macro avg": {
                "precision": 0.44817505315379164,
                "recall": 0.4570610687022901,
                "f1-score": 0.42288140885530506,
                "support": 287.0
            },
            "weighted avg": {
                "precision": 0.4500656859864134,
                "recall": 0.43902439024390244,
                "f1-score": 0.41447360604874395,
                "support": 287.0
            }
        },
        "confusion_matrix": [
            [
                87,
                44
            ],
            [
                117,
                39
            ]
        ]
    }
}