{
    "timestamp": "2025-04-28 18:15:46",
    "training_history": {
        "accuracy": [
            0.6193633675575256,
            0.6984968781471252,
            0.7541998028755188,
            0.8006189465522766,
            0.8227232694625854,
            0.8412908911705017,
            0.8572059869766235,
            0.8726790547370911,
            0.8797524571418762,
            0.8841732740402222,
            0.8996463418006897
        ],
        "loss": [
            0.7331814169883728,
            0.6307035684585571,
            0.567922830581665,
            0.5027685761451721,
            0.44301390647888184,
            0.41883423924446106,
            0.3720768094062805,
            0.34733253717422485,
            0.3449840545654297,
            0.32120785117149353,
            0.2982133626937866
        ],
        "val_accuracy": [
            0.5116279125213623,
            0.569767415523529,
            0.4883720874786377,
            0.4883720874786377,
            0.5116279125213623,
            0.4883720874786377,
            0.4883720874786377,
            0.4767441749572754,
            0.4767441749572754,
            0.4767441749572754,
            0.4767441749572754
        ],
        "val_loss": [
            0.8687520623207092,
            0.9055942296981812,
            0.9893054366111755,
            1.0727356672286987,
            1.2139594554901123,
            1.2637436389923096,
            1.327142357826233,
            1.4374033212661743,
            1.4645193815231323,
            1.540683627128601,
            1.6815011501312256
        ],
        "learning_rate": [
            0.0010000000474974513,
            0.0010000000474974513,
            0.0010000000474974513,
            0.0010000000474974513,
            0.0010000000474974513,
            0.0010000000474974513,
            0.0005000000237487257,
            0.0005000000237487257,
            0.0005000000237487257,
            0.0005000000237487257,
            0.0005000000237487257
        ]
    },
    "evaluation_metrics": {
        "accuracy": 0.6666666666666666,
        "precision": 0.7075163398692811,
        "recall": 0.6666666666666666,
        "f1": 0.6666666666666669,
        "classification_report": {
            "0": {
                "precision": 0.8055555555555556,
                "recall": 0.5686274509803921,
                "f1-score": 0.6666666666666667,
                "support": 51.0
            },
            "1": {
                "precision": 0.5686274509803921,
                "recall": 0.8055555555555556,
                "f1-score": 0.6666666666666667,
                "support": 36.0
            },
            "accuracy": 0.6666666666666666,
            "macro avg": {
                "precision": 0.6870915032679739,
                "recall": 0.6870915032679739,
                "f1-score": 0.6666666666666667,
                "support": 87.0
            },
            "weighted avg": {
                "precision": 0.7075163398692811,
                "recall": 0.6666666666666666,
                "f1-score": 0.6666666666666669,
                "support": 87.0
            }
        },
        "confusion_matrix": [
            [
                29,
                22
            ],
            [
                7,
                29
            ]
        ]
    }
}