{
    "timestamp": "2025-04-28 18:10:49",
    "training_history": {
        "accuracy": [
            0.535293698310852,
            0.5696354508399963,
            0.6143783926963806,
            0.6631055474281311,
            0.7032649517059326,
            0.7338340282440186,
            0.7552006244659424,
            0.7855581641197205,
            0.7993441820144653,
            0.8075594305992126,
            0.8155630826950073,
            0.8246597647666931
        ],
        "loss": [
            0.7309092283248901,
            0.6937584280967712,
            0.6690125465393066,
            0.6336276531219482,
            0.5942890048027039,
            0.5627303719520569,
            0.535184919834137,
            0.4850437343120575,
            0.46311983466148376,
            0.450729638338089,
            0.4334310293197632,
            0.42064526677131653
        ],
        "val_accuracy": [
            0.5637342929840088,
            0.5628366470336914,
            0.5727109313011169,
            0.57001793384552,
            0.5403949618339539,
            0.5637342929840088,
            0.5745062828063965,
            0.5646319389343262,
            0.5771992802619934,
            0.5843806266784668,
            0.578994631767273,
            0.5736086368560791
        ],
        "val_loss": [
            0.7103914022445679,
            0.7057756185531616,
            0.7561421394348145,
            0.7962473630905151,
            0.7879658341407776,
            0.8383229374885559,
            0.7563177347183228,
            0.826481819152832,
            0.9215405583381653,
            0.8673295378684998,
            1.0026023387908936,
            0.9206226468086243
        ],
        "learning_rate": [
            0.0010000000474974513,
            0.0010000000474974513,
            0.0010000000474974513,
            0.0010000000474974513,
            0.0010000000474974513,
            0.0010000000474974513,
            0.0010000000474974513,
            0.0005000000237487257,
            0.0005000000237487257,
            0.0005000000237487257,
            0.0005000000237487257,
            0.0005000000237487257
        ]
    },
    "evaluation_metrics": {
        "accuracy": 0.5359066427289049,
        "precision": 0.2871959297209661,
        "recall": 0.5359066427289049,
        "f1": 0.3739757635408021,
        "classification_report": {
            "0": {
                "precision": 0.0,
                "recall": 0.0,
                "f1-score": 0.0,
                "support": 517.0
            },
            "1": {
                "precision": 0.5359066427289049,
                "recall": 1.0,
                "f1-score": 0.6978375219170075,
                "support": 597.0
            },
            "accuracy": 0.5359066427289049,
            "macro avg": {
                "precision": 0.26795332136445243,
                "recall": 0.5,
                "f1-score": 0.34891876095850377,
                "support": 1114.0
            },
            "weighted avg": {
                "precision": 0.2871959297209661,
                "recall": 0.5359066427289049,
                "f1-score": 0.3739757635408021,
                "support": 1114.0
            }
        },
        "confusion_matrix": [
            [
                0,
                517
            ],
            [
                0,
                597
            ]
        ]
    }
}