{
    "timestamp": "2025-04-28 18:35:03",
    "training_history": {
        "accuracy": [
            0.5404154658317566,
            0.5702292323112488,
            0.597728967666626,
            0.6282961964607239,
            0.6559574007987976,
            0.6782370209693909,
            0.7165536284446716,
            0.7347971200942993,
            0.7484662532806396,
            0.765525758266449,
            0.7721989154815674
        ],
        "loss": [
            0.7437971234321594,
            0.7046892642974854,
            0.6846655607223511,
            0.6627032160758972,
            0.640193521976471,
            0.6165369153022766,
            0.5746817588806152,
            0.5499523878097534,
            0.5292887091636658,
            0.514344334602356,
            0.5019800066947937
        ],
        "val_accuracy": [
            0.5507649779319763,
            0.5201668739318848,
            0.5173852443695068,
            0.5034770369529724,
            0.5507649779319763,
            0.5605006814002991,
            0.5368567705154419,
            0.5257301926612854,
            0.5285118222236633,
            0.5368567705154419,
            0.5424200296401978
        ],
        "val_loss": [
            0.7354021668434143,
            0.7495338916778564,
            0.7615064382553101,
            0.7385945916175842,
            0.7975765466690063,
            0.8701813817024231,
            0.8550283312797546,
            0.8796558976173401,
            0.8786455392837524,
            0.87599116563797,
            0.8868426084518433
        ],
        "learning_rate": [
            0.0010000000474974513,
            0.0010000000474974513,
            0.0010000000474974513,
            0.0010000000474974513,
            0.0010000000474974513,
            0.0010000000474974513,
            0.0005000000237487257,
            0.0005000000237487257,
            0.0005000000237487257,
            0.0005000000237487257,
            0.0005000000237487257
        ]
    },
    "evaluation_metrics": {
        "accuracy": 0.5632823365785814,
        "precision": 0.4666808326981144,
        "recall": 0.5632823365785814,
        "f1": 0.436246107397748,
        "classification_report": {
            "0": {
                "precision": 0.32142857142857145,
                "recall": 0.029605263157894735,
                "f1-score": 0.05421686746987951,
                "support": 304.0
            },
            "1": {
                "precision": 0.573082489146165,
                "recall": 0.9542168674698795,
                "f1-score": 0.7160940325497288,
                "support": 415.0
            },
            "accuracy": 0.5632823365785814,
            "macro avg": {
                "precision": 0.4472555302873682,
                "recall": 0.4919110653138871,
                "f1-score": 0.38515545000980417,
                "support": 719.0
            },
            "weighted avg": {
                "precision": 0.4666808326981144,
                "recall": 0.5632823365785814,
                "f1-score": 0.436246107397748,
                "support": 719.0
            }
        },
        "confusion_matrix": [
            [
                9,
                295
            ],
            [
                19,
                396
            ]
        ]
    }
}