{
    "timestamp": "2025-04-28 18:11:30",
    "training_history": {
        "accuracy": [
            0.5656281113624573,
            0.6143018007278442,
            0.6493368148803711,
            0.6878128051757812,
            0.7156531810760498,
            0.7445570826530457,
            0.7779654860496521,
            0.7991741895675659,
            0.8093718886375427,
            0.8176926970481873,
            0.8245120048522949
        ],
        "loss": [
            0.740787148475647,
            0.6824443340301514,
            0.6402806043624878,
            0.6002839803695679,
            0.5708861947059631,
            0.5417208671569824,
            0.4917306900024414,
            0.4673486053943634,
            0.45174354314804077,
            0.43665966391563416,
            0.4257948696613312
        ],
        "val_accuracy": [
            0.5383275151252747,
            0.47909408807754517,
            0.4181184768676758,
            0.47909408807754517,
            0.45644599199295044,
            0.4146341383457184,
            0.4198606312274933,
            0.40940767526626587,
            0.4390243887901306,
            0.45296168327331543,
            0.4355400800704956
        ],
        "val_loss": [
            0.839771032333374,
            0.848477303981781,
            1.0842101573944092,
            1.097562313079834,
            1.0774807929992676,
            1.2310112714767456,
            1.1461904048919678,
            1.3990674018859863,
            1.4037342071533203,
            1.6577340364456177,
            1.6500380039215088
        ],
        "learning_rate": [
            0.0010000000474974513,
            0.0010000000474974513,
            0.0010000000474974513,
            0.0010000000474974513,
            0.0010000000474974513,
            0.0010000000474974513,
            0.0005000000237487257,
            0.0005000000237487257,
            0.0005000000237487257,
            0.0005000000237487257,
            0.0005000000237487257
        ]
    },
    "evaluation_metrics": {
        "accuracy": 0.5269565217391304,
        "precision": 0.5144563293574452,
        "recall": 0.5269565217391304,
        "f1": 0.3786018805481072,
        "classification_report": {
            "0": {
                "precision": 0.5,
                "recall": 0.01838235294117647,
                "f1-score": 0.035460992907801414,
                "support": 272.0
            },
            "1": {
                "precision": 0.5274336283185841,
                "recall": 0.9834983498349835,
                "f1-score": 0.6866359447004609,
                "support": 303.0
            },
            "accuracy": 0.5269565217391304,
            "macro avg": {
                "precision": 0.513716814159292,
                "recall": 0.50094035138808,
                "f1-score": 0.3610484688041311,
                "support": 575.0
            },
            "weighted avg": {
                "precision": 0.5144563293574452,
                "recall": 0.5269565217391304,
                "f1-score": 0.3786018805481072,
                "support": 575.0
            }
        },
        "confusion_matrix": [
            [
                5,
                267
            ],
            [
                5,
                298
            ]
        ]
    }
}