{
    "timestamp": "2025-04-28 18:12:21",
    "training_history": {
        "accuracy": [
            0.5506076216697693,
            0.6039882302284241,
            0.6484381556510925,
            0.6824483871459961,
            0.7171927094459534,
            0.7416197657585144,
            0.7626213431358337,
            0.7780360579490662,
            0.7902292013168335,
            0.8197944760322571,
            0.833537220954895,
            0.8417747616767883,
            0.8466275334358215,
            0.851888120174408
        ],
        "loss": [
            0.7392935752868652,
            0.6883853077888489,
            0.6526767015457153,
            0.6204540133476257,
            0.5830233097076416,
            0.5544002652168274,
            0.5319826602935791,
            0.5134613513946533,
            0.4939531087875366,
            0.4455243945121765,
            0.4221092760562897,
            0.40658268332481384,
            0.39532965421676636,
            0.3884265124797821
        ],
        "val_accuracy": [
            0.6155462265014648,
            0.6165966391563416,
            0.6113445162773132,
            0.5808823704719543,
            0.6102941036224365,
            0.6134454011917114,
            0.6207982897758484,
            0.6207982897758484,
            0.6176470518112183,
            0.6176470518112183,
            0.6176470518112183,
            0.598739504814148,
            0.6008403301239014,
            0.6134454011917114
        ],
        "val_loss": [
            0.8549620509147644,
            0.7541136145591736,
            0.7640015482902527,
            0.7142351865768433,
            0.9273937940597534,
            0.925690233707428,
            1.0341615676879883,
            1.2065986394882202,
            0.869096040725708,
            1.2775914669036865,
            1.1354600191116333,
            0.8416237235069275,
            0.9250644445419312,
            1.2565232515335083
        ],
        "learning_rate": [
            0.0010000000474974513,
            0.0010000000474974513,
            0.0010000000474974513,
            0.0010000000474974513,
            0.0010000000474974513,
            0.0010000000474974513,
            0.0010000000474974513,
            0.0010000000474974513,
            0.0010000000474974513,
            0.0005000000237487257,
            0.0005000000237487257,
            0.0005000000237487257,
            0.0005000000237487257,
            0.0005000000237487257
        ]
    },
    "evaluation_metrics": {
        "accuracy": 0.5430672268907563,
        "precision": 0.5742003762629231,
        "recall": 0.5430672268907563,
        "f1": 0.4880415173362113,
        "classification_report": {
            "0": {
                "precision": 0.6219512195121951,
                "recall": 0.21473684210526317,
                "f1-score": 0.3192488262910798,
                "support": 475.0
            },
            "1": {
                "precision": 0.5266497461928934,
                "recall": 0.870020964360587,
                "f1-score": 0.6561264822134387,
                "support": 477.0
            },
            "accuracy": 0.5430672268907563,
            "macro avg": {
                "precision": 0.5743004828525442,
                "recall": 0.542378903232925,
                "f1-score": 0.48768765425225924,
                "support": 952.0
            },
            "weighted avg": {
                "precision": 0.5742003762629231,
                "recall": 0.5430672268907563,
                "f1-score": 0.4880415173362113,
                "support": 952.0
            }
        },
        "confusion_matrix": [
            [
                102,
                373
            ],
            [
                62,
                415
            ]
        ]
    }
}