{
    "timestamp": "2025-04-28 18:30:21",
    "training_history": {
        "accuracy": [
            0.5303703546524048,
            0.5682592391967773,
            0.5998518466949463,
            0.6406296491622925,
            0.6746296286582947,
            0.7075926065444946,
            0.7427777647972107,
            0.7595185041427612,
            0.7725555300712585,
            0.7865926027297974,
            0.7945555448532104
        ],
        "loss": [
            0.7405183911323547,
            0.7005529999732971,
            0.6792042851448059,
            0.6520211100578308,
            0.6271463632583618,
            0.5984591245651245,
            0.5488995313644409,
            0.525635838508606,
            0.5092988014221191,
            0.4930139183998108,
            0.47902417182922363
        ],
        "val_accuracy": [
            0.44524237513542175,
            0.4614003598690033,
            0.4712746739387512,
            0.4569120407104492,
            0.43087971210479736,
            0.4299820363521576,
            0.4290843904018402,
            0.42100539803504944,
            0.43536803126335144,
            0.4542190432548523,
            0.4434470236301422
        ],
        "val_loss": [
            0.7522346377372742,
            0.8171308636665344,
            0.8165534734725952,
            0.8856765627861023,
            1.199400782585144,
            1.505589246749878,
            1.62712824344635,
            1.9002207517623901,
            1.2666774988174438,
            1.4861506223678589,
            1.684290885925293
        ],
        "learning_rate": [
            0.0010000000474974513,
            0.0010000000474974513,
            0.0010000000474974513,
            0.0010000000474974513,
            0.0010000000474974513,
            0.0010000000474974513,
            0.0005000000237487257,
            0.0005000000237487257,
            0.0005000000237487257,
            0.0005000000237487257,
            0.0005000000237487257
        ]
    },
    "evaluation_metrics": {
        "accuracy": 0.4838420107719928,
        "precision": 0.5173365920065146,
        "recall": 0.4838420107719928,
        "f1": 0.3516759931041193,
        "classification_report": {
            "0": {
                "precision": 0.4807511737089202,
                "recall": 0.9588014981273408,
                "f1-score": 0.6404002501563477,
                "support": 534.0
            },
            "1": {
                "precision": 0.5510204081632653,
                "recall": 0.04655172413793104,
                "f1-score": 0.08585055643879173,
                "support": 580.0
            },
            "accuracy": 0.4838420107719928,
            "macro avg": {
                "precision": 0.5158857909360928,
                "recall": 0.502676611132636,
                "f1-score": 0.3631254032975697,
                "support": 1114.0
            },
            "weighted avg": {
                "precision": 0.5173365920065146,
                "recall": 0.4838420107719928,
                "f1-score": 0.3516759931041193,
                "support": 1114.0
            }
        },
        "confusion_matrix": [
            [
                512,
                22
            ],
            [
                553,
                27
            ]
        ]
    }
}