{
    "timestamp": "2025-04-28 18:35:47",
    "training_history": {
        "accuracy": [
            0.5316193699836731,
            0.5630171298980713,
            0.597517728805542,
            0.6362293362617493,
            0.6686244010925293,
            0.6967715620994568,
            0.7157579660415649,
            0.7548019886016846,
            0.7692819237709045,
            0.7795138955116272,
            0.7915189266204834,
            0.7990543842315674
        ],
        "loss": [
            0.7352096438407898,
            0.6939570903778076,
            0.6723340749740601,
            0.6486669778823853,
            0.6227242350578308,
            0.5961521863937378,
            0.573695719242096,
            0.5288071036338806,
            0.5046187043190002,
            0.4917612671852112,
            0.4737161695957184,
            0.4603123962879181
        ],
        "val_accuracy": [
            0.5709156394004822,
            0.53500896692276,
            0.5574506521224976,
            0.5511669516563416,
            0.5242369771003723,
            0.5323159694671631,
            0.53500896692276,
            0.5466786623001099,
            0.5520646572113037,
            0.5664272904396057,
            0.5646319389343262,
            0.5583482980728149
        ],
        "val_loss": [
            0.7137916684150696,
            0.7116643190383911,
            0.7618429660797119,
            0.8470900058746338,
            0.8692031502723694,
            0.9635263085365295,
            1.0191621780395508,
            1.1771093606948853,
            1.158294916152954,
            1.1607916355133057,
            1.3383541107177734,
            1.2820266485214233
        ],
        "learning_rate": [
            0.0010000000474974513,
            0.0010000000474974513,
            0.0010000000474974513,
            0.0010000000474974513,
            0.0010000000474974513,
            0.0010000000474974513,
            0.0010000000474974513,
            0.0005000000237487257,
            0.0005000000237487257,
            0.0005000000237487257,
            0.0005000000237487257,
            0.0005000000237487257
        ]
    },
    "evaluation_metrics": {
        "accuracy": 0.533213644524237,
        "precision": 0.5169045564453195,
        "recall": 0.533213644524237,
        "f1": 0.4909286296444392,
        "classification_report": {
            "0": {
                "precision": 0.4810126582278481,
                "recall": 0.22309197651663404,
                "f1-score": 0.3048128342245989,
                "support": 511.0
            },
            "1": {
                "precision": 0.5473204104903079,
                "recall": 0.7960199004975125,
                "f1-score": 0.6486486486486487,
                "support": 603.0
            },
            "accuracy": 0.533213644524237,
            "macro avg": {
                "precision": 0.514166534359078,
                "recall": 0.5095559385070733,
                "f1-score": 0.4767307414366238,
                "support": 1114.0
            },
            "weighted avg": {
                "precision": 0.5169045564453195,
                "recall": 0.533213644524237,
                "f1-score": 0.4909286296444392,
                "support": 1114.0
            }
        },
        "confusion_matrix": [
            [
                114,
                397
            ],
            [
                123,
                480
            ]
        ]
    }
}