{
    "timestamp": "2025-04-28 18:39:59",
    "training_history": {
        "accuracy": [
            0.523073673248291,
            0.5554261803627014,
            0.5897191762924194,
            0.6239063143730164,
            0.655694305896759,
            0.6849421262741089,
            0.7231512665748596,
            0.7411092519760132,
            0.7558213472366333,
            0.7706040143966675,
            0.7786127328872681
        ],
        "loss": [
            0.726269006729126,
            0.691607654094696,
            0.6728410720825195,
            0.6526095867156982,
            0.62909996509552,
            0.6038432717323303,
            0.5632342100143433,
            0.5416635870933533,
            0.522136390209198,
            0.5089184641838074,
            0.4940495491027832
        ],
        "val_accuracy": [
            0.5664272904396057,
            0.5502693057060242,
            0.492818683385849,
            0.5134649872779846,
            0.47037702798843384,
            0.43177738785743713,
            0.46947935223579407,
            0.44254937767982483,
            0.4533213675022125,
            0.44614002108573914,
            0.47037702798843384
        ],
        "val_loss": [
            0.7258285880088806,
            0.7696410417556763,
            0.8960427045822144,
            0.8093410730361938,
            0.7472667098045349,
            0.9239128232002258,
            0.8832182288169861,
            0.7957364916801453,
            0.9945289492607117,
            0.8602653741836548,
            0.8849368691444397
        ],
        "learning_rate": [
            0.0010000000474974513,
            0.0010000000474974513,
            0.0010000000474974513,
            0.0010000000474974513,
            0.0010000000474974513,
            0.0010000000474974513,
            0.0005000000237487257,
            0.0005000000237487257,
            0.0005000000237487257,
            0.0005000000237487257,
            0.0005000000237487257
        ]
    },
    "evaluation_metrics": {
        "accuracy": 0.5754039497307002,
        "precision": 0.33108970536569016,
        "recall": 0.5754039497307002,
        "f1": 0.4203235689770699,
        "classification_report": {
            "0": {
                "precision": 0.0,
                "recall": 0.0,
                "f1-score": 0.0,
                "support": 473.0
            },
            "1": {
                "precision": 0.5754039497307002,
                "recall": 1.0,
                "f1-score": 0.7304843304843305,
                "support": 641.0
            },
            "accuracy": 0.5754039497307002,
            "macro avg": {
                "precision": 0.2877019748653501,
                "recall": 0.5,
                "f1-score": 0.36524216524216524,
                "support": 1114.0
            },
            "weighted avg": {
                "precision": 0.33108970536569016,
                "recall": 0.5754039497307002,
                "f1-score": 0.4203235689770699,
                "support": 1114.0
            }
        },
        "confusion_matrix": [
            [
                0,
                473
            ],
            [
                0,
                641
            ]
        ]
    }
}