{
    "timestamp": "2025-04-28 18:39:14",
    "training_history": {
        "accuracy": [
            0.5313383340835571,
            0.5927631258964539,
            0.6421936750411987,
            0.6828608512878418,
            0.7247799038887024,
            0.7537355422973633,
            0.7933123111724854,
            0.8045392036437988,
            0.8162506818771362,
            0.8236410617828369,
            0.8320814371109009
        ],
        "loss": [
            0.7356470823287964,
            0.6873267292976379,
            0.6474863290786743,
            0.6091865301132202,
            0.5694217681884766,
            0.531431257724762,
            0.4777490198612213,
            0.4556727409362793,
            0.43725132942199707,
            0.4257338345050812,
            0.4109657108783722
        ],
        "val_accuracy": [
            0.5653061270713806,
            0.5795918107032776,
            0.563265323638916,
            0.5724489688873291,
            0.5683673620223999,
            0.5510203838348389,
            0.550000011920929,
            0.5377551317214966,
            0.5397959351539612,
            0.5091836452484131,
            0.5132653117179871
        ],
        "val_loss": [
            0.7728884220123291,
            1.7473398447036743,
            2.4492931365966797,
            2.704477310180664,
            2.0881404876708984,
            1.9735735654830933,
            1.2060580253601074,
            1.305005431175232,
            1.2945371866226196,
            1.2763432264328003,
            1.2110830545425415
        ],
        "learning_rate": [
            0.0010000000474974513,
            0.0010000000474974513,
            0.0010000000474974513,
            0.0010000000474974513,
            0.0010000000474974513,
            0.0010000000474974513,
            0.0005000000237487257,
            0.0005000000237487257,
            0.0005000000237487257,
            0.0005000000237487257,
            0.0005000000237487257
        ]
    },
    "evaluation_metrics": {
        "accuracy": 0.5290519877675841,
        "precision": 0.27989600576083196,
        "recall": 0.5290519877675841,
        "f1": 0.3661039755351682,
        "classification_report": {
            "0": {
                "precision": 0.0,
                "recall": 0.0,
                "f1-score": 0.0,
                "support": 462.0
            },
            "1": {
                "precision": 0.5290519877675841,
                "recall": 1.0,
                "f1-score": 0.6920000000000001,
                "support": 519.0
            },
            "accuracy": 0.5290519877675841,
            "macro avg": {
                "precision": 0.26452599388379205,
                "recall": 0.5,
                "f1-score": 0.34600000000000003,
                "support": 981.0
            },
            "weighted avg": {
                "precision": 0.27989600576083196,
                "recall": 0.5290519877675841,
                "f1-score": 0.3661039755351682,
                "support": 981.0
            }
        },
        "confusion_matrix": [
            [
                0,
                462
            ],
            [
                0,
                519
            ]
        ]
    }
}