{
    "timestamp": "2025-04-28 18:23:03",
    "training_history": {
        "accuracy": [
            0.5721893906593323,
            0.6238856315612793,
            0.6652773022651672,
            0.7049322724342346,
            0.7290725708007812,
            0.7513604164123535,
            0.7854579091072083,
            0.8013198971748352,
            0.8091351389884949,
            0.814518928527832,
            0.8224499225616455
        ],
        "loss": [
            0.7394306063652039,
            0.6852380633354187,
            0.6437804698944092,
            0.6111780405044556,
            0.5758844017982483,
            0.550355076789856,
            0.5020849704742432,
            0.47580188512802124,
            0.4609624743461609,
            0.45257171988487244,
            0.43404915928840637
        ],
        "val_accuracy": [
            0.5376505851745605,
            0.516566276550293,
            0.48042169213294983,
            0.4924698770046234,
            0.5015060305595398,
            0.4984939694404602,
            0.5271084308624268,
            0.4939759075641632,
            0.5075300931930542,
            0.4879518151283264,
            0.5210843086242676
        ],
        "val_loss": [
            0.7618184685707092,
            0.7683447003364563,
            0.8017149567604065,
            0.8170832395553589,
            0.813528835773468,
            0.8553541898727417,
            0.8481238484382629,
            0.904503583908081,
            0.8937107920646667,
            0.9803722500801086,
            0.9327613115310669
        ],
        "learning_rate": [
            0.0010000000474974513,
            0.0010000000474974513,
            0.0010000000474974513,
            0.0010000000474974513,
            0.0010000000474974513,
            0.0010000000474974513,
            0.0005000000237487257,
            0.0005000000237487257,
            0.0005000000237487257,
            0.0005000000237487257,
            0.0005000000237487257
        ]
    },
    "evaluation_metrics": {
        "accuracy": 0.5256024096385542,
        "precision": 0.5276658116123731,
        "recall": 0.5256024096385542,
        "f1": 0.5264342580017957,
        "classification_report": {
            "0": {
                "precision": 0.4692556634304207,
                "recall": 0.48986486486486486,
                "f1-score": 0.4793388429752066,
                "support": 296.0
            },
            "1": {
                "precision": 0.5746478873239437,
                "recall": 0.5543478260869565,
                "f1-score": 0.5643153526970954,
                "support": 368.0
            },
            "accuracy": 0.5256024096385542,
            "macro avg": {
                "precision": 0.5219517753771822,
                "recall": 0.5221063454759107,
                "f1-score": 0.521827097836151,
                "support": 664.0
            },
            "weighted avg": {
                "precision": 0.5276658116123731,
                "recall": 0.5256024096385542,
                "f1-score": 0.5264342580017957,
                "support": 664.0
            }
        },
        "confusion_matrix": [
            [
                145,
                151
            ],
            [
                164,
                204
            ]
        ]
    }
}