{
    "timestamp": "2025-04-28 18:24:00",
    "training_history": {
        "accuracy": [
            0.5285292267799377,
            0.5574989914894104,
            0.5841366052627563,
            0.6183146834373474,
            0.6473621726036072,
            0.6699575185775757,
            0.7035654783248901,
            0.7195014357566833,
            0.7323020100593567,
            0.7455690503120422,
            0.7541718482971191
        ],
        "loss": [
            0.7303495407104492,
            0.6964026093482971,
            0.6823501586914062,
            0.6614163517951965,
            0.6374496221542358,
            0.618524432182312,
            0.5810443162918091,
            0.560357928276062,
            0.5463952422142029,
            0.5316799879074097,
            0.520161509513855
        ],
        "val_accuracy": [
            0.5566878914833069,
            0.4420382082462311,
            0.5375795960426331,
            0.5165604948997498,
            0.5802547931671143,
            0.5605095624923706,
            0.5464968085289001,
            0.5636942386627197,
            0.5484076142311096,
            0.5764331221580505,
            0.5605095624923706
        ],
        "val_loss": [
            0.7033731341362,
            1.0480501651763916,
            0.7602195143699646,
            0.8077825903892517,
            1.0159399509429932,
            0.8188931345939636,
            1.0925488471984863,
            0.9726669788360596,
            1.1284977197647095,
            1.7247527837753296,
            1.2873425483703613
        ],
        "learning_rate": [
            0.0010000000474974513,
            0.0010000000474974513,
            0.0010000000474974513,
            0.0010000000474974513,
            0.0010000000474974513,
            0.0010000000474974513,
            0.0005000000237487257,
            0.0005000000237487257,
            0.0005000000237487257,
            0.0005000000237487257,
            0.0005000000237487257
        ]
    },
    "evaluation_metrics": {
        "accuracy": 0.5607893061744113,
        "precision": 0.5779658936356845,
        "recall": 0.5607893061744113,
        "f1": 0.4059292608219183,
        "classification_report": {
            "0": {
                "precision": 0.6,
                "recall": 0.004341534008683068,
                "f1-score": 0.008620689655172415,
                "support": 691.0
            },
            "1": {
                "precision": 0.5606641123882503,
                "recall": 0.9977272727272727,
                "f1-score": 0.7179067865903517,
                "support": 880.0
            },
            "accuracy": 0.5607893061744113,
            "macro avg": {
                "precision": 0.5803320561941252,
                "recall": 0.5010344033679779,
                "f1-score": 0.363263738122762,
                "support": 1571.0
            },
            "weighted avg": {
                "precision": 0.5779658936356845,
                "recall": 0.5607893061744113,
                "f1-score": 0.4059292608219183,
                "support": 1571.0
            }
        },
        "confusion_matrix": [
            [
                3,
                688
            ],
            [
                2,
                878
            ]
        ]
    }
}