{
    "timestamp": "2025-04-28 18:13:41",
    "training_history": {
        "accuracy": [
            0.5296691656112671,
            0.5655414462089539,
            0.6002115607261658,
            0.6369494199752808,
            0.6628678441047668,
            0.6829679012298584,
            0.7172052264213562,
            0.7388920783996582,
            0.7530294060707092,
            0.7645220160484314,
            0.7770724892616272
        ],
        "loss": [
            0.7508140802383423,
            0.7088508009910583,
            0.6802509427070618,
            0.6521294713020325,
            0.632889449596405,
            0.6110470294952393,
            0.5650750994682312,
            0.5411671996116638,
            0.5248213410377502,
            0.5091636776924133,
            0.4922424852848053
        ],
        "val_accuracy": [
            0.4595898687839508,
            0.43184560537338257,
            0.48371532559394836,
            0.47285887598991394,
            0.45476478338241577,
            0.47044631838798523,
            0.447527140378952,
            0.46682751178741455,
            0.4342581331729889,
            0.46682751178741455,
            0.4595898687839508
        ],
        "val_loss": [
            0.7625305652618408,
            0.780456006526947,
            0.7973796129226685,
            0.8418715596199036,
            0.9305726885795593,
            0.9184576869010925,
            0.9686111211776733,
            0.991790235042572,
            1.0286349058151245,
            0.9617588520050049,
            1.190955400466919
        ],
        "learning_rate": [
            0.0010000000474974513,
            0.0010000000474974513,
            0.0010000000474974513,
            0.0010000000474974513,
            0.0010000000474974513,
            0.0010000000474974513,
            0.0005000000237487257,
            0.0005000000237487257,
            0.0005000000237487257,
            0.0005000000237487257,
            0.0005000000237487257
        ]
    },
    "evaluation_metrics": {
        "accuracy": 0.49095295536791317,
        "precision": 0.4776905124036293,
        "recall": 0.49095295536791317,
        "f1": 0.4711052776520474,
        "classification_report": {
            "0": {
                "precision": 0.515625,
                "recall": 0.675,
                "f1-score": 0.5846456692913387,
                "support": 440.0
            },
            "1": {
                "precision": 0.43478260869565216,
                "recall": 0.2827763496143959,
                "f1-score": 0.3426791277258567,
                "support": 389.0
            },
            "accuracy": 0.49095295536791317,
            "macro avg": {
                "precision": 0.47520380434782605,
                "recall": 0.478888174807198,
                "f1-score": 0.4636623985085977,
                "support": 829.0
            },
            "weighted avg": {
                "precision": 0.4776905124036293,
                "recall": 0.49095295536791317,
                "f1-score": 0.4711052776520474,
                "support": 829.0
            }
        },
        "confusion_matrix": [
            [
                297,
                143
            ],
            [
                279,
                110
            ]
        ]
    }
}