{
    "timestamp": "2025-04-28 18:14:26",
    "training_history": {
        "accuracy": [
            0.5262909531593323,
            0.5471786856651306,
            0.5835509300231934,
            0.610095739364624,
            0.6334131360054016,
            0.6555337905883789,
            0.6860313415527344,
            0.701842188835144,
            0.7112343907356262,
            0.7287133932113647,
            0.7353858351707458
        ],
        "loss": [
            0.7370532751083374,
            0.699530303478241,
            0.6775652170181274,
            0.6573463082313538,
            0.6386426687240601,
            0.6213111877441406,
            0.5881385803222656,
            0.5708683133125305,
            0.5535961389541626,
            0.5383565425872803,
            0.529599666595459
        ],
        "val_accuracy": [
            0.5035906434059143,
            0.47307002544403076,
            0.5269299745559692,
            0.5314183235168457,
            0.46947935223579407,
            0.5332136154174805,
            0.5080789923667908,
            0.5269299745559692,
            0.45601436495780945,
            0.5089766383171082,
            0.47307002544403076
        ],
        "val_loss": [
            0.7247901558876038,
            0.7701897621154785,
            0.8200286626815796,
            0.7689922451972961,
            0.8180433511734009,
            0.7755038142204285,
            0.8178307414054871,
            0.8670591711997986,
            0.8748824596405029,
            0.8879737257957458,
            0.8700141310691833
        ],
        "learning_rate": [
            0.0010000000474974513,
            0.0010000000474974513,
            0.0010000000474974513,
            0.0010000000474974513,
            0.0010000000474974513,
            0.0010000000474974513,
            0.0005000000237487257,
            0.0005000000237487257,
            0.0005000000237487257,
            0.0005000000237487257,
            0.0005000000237487257
        ]
    },
    "evaluation_metrics": {
        "accuracy": 0.585278276481149,
        "precision": 0.4338434877362733,
        "recall": 0.585278276481149,
        "f1": 0.4462848123453561,
        "classification_report": {
            "0": {
                "precision": 0.2,
                "recall": 0.008888888888888889,
                "f1-score": 0.01702127659574468,
                "support": 450.0
            },
            "1": {
                "precision": 0.5923217550274223,
                "recall": 0.9759036144578314,
                "f1-score": 0.7372013651877133,
                "support": 664.0
            },
            "accuracy": 0.585278276481149,
            "macro avg": {
                "precision": 0.3961608775137112,
                "recall": 0.4923962516733601,
                "f1-score": 0.377111320891729,
                "support": 1114.0
            },
            "weighted avg": {
                "precision": 0.4338434877362733,
                "recall": 0.585278276481149,
                "f1-score": 0.4462848123453561,
                "support": 1114.0
            }
        },
        "confusion_matrix": [
            [
                4,
                446
            ],
            [
                16,
                648
            ]
        ]
    }
}