{
    "timestamp": "2025-04-28 18:25:45",
    "training_history": {
        "accuracy": [
            0.5358698964118958,
            0.5612001419067383,
            0.5804525017738342,
            0.6075393557548523,
            0.6372259855270386,
            0.6625562310218811,
            0.6871486902236938,
            0.723896861076355,
            0.7362633347511292,
            0.7493324875831604,
            0.7596964836120605,
            0.7659499645233154
        ],
        "loss": [
            0.7411599159240723,
            0.7016075849533081,
            0.6874079704284668,
            0.6693781018257141,
            0.6479015350341797,
            0.6254523992538452,
            0.6042844653129578,
            0.5615857243537903,
            0.5424431562423706,
            0.5250025391578674,
            0.5147815346717834,
            0.5026470422744751
        ],
        "val_accuracy": [
            0.5216240286827087,
            0.522506594657898,
            0.5410414934158325,
            0.5419241189956665,
            0.5145630836486816,
            0.5472197532653809,
            0.5375110507011414,
            0.5339806079864502,
            0.5286849141120911,
            0.5180935859680176,
            0.5180935859680176,
            0.5198587775230408
        ],
        "val_loss": [
            0.7274555563926697,
            0.7270435094833374,
            0.7281396389007568,
            0.7636390924453735,
            0.8149333000183105,
            0.8388243913650513,
            0.8734180331230164,
            0.9352027773857117,
            0.9912828207015991,
            1.0349148511886597,
            1.0691273212432861,
            1.109065294265747
        ],
        "learning_rate": [
            0.0010000000474974513,
            0.0010000000474974513,
            0.0010000000474974513,
            0.0010000000474974513,
            0.0010000000474974513,
            0.0010000000474974513,
            0.0010000000474974513,
            0.0005000000237487257,
            0.0005000000237487257,
            0.0005000000237487257,
            0.0005000000237487257,
            0.0005000000237487257
        ]
    },
    "evaluation_metrics": {
        "accuracy": 0.591710758377425,
        "precision": 0.5622101516266411,
        "recall": 0.591710758377425,
        "f1": 0.5512060891337077,
        "classification_report": {
            "0": {
                "precision": 0.4751131221719457,
                "recall": 0.2323008849557522,
                "f1-score": 0.31203566121842496,
                "support": 452.0
            },
            "1": {
                "precision": 0.619934282584885,
                "recall": 0.8299120234604106,
                "f1-score": 0.7097178683385579,
                "support": 682.0
            },
            "accuracy": 0.591710758377425,
            "macro avg": {
                "precision": 0.5475237023784154,
                "recall": 0.5311064542080814,
                "f1-score": 0.5108767647784914,
                "support": 1134.0
            },
            "weighted avg": {
                "precision": 0.5622101516266411,
                "recall": 0.591710758377425,
                "f1-score": 0.5512060891337077,
                "support": 1134.0
            }
        },
        "confusion_matrix": [
            [
                105,
                347
            ],
            [
                116,
                566
            ]
        ]
    }
}