{
    "timestamp": "2025-04-28 18:37:06",
    "training_history": {
        "accuracy": [
            0.5555555820465088,
            0.6044590473175049,
            0.6457602381706238,
            0.6820175647735596,
            0.7057748436927795,
            0.7318713665008545,
            0.7682017683982849,
            0.7861111164093018,
            0.7952485084533691,
            0.8060672283172607,
            0.8176169395446777
        ],
        "loss": [
            0.7397117018699646,
            0.6931741237640381,
            0.6547327637672424,
            0.6214736104011536,
            0.5944665670394897,
            0.5605011582374573,
            0.5110265016555786,
            0.48435044288635254,
            0.47099173069000244,
            0.4519847631454468,
            0.43662184476852417
        ],
        "val_accuracy": [
            0.5381604433059692,
            0.5283757448196411,
            0.4931506812572479,
            0.5166340470314026,
            0.5264188051223755,
            0.5068492889404297,
            0.534246563911438,
            0.534246563911438,
            0.5303326845169067,
            0.5283757448196411,
            0.534246563911438
        ],
        "val_loss": [
            0.7634792923927307,
            0.847928524017334,
            0.8253702521324158,
            0.8623278141021729,
            0.8980675935745239,
            0.9950063228607178,
            1.1904048919677734,
            1.062870979309082,
            1.1293777227401733,
            1.184645652770996,
            1.1327381134033203
        ],
        "learning_rate": [
            0.0010000000474974513,
            0.0010000000474974513,
            0.0010000000474974513,
            0.0010000000474974513,
            0.0010000000474974513,
            0.0010000000474974513,
            0.0005000000237487257,
            0.0005000000237487257,
            0.0005000000237487257,
            0.0005000000237487257,
            0.0005000000237487257
        ]
    },
    "evaluation_metrics": {
        "accuracy": 0.4481409001956947,
        "precision": 0.4497296628327004,
        "recall": 0.4481409001956947,
        "f1": 0.4043061638000551,
        "classification_report": {
            "0": {
                "precision": 0.44696969696969696,
                "recall": 0.7375,
                "f1-score": 0.5566037735849056,
                "support": 240.0
            },
            "1": {
                "precision": 0.45217391304347826,
                "recall": 0.1918819188191882,
                "f1-score": 0.2694300518134715,
                "support": 271.0
            },
            "accuracy": 0.4481409001956947,
            "macro avg": {
                "precision": 0.4495718050065876,
                "recall": 0.46469095940959415,
                "f1-score": 0.4130169126991886,
                "support": 511.0
            },
            "weighted avg": {
                "precision": 0.4497296628327004,
                "recall": 0.4481409001956947,
                "f1-score": 0.4043061638000551,
                "support": 511.0
            }
        },
        "confusion_matrix": [
            [
                177,
                63
            ],
            [
                219,
                52
            ]
        ]
    }
}