{
    "timestamp": "2025-04-28 18:36:43",
    "training_history": {
        "accuracy": [
            0.5430711507797241,
            0.5890327095985413,
            0.6307604908943176,
            0.6671144962310791,
            0.6949194073677063,
            0.7166585326194763,
            0.7518726587295532,
            0.7669760584831238,
            0.7798404097557068,
            0.7860283255577087,
            0.7943738698959351
        ],
        "loss": [
            0.740031361579895,
            0.6919190287590027,
            0.6614781022071838,
            0.6337363719940186,
            0.6043051481246948,
            0.5829275846481323,
            0.5334694981575012,
            0.5134878754615784,
            0.49725353717803955,
            0.48249199986457825,
            0.4699194133281708
        ],
        "val_accuracy": [
            0.5668341517448425,
            0.43718594312667847,
            0.5065326690673828,
            0.48643216490745544,
            0.43718594312667847,
            0.47638189792633057,
            0.48442211747169495,
            0.4361809194087982,
            0.4894472360610962,
            0.4381909668445587,
            0.42412060499191284
        ],
        "val_loss": [
            0.7181282043457031,
            0.8274775743484497,
            0.796409547328949,
            0.8018350005149841,
            0.9714796543121338,
            1.0441498756408691,
            1.047967791557312,
            1.574477195739746,
            1.179872989654541,
            1.1883947849273682,
            1.1976604461669922
        ],
        "learning_rate": [
            0.0010000000474974513,
            0.0010000000474974513,
            0.0010000000474974513,
            0.0010000000474974513,
            0.0010000000474974513,
            0.0010000000474974513,
            0.0005000000237487257,
            0.0005000000237487257,
            0.0005000000237487257,
            0.0005000000237487257,
            0.0005000000237487257
        ]
    },
    "evaluation_metrics": {
        "accuracy": 0.5903614457831325,
        "precision": 0.5634946622162871,
        "recall": 0.5903614457831325,
        "f1": 0.5524364381203651,
        "classification_report": {
            "0": {
                "precision": 0.4827586206896552,
                "recall": 0.24438902743142144,
                "f1-score": 0.3245033112582782,
                "support": 401.0
            },
            "1": {
                "precision": 0.617906683480454,
                "recall": 0.8235294117647058,
                "f1-score": 0.7060518731988472,
                "support": 595.0
            },
            "accuracy": 0.5903614457831325,
            "macro avg": {
                "precision": 0.5503326520850546,
                "recall": 0.5339592195980636,
                "f1-score": 0.5152775922285627,
                "support": 996.0
            },
            "weighted avg": {
                "precision": 0.5634946622162871,
                "recall": 0.5903614457831325,
                "f1-score": 0.5524364381203651,
                "support": 996.0
            }
        },
        "confusion_matrix": [
            [
                98,
                303
            ],
            [
                105,
                490
            ]
        ]
    }
}