{
    "timestamp": "2025-04-28 18:16:13",
    "training_history": {
        "accuracy": [
            0.5503072142601013,
            0.5908218026161194,
            0.6274961829185486,
            0.6659626364707947,
            0.7011649012565613,
            0.7279185652732849,
            0.765296995639801,
            0.7838581800460815,
            0.7930747270584106,
            0.8013952970504761,
            0.8149641752243042
        ],
        "loss": [
            0.7351557612419128,
            0.6880228519439697,
            0.6560903787612915,
            0.6255398392677307,
            0.5900990962982178,
            0.5611565113067627,
            0.5068715810775757,
            0.48588311672210693,
            0.47255629301071167,
            0.4549367129802704,
            0.437882661819458
        ],
        "val_accuracy": [
            0.47411003708839417,
            0.477346271276474,
            0.47087377309799194,
            0.4563106894493103,
            0.49676376581192017,
            0.4676375389099121,
            0.49514561891555786,
            0.48543688654899597,
            0.5064724683761597,
            0.49514561891555786,
            0.5323624610900879
        ],
        "val_loss": [
            0.7826674580574036,
            0.8075411915779114,
            0.8921453356742859,
            0.8993945121765137,
            0.9123764038085938,
            0.9877280592918396,
            1.1163073778152466,
            1.0637201070785522,
            1.0688591003417969,
            1.1480571031570435,
            1.1153377294540405
        ],
        "learning_rate": [
            0.0010000000474974513,
            0.0010000000474974513,
            0.0010000000474974513,
            0.0010000000474974513,
            0.0010000000474974513,
            0.0010000000474974513,
            0.0005000000237487257,
            0.0005000000237487257,
            0.0005000000237487257,
            0.0005000000237487257,
            0.0005000000237487257
        ]
    },
    "evaluation_metrics": {
        "accuracy": 0.5145631067961165,
        "precision": 0.5732357524095578,
        "recall": 0.5145631067961165,
        "f1": 0.45930003060314817,
        "classification_report": {
            "0": {
                "precision": 0.48627450980392156,
                "recall": 0.8671328671328671,
                "f1-score": 0.6231155778894473,
                "support": 286.0
            },
            "1": {
                "precision": 0.6481481481481481,
                "recall": 0.21084337349397592,
                "f1-score": 0.3181818181818182,
                "support": 332.0
            },
            "accuracy": 0.5145631067961165,
            "macro avg": {
                "precision": 0.5672113289760349,
                "recall": 0.5389881203134215,
                "f1-score": 0.4706486980356327,
                "support": 618.0
            },
            "weighted avg": {
                "precision": 0.5732357524095578,
                "recall": 0.5145631067961165,
                "f1-score": 0.45930003060314817,
                "support": 618.0
            }
        },
        "confusion_matrix": [
            [
                248,
                38
            ],
            [
                262,
                70
            ]
        ]
    }
}