{
    "timestamp": "2025-04-28 18:16:50",
    "training_history": {
        "accuracy": [
            0.5399793982505798,
            0.5776404142379761,
            0.6131891012191772,
            0.6389489769935608,
            0.6653786897659302,
            0.6897990703582764,
            0.708294689655304,
            0.726584255695343,
            0.7650180459022522,
            0.7764039039611816,
            0.7843894958496094,
            0.7939721941947937,
            0.8030396699905396
        ],
        "loss": [
            0.7451764941215515,
            0.6979643106460571,
            0.6685225963592529,
            0.6463126540184021,
            0.6245322227478027,
            0.6041157245635986,
            0.5824332237243652,
            0.5652986168861389,
            0.5139458775520325,
            0.4942275285720825,
            0.48412182927131653,
            0.46949341893196106,
            0.4559290111064911
        ],
        "val_accuracy": [
            0.47437581419944763,
            0.4927726686000824,
            0.4664914608001709,
            0.47700393199920654,
            0.41524308919906616,
            0.463863343000412,
            0.4901445508003235,
            0.46254926919937134,
            0.47437581419944763,
            0.45860710740089417,
            0.47700393199920654,
            0.5032851696014404,
            0.45335084199905396
        ],
        "val_loss": [
            1.0051213502883911,
            0.8469156622886658,
            0.8202662467956543,
            0.9377277493476868,
            0.9486023783683777,
            1.8577473163604736,
            1.0006743669509888,
            1.2211194038391113,
            1.259269118309021,
            1.3135243654251099,
            1.1877182722091675,
            1.1562854051589966,
            1.403010368347168
        ],
        "learning_rate": [
            0.0010000000474974513,
            0.0010000000474974513,
            0.0010000000474974513,
            0.0010000000474974513,
            0.0010000000474974513,
            0.0010000000474974513,
            0.0010000000474974513,
            0.0010000000474974513,
            0.0005000000237487257,
            0.0005000000237487257,
            0.0005000000237487257,
            0.0005000000237487257,
            0.0005000000237487257
        ]
    },
    "evaluation_metrics": {
        "accuracy": 0.489501312335958,
        "precision": 0.5280603438083753,
        "recall": 0.489501312335958,
        "f1": 0.46886211887298596,
        "classification_report": {
            "0": {
                "precision": 0.5900900900900901,
                "recall": 0.30536130536130535,
                "f1-score": 0.402457757296467,
                "support": 429.0
            },
            "1": {
                "precision": 0.44814814814814813,
                "recall": 0.7267267267267268,
                "f1-score": 0.554410080183276,
                "support": 333.0
            },
            "accuracy": 0.489501312335958,
            "macro avg": {
                "precision": 0.5191191191191191,
                "recall": 0.5160440160440161,
                "f1-score": 0.4784339187398715,
                "support": 762.0
            },
            "weighted avg": {
                "precision": 0.5280603438083753,
                "recall": 0.489501312335958,
                "f1-score": 0.46886211887298596,
                "support": 762.0
            }
        },
        "confusion_matrix": [
            [
                131,
                298
            ],
            [
                91,
                242
            ]
        ]
    }
}