{
    "timestamp": "2025-04-28 18:17:48",
    "training_history": {
        "accuracy": [
            0.5574081540107727,
            0.6053354144096375,
            0.6422126293182373,
            0.6774551868438721,
            0.7118477821350098,
            0.7378710508346558,
            0.7600365877151489,
            0.7922714948654175,
            0.8042369484901428,
            0.8136523962020874,
            0.8281025290489197,
            0.83372563123703
        ],
        "loss": [
            0.7485197186470032,
            0.691506564617157,
            0.6546685099601746,
            0.6172895431518555,
            0.5839967727661133,
            0.5519906282424927,
            0.5242465138435364,
            0.4760383367538452,
            0.45104607939720154,
            0.4343913793563843,
            0.41926446557044983,
            0.40756645798683167
        ],
        "val_accuracy": [
            0.5,
            0.5,
            0.5068259239196777,
            0.5051194429397583,
            0.5068259239196777,
            0.4795221984386444,
            0.47098976373672485,
            0.4744027256965637,
            0.48122867941856384,
            0.489761084318161,
            0.47610920667648315,
            0.46416381001472473
        ],
        "val_loss": [
            0.7838136553764343,
            0.7617448568344116,
            0.968447744846344,
            0.9166404604911804,
            0.9804728031158447,
            0.9550327062606812,
            1.4906084537506104,
            1.846209168434143,
            2.0330355167388916,
            2.572279214859009,
            2.991027593612671,
            2.3454980850219727
        ],
        "learning_rate": [
            0.0010000000474974513,
            0.0010000000474974513,
            0.0010000000474974513,
            0.0010000000474974513,
            0.0010000000474974513,
            0.0010000000474974513,
            0.0010000000474974513,
            0.0005000000237487257,
            0.0005000000237487257,
            0.0005000000237487257,
            0.0005000000237487257,
            0.0005000000237487257
        ]
    },
    "evaluation_metrics": {
        "accuracy": 0.4906303236797274,
        "precision": 0.49458084548307846,
        "recall": 0.4906303236797274,
        "f1": 0.4879259027462014,
        "classification_report": {
            "0": {
                "precision": 0.47337278106508873,
                "recall": 0.5693950177935944,
                "f1-score": 0.516962843295638,
                "support": 281.0
            },
            "1": {
                "precision": 0.5140562248995983,
                "recall": 0.41830065359477125,
                "f1-score": 0.4612612612612612,
                "support": 306.0
            },
            "accuracy": 0.4906303236797274,
            "macro avg": {
                "precision": 0.49371450298234354,
                "recall": 0.4938478356941828,
                "f1-score": 0.4891120522784496,
                "support": 587.0
            },
            "weighted avg": {
                "precision": 0.49458084548307846,
                "recall": 0.4906303236797274,
                "f1-score": 0.4879259027462014,
                "support": 587.0
            }
        },
        "confusion_matrix": [
            [
                160,
                121
            ],
            [
                178,
                128
            ]
        ]
    }
}