{
    "timestamp": "2025-04-28 18:19:33",
    "training_history": {
        "accuracy": [
            0.546190619468689,
            0.587698757648468,
            0.6235489249229431,
            0.6654472947120667,
            0.6876890063285828,
            0.718856692314148,
            0.7396839261054993,
            0.756901741027832,
            0.7888986468315125,
            0.807579755783081,
            0.8140669465065002,
            0.8241147398948669,
            0.829577624797821
        ],
        "loss": [
            0.7329809665679932,
            0.6876620054244995,
            0.6572330594062805,
            0.6288915276527405,
            0.6003962159156799,
            0.5733578205108643,
            0.5487526059150696,
            0.5278009176254272,
            0.47862881422042847,
            0.4551807641983032,
            0.44149476289749146,
            0.42599380016326904,
            0.4160793721675873
        ],
        "val_accuracy": [
            0.4333333373069763,
            0.5012820363044739,
            0.5371794700622559,
            0.4833333194255829,
            0.4923076927661896,
            0.482051283121109,
            0.4782051146030426,
            0.5294871926307678,
            0.4769230782985687,
            0.4730769097805023,
            0.4782051146030426,
            0.4782051146030426,
            0.5038461685180664
        ],
        "val_loss": [
            0.778238832950592,
            0.8241034746170044,
            0.7656077146530151,
            0.789600133895874,
            0.8223121166229248,
            0.8278008103370667,
            0.8926360011100769,
            0.8229411840438843,
            1.0521034002304077,
            1.0502266883850098,
            1.0053547620773315,
            1.0052146911621094,
            1.11027991771698
        ],
        "learning_rate": [
            0.0010000000474974513,
            0.0010000000474974513,
            0.0010000000474974513,
            0.0010000000474974513,
            0.0010000000474974513,
            0.0010000000474974513,
            0.0010000000474974513,
            0.0010000000474974513,
            0.0005000000237487257,
            0.0005000000237487257,
            0.0005000000237487257,
            0.0005000000237487257,
            0.0005000000237487257
        ]
    },
    "evaluation_metrics": {
        "accuracy": 0.514102564102564,
        "precision": 0.49396014110892494,
        "recall": 0.514102564102564,
        "f1": 0.4540567155077511,
        "classification_report": {
            "0": {
                "precision": 0.45864661654135336,
                "recall": 0.16576086956521738,
                "f1-score": 0.2435129740518962,
                "support": 368.0
            },
            "1": {
                "precision": 0.5255023183925811,
                "recall": 0.8252427184466019,
                "f1-score": 0.6421152030217185,
                "support": 412.0
            },
            "accuracy": 0.514102564102564,
            "macro avg": {
                "precision": 0.49207446746696726,
                "recall": 0.49550179400590966,
                "f1-score": 0.44281408853680737,
                "support": 780.0
            },
            "weighted avg": {
                "precision": 0.49396014110892494,
                "recall": 0.514102564102564,
                "f1-score": 0.4540567155077511,
                "support": 780.0
            }
        },
        "confusion_matrix": [
            [
                61,
                307
            ],
            [
                72,
                340
            ]
        ]
    }
}