{
    "timestamp": "2025-04-28 18:18:01",
    "training_history": {
        "accuracy": [
            0.5904881954193115,
            0.665544331073761,
            0.7126823663711548,
            0.7567340135574341,
            0.7824074029922485,
            0.8100448846817017,
            0.8400673270225525,
            0.8517115712165833,
            0.8630751967430115,
            0.8648989796638489,
            0.8707912564277649
        ],
        "loss": [
            0.7407293915748596,
            0.6512024402618408,
            0.591046154499054,
            0.5392951369285583,
            0.49721860885620117,
            0.4586522579193115,
            0.41550469398498535,
            0.39283183217048645,
            0.37491855025291443,
            0.3692445755004883,
            0.35039839148521423
        ],
        "val_accuracy": [
            0.46212121844291687,
            0.5037878751754761,
            0.48106059432029724,
            0.5227272510528564,
            0.5303030014038086,
            0.5568181872367859,
            0.5151515007019043,
            0.5378788113594055,
            0.5075757503509521,
            0.5303030014038086,
            0.5492424368858337
        ],
        "val_loss": [
            0.7871575355529785,
            0.7962746024131775,
            0.8525846004486084,
            0.9417175650596619,
            0.9357013702392578,
            1.0267326831817627,
            1.0723309516906738,
            1.097276210784912,
            1.1561883687973022,
            1.1386823654174805,
            1.1643078327178955
        ],
        "learning_rate": [
            0.0010000000474974513,
            0.0010000000474974513,
            0.0010000000474974513,
            0.0010000000474974513,
            0.0010000000474974513,
            0.0010000000474974513,
            0.0005000000237487257,
            0.0005000000237487257,
            0.0005000000237487257,
            0.0005000000237487257,
            0.0005000000237487257
        ]
    },
    "evaluation_metrics": {
        "accuracy": 0.49056603773584906,
        "precision": 0.4150206367924528,
        "recall": 0.49056603773584906,
        "f1": 0.3489064488198646,
        "classification_report": {
            "0": {
                "precision": 0.49609375,
                "recall": 0.9548872180451128,
                "f1-score": 0.652956298200514,
                "support": 133.0
            },
            "1": {
                "precision": 0.3333333333333333,
                "recall": 0.022727272727272728,
                "f1-score": 0.04255319148936171,
                "support": 132.0
            },
            "accuracy": 0.49056603773584906,
            "macro avg": {
                "precision": 0.41471354166666663,
                "recall": 0.48880724538619275,
                "f1-score": 0.34775474484493785,
                "support": 265.0
            },
            "weighted avg": {
                "precision": 0.4150206367924528,
                "recall": 0.49056603773584906,
                "f1-score": 0.3489064488198646,
                "support": 265.0
            }
        },
        "confusion_matrix": [
            [
                127,
                6
            ],
            [
                129,
                3
            ]
        ]
    }
}