{
    "timestamp": "2025-04-28 18:34:16",
    "training_history": {
        "accuracy": [
            0.5278080105781555,
            0.5556886792182922,
            0.5935888886451721,
            0.629492461681366,
            0.667283833026886,
            0.6964713335037231,
            0.7347709536552429,
            0.7500907778739929,
            0.7641763091087341,
            0.775285005569458,
            0.7835620641708374
        ],
        "loss": [
            0.7423606514930725,
            0.7024745345115662,
            0.676726758480072,
            0.6538834571838379,
            0.6223456859588623,
            0.593524694442749,
            0.5456660985946655,
            0.526547372341156,
            0.5061742067337036,
            0.4925203323364258,
            0.48229604959487915
        ],
        "val_accuracy": [
            0.4434470236301422,
            0.4506283700466156,
            0.44614002108573914,
            0.4398563802242279,
            0.44883304834365845,
            0.4551166892051697,
            0.44614002108573914,
            0.4676840305328369,
            0.46678635478019714,
            0.4569120407104492,
            0.4640933573246002
        ],
        "val_loss": [
            0.7608771920204163,
            0.8384747505187988,
            0.8779771327972412,
            1.219443440437317,
            1.2492740154266357,
            1.0858280658721924,
            1.0818735361099243,
            1.1038795709609985,
            1.3983665704727173,
            1.385547161102295,
            1.47848379611969
        ],
        "learning_rate": [
            0.0010000000474974513,
            0.0010000000474974513,
            0.0010000000474974513,
            0.0010000000474974513,
            0.0010000000474974513,
            0.0010000000474974513,
            0.0005000000237487257,
            0.0005000000237487257,
            0.0005000000237487257,
            0.0005000000237487257,
            0.0005000000237487257
        ]
    },
    "evaluation_metrics": {
        "accuracy": 0.45870736086175945,
        "precision": 0.21221924705935585,
        "recall": 0.45870736086175945,
        "f1": 0.29018533351747,
        "classification_report": {
            "0": {
                "precision": 0.45994599459945995,
                "recall": 0.9941634241245136,
                "f1-score": 0.6289230769230769,
                "support": 514.0
            },
            "1": {
                "precision": 0.0,
                "recall": 0.0,
                "f1-score": 0.0,
                "support": 600.0
            },
            "accuracy": 0.45870736086175945,
            "macro avg": {
                "precision": 0.22997299729972998,
                "recall": 0.4970817120622568,
                "f1-score": 0.31446153846153846,
                "support": 1114.0
            },
            "weighted avg": {
                "precision": 0.21221924705935585,
                "recall": 0.45870736086175945,
                "f1-score": 0.29018533351747,
                "support": 1114.0
            }
        },
        "confusion_matrix": [
            [
                511,
                3
            ],
            [
                600,
                0
            ]
        ]
    }
}