{
    "timestamp": "2025-04-28 18:22:34",
    "training_history": {
        "accuracy": [
            0.5890763998031616,
            0.6676043272018433,
            0.7123769521713257,
            0.7505860328674316,
            0.7894983887672424,
            0.8131739497184753,
            0.8415377140045166,
            0.8499765396118164,
            0.8548992276191711,
            0.8553680181503296,
            0.8738865256309509
        ],
        "loss": [
            0.7542014122009277,
            0.6713539958000183,
            0.6206622123718262,
            0.5708204507827759,
            0.5238244533538818,
            0.48102638125419617,
            0.43291985988616943,
            0.41495251655578613,
            0.389740526676178,
            0.3882703483104706,
            0.36430269479751587
        ],
        "val_accuracy": [
            0.5639534592628479,
            0.43023255467414856,
            0.48255813121795654,
            0.5116279125213623,
            0.5058139562606812,
            0.47093021869659424,
            0.447674423456192,
            0.45348837971687317,
            0.4360465109348297,
            0.43023255467414856,
            0.43023255467414856
        ],
        "val_loss": [
            0.7670562267303467,
            0.8477858901023865,
            0.8898550271987915,
            0.9200237989425659,
            1.0215927362442017,
            1.0646947622299194,
            1.1257038116455078,
            1.1394717693328857,
            1.265330195426941,
            1.174065113067627,
            1.2643054723739624
        ],
        "learning_rate": [
            0.0010000000474974513,
            0.0010000000474974513,
            0.0010000000474974513,
            0.0010000000474974513,
            0.0010000000474974513,
            0.0010000000474974513,
            0.0005000000237487257,
            0.0005000000237487257,
            0.0005000000237487257,
            0.0005000000237487257,
            0.0005000000237487257
        ]
    },
    "evaluation_metrics": {
        "accuracy": 0.5317919075144508,
        "precision": 0.5426613623749509,
        "recall": 0.5317919075144508,
        "f1": 0.5216470013162584,
        "classification_report": {
            "0": {
                "precision": 0.5089285714285714,
                "recall": 0.6867469879518072,
                "f1-score": 0.5846153846153846,
                "support": 83.0
            },
            "1": {
                "precision": 0.5737704918032787,
                "recall": 0.3888888888888889,
                "f1-score": 0.46357615894039733,
                "support": 90.0
            },
            "accuracy": 0.5317919075144508,
            "macro avg": {
                "precision": 0.541349531615925,
                "recall": 0.5378179384203481,
                "f1-score": 0.524095771777891,
                "support": 173.0
            },
            "weighted avg": {
                "precision": 0.5426613623749509,
                "recall": 0.5317919075144508,
                "f1-score": 0.5216470013162584,
                "support": 173.0
            }
        },
        "confusion_matrix": [
            [
                57,
                26
            ],
            [
                55,
                35
            ]
        ]
    }
}