{
    "timestamp": "2025-04-28 18:13:06",
    "training_history": {
        "accuracy": [
            0.5407176613807678,
            0.588776707649231,
            0.6325741410255432,
            0.6716444492340088,
            0.6977868676185608,
            0.7242873311042786,
            0.7603495121002197,
            0.7759275436401367,
            0.7857398390769958,
            0.7981664538383484,
            0.8031442761421204
        ],
        "loss": [
            0.7381163239479065,
            0.6876319646835327,
            0.6558685898780823,
            0.625177800655365,
            0.5992549657821655,
            0.5698319673538208,
            0.5220602750778198,
            0.4982418119907379,
            0.4842444360256195,
            0.4659537374973297,
            0.45308631658554077
        ],
        "val_accuracy": [
            0.4614003598690033,
            0.4434470236301422,
            0.4676840305328369,
            0.47307002544403076,
            0.4901256859302521,
            0.45152604579925537,
            0.4542190432548523,
            0.45960503816604614,
            0.4290843904018402,
            0.44883304834365845,
            0.4569120407104492
        ],
        "val_loss": [
            0.8410839438438416,
            0.9451426267623901,
            1.0183578729629517,
            1.2304776906967163,
            1.063794493675232,
            1.4085437059402466,
            1.6541996002197266,
            1.5176589488983154,
            1.9884623289108276,
            1.8936254978179932,
            1.8007005453109741
        ],
        "learning_rate": [
            0.0010000000474974513,
            0.0010000000474974513,
            0.0010000000474974513,
            0.0010000000474974513,
            0.0010000000474974513,
            0.0010000000474974513,
            0.0005000000237487257,
            0.0005000000237487257,
            0.0005000000237487257,
            0.0005000000237487257,
            0.0005000000237487257
        ]
    },
    "evaluation_metrics": {
        "accuracy": 0.49281867145421904,
        "precision": 0.2428702429339015,
        "recall": 0.49281867145421904,
        "f1": 0.32538478728606884,
        "classification_report": {
            "0": {
                "precision": 0.49281867145421904,
                "recall": 1.0,
                "f1-score": 0.6602525556223692,
                "support": 549.0
            },
            "1": {
                "precision": 0.0,
                "recall": 0.0,
                "f1-score": 0.0,
                "support": 565.0
            },
            "accuracy": 0.49281867145421904,
            "macro avg": {
                "precision": 0.24640933572710952,
                "recall": 0.5,
                "f1-score": 0.3301262778111846,
                "support": 1114.0
            },
            "weighted avg": {
                "precision": 0.2428702429339015,
                "recall": 0.49281867145421904,
                "f1-score": 0.32538478728606884,
                "support": 1114.0
            }
        },
        "confusion_matrix": [
            [
                549,
                0
            ],
            [
                565,
                0
            ]
        ]
    }
}