{
    "timestamp": "2025-04-28 18:28:14",
    "training_history": {
        "accuracy": [
            0.5391547083854675,
            0.572448194026947,
            0.5915869474411011,
            0.6259569525718689,
            0.6551435589790344,
            0.6831339597702026,
            0.702232837677002,
            0.7209330201148987,
            0.7391148209571838,
            0.7523923516273499,
            0.7633572816848755,
            0.7724083065986633,
            0.7974880337715149,
            0.8114433884620667,
            0.8172647356987,
            0.8255980610847473,
            0.8281499147415161
        ],
        "loss": [
            0.7327847480773926,
            0.692143440246582,
            0.6754893064498901,
            0.6539207100868225,
            0.6324190497398376,
            0.6087934374809265,
            0.5856545567512512,
            0.5671411752700806,
            0.5498253703117371,
            0.5286282896995544,
            0.5160474181175232,
            0.5019811391830444,
            0.460609495639801,
            0.44314906001091003,
            0.43089279532432556,
            0.41752392053604126,
            0.4106765687465668
        ],
        "val_accuracy": [
            0.44820716977119446,
            0.3914342522621155,
            0.4661354720592499,
            0.4302788972854614,
            0.4302788972854614,
            0.42031872272491455,
            0.4810757040977478,
            0.4621514081954956,
            0.525896430015564,
            0.5338645577430725,
            0.5,
            0.45717132091522217,
            0.5009959936141968,
            0.5249003767967224,
            0.5239043831825256,
            0.5368525981903076,
            0.512948215007782
        ],
        "val_loss": [
            0.815835177898407,
            0.9183228611946106,
            0.8373553156852722,
            1.1626346111297607,
            0.9349687099456787,
            0.8046342730522156,
            0.7830679416656494,
            0.9860527515411377,
            0.8000161647796631,
            0.8414506316184998,
            0.817827582359314,
            1.330985426902771,
            0.9246544241905212,
            0.8460038304328918,
            0.9721189737319946,
            0.8888450264930725,
            0.9185083508491516
        ],
        "learning_rate": [
            0.0010000000474974513,
            0.0010000000474974513,
            0.0010000000474974513,
            0.0010000000474974513,
            0.0010000000474974513,
            0.0010000000474974513,
            0.0010000000474974513,
            0.0010000000474974513,
            0.0010000000474974513,
            0.0010000000474974513,
            0.0010000000474974513,
            0.0010000000474974513,
            0.0005000000237487257,
            0.0005000000237487257,
            0.0005000000237487257,
            0.0005000000237487257,
            0.0005000000237487257
        ]
    },
    "evaluation_metrics": {
        "accuracy": 0.4601593625498008,
        "precision": 0.4493842254008877,
        "recall": 0.4601593625498008,
        "f1": 0.37418658788664944,
        "classification_report": {
            "0": {
                "precision": 0.4635535307517084,
                "recall": 0.8514644351464435,
                "f1-score": 0.6002949852507374,
                "support": 478.0
            },
            "1": {
                "precision": 0.4365079365079365,
                "recall": 0.10456273764258556,
                "f1-score": 0.16871165644171782,
                "support": 526.0
            },
            "accuracy": 0.4601593625498008,
            "macro avg": {
                "precision": 0.4500307336298225,
                "recall": 0.4780135863945145,
                "f1-score": 0.3845033208462276,
                "support": 1004.0
            },
            "weighted avg": {
                "precision": 0.4493842254008877,
                "recall": 0.4601593625498008,
                "f1-score": 0.37418658788664944,
                "support": 1004.0
            }
        },
        "confusion_matrix": [
            [
                407,
                71
            ],
            [
                471,
                55
            ]
        ]
    }
}