{
    "timestamp": "2025-04-28 18:29:00",
    "training_history": {
        "accuracy": [
            0.5379717350006104,
            0.5777571797370911,
            0.6217103004455566,
            0.6632708311080933,
            0.6932932138442993,
            0.7167168259620667,
            0.7343134880065918,
            0.7655321359634399,
            0.7831674218177795,
            0.7932777404785156,
            0.7977926731109619,
            0.8041213154792786
        ],
        "loss": [
            0.738474428653717,
            0.6964232921600342,
            0.6658708453178406,
            0.6300548911094666,
            0.6028825044631958,
            0.5769290328025818,
            0.552479088306427,
            0.5065318942070007,
            0.4797835946083069,
            0.46825042366981506,
            0.4555152952671051,
            0.44494447112083435
        ],
        "val_accuracy": [
            0.4568380117416382,
            0.4626576006412506,
            0.49175557494163513,
            0.4801163971424103,
            0.4936954379081726,
            0.49175557494163513,
            0.5160039067268372,
            0.4936954379081726,
            0.5169737935066223,
            0.5092143416404724,
            0.5111542344093323,
            0.5237633585929871
        ],
        "val_loss": [
            0.7930639386177063,
            0.7603954076766968,
            0.8750482797622681,
            0.9512470364570618,
            0.8346428275108337,
            1.0441088676452637,
            1.108652114868164,
            1.0771719217300415,
            1.045353651046753,
            1.1645230054855347,
            1.1664992570877075,
            1.1663544178009033
        ],
        "learning_rate": [
            0.0010000000474974513,
            0.0010000000474974513,
            0.0010000000474974513,
            0.0010000000474974513,
            0.0010000000474974513,
            0.0010000000474974513,
            0.0010000000474974513,
            0.0005000000237487257,
            0.0005000000237487257,
            0.0005000000237487257,
            0.0005000000237487257,
            0.0005000000237487257
        ]
    },
    "evaluation_metrics": {
        "accuracy": 0.47189922480620156,
        "precision": 0.5005678398347915,
        "recall": 0.47189922480620156,
        "f1": 0.3315660233977495,
        "classification_report": {
            "0": {
                "precision": 0.46987951807228917,
                "recall": 0.9649484536082474,
                "f1-score": 0.6320054017555706,
                "support": 485.0
            },
            "1": {
                "precision": 0.5277777777777778,
                "recall": 0.03473491773308958,
                "f1-score": 0.06518010291595197,
                "support": 547.0
            },
            "accuracy": 0.47189922480620156,
            "macro avg": {
                "precision": 0.49882864792503345,
                "recall": 0.4998416856706685,
                "f1-score": 0.3485927523357613,
                "support": 1032.0
            },
            "weighted avg": {
                "precision": 0.5005678398347915,
                "recall": 0.47189922480620156,
                "f1-score": 0.3315660233977495,
                "support": 1032.0
            }
        },
        "confusion_matrix": [
            [
                468,
                17
            ],
            [
                528,
                19
            ]
        ]
    }
}