{
    "timestamp": "2025-04-28 18:27:16",
    "training_history": {
        "accuracy": [
            0.5531914830207825,
            0.6025285124778748,
            0.6462380290031433,
            0.6776903867721558,
            0.7051341533660889,
            0.7370490431785583,
            0.7728954553604126,
            0.7895467281341553,
            0.8045790791511536,
            0.813213050365448,
            0.8252390027046204
        ],
        "loss": [
            0.7387452125549316,
            0.6880486011505127,
            0.6498842835426331,
            0.6171517372131348,
            0.583777904510498,
            0.5541771650314331,
            0.5025776028633118,
            0.478397399187088,
            0.4612918794155121,
            0.4422190487384796,
            0.426661878824234
        ],
        "val_accuracy": [
            0.5297872424125671,
            0.4404255449771881,
            0.40851062536239624,
            0.47659575939178467,
            0.5361701846122742,
            0.4553191363811493,
            0.47659575939178467,
            0.4957446753978729,
            0.45319148898124695,
            0.4340425431728363,
            0.5021276473999023
        ],
        "val_loss": [
            0.7715837359428406,
            0.9266743659973145,
            0.9517250061035156,
            0.8636346459388733,
            0.8455156683921814,
            1.0000371932983398,
            1.143173336982727,
            1.0600045919418335,
            1.2189741134643555,
            1.3998587131500244,
            1.2040231227874756
        ],
        "learning_rate": [
            0.0010000000474974513,
            0.0010000000474974513,
            0.0010000000474974513,
            0.0010000000474974513,
            0.0010000000474974513,
            0.0010000000474974513,
            0.0005000000237487257,
            0.0005000000237487257,
            0.0005000000237487257,
            0.0005000000237487257,
            0.0005000000237487257
        ]
    },
    "evaluation_metrics": {
        "accuracy": 0.613588110403397,
        "precision": 0.37649036922841134,
        "recall": 0.613588110403397,
        "f1": 0.46664990501732034,
        "classification_report": {
            "0": {
                "precision": 0.0,
                "recall": 0.0,
                "f1-score": 0.0,
                "support": 182.0
            },
            "1": {
                "precision": 0.613588110403397,
                "recall": 1.0,
                "f1-score": 0.7605263157894736,
                "support": 289.0
            },
            "accuracy": 0.613588110403397,
            "macro avg": {
                "precision": 0.3067940552016985,
                "recall": 0.5,
                "f1-score": 0.3802631578947368,
                "support": 471.0
            },
            "weighted avg": {
                "precision": 0.37649036922841134,
                "recall": 0.613588110403397,
                "f1-score": 0.46664990501732034,
                "support": 471.0
            }
        },
        "confusion_matrix": [
            [
                0,
                182
            ],
            [
                0,
                289
            ]
        ]
    }
}