{
    "timestamp": "2025-04-28 18:26:34",
    "training_history": {
        "accuracy": [
            0.5551308989524841,
            0.5882557034492493,
            0.6166319251060486,
            0.6380588412284851,
            0.6690409779548645,
            0.698922872543335,
            0.7189019918441772,
            0.7319898009300232,
            0.7488417625427246,
            0.7621033191680908,
            0.7888579964637756,
            0.7989344596862793,
            0.8088950514793396,
            0.8101111650466919,
            0.8248783946037292,
            0.8231410980224609,
            0.8351285457611084,
            0.842888593673706,
            0.8444521427154541,
            0.8442784547805786,
            0.8485637903213501
        ],
        "loss": [
            0.742881715297699,
            0.6948145031929016,
            0.6667651534080505,
            0.6444625854492188,
            0.6240088939666748,
            0.5947538018226624,
            0.5733754634857178,
            0.5557728409767151,
            0.5352470874786377,
            0.5178989171981812,
            0.47387710213661194,
            0.4582243859767914,
            0.44552701711654663,
            0.4299057424068451,
            0.41935327649116516,
            0.4177476465702057,
            0.3938139081001282,
            0.3831799030303955,
            0.3738536536693573,
            0.3724330961704254,
            0.36739760637283325
        ],
        "val_accuracy": [
            0.46666666865348816,
            0.4787878692150116,
            0.49242424964904785,
            0.480303019285202,
            0.48636364936828613,
            0.5333333611488342,
            0.5181818008422852,
            0.5303030014038086,
            0.5015151500701904,
            0.5196969509124756,
            0.5454545617103577,
            0.5333333611488342,
            0.5469697117805481,
            0.49242424964904785,
            0.5287878513336182,
            0.5333333611488342,
            0.5227272510528564,
            0.5575757622718811,
            0.5318182110786438,
            0.5484848618507385,
            0.5257575511932373
        ],
        "val_loss": [
            0.7688008546829224,
            0.7502689957618713,
            0.742979109287262,
            0.7540137767791748,
            0.7403643727302551,
            0.7472871541976929,
            0.7414347529411316,
            0.7539058327674866,
            0.7424970865249634,
            0.7599472999572754,
            0.7335894107818604,
            0.7455216646194458,
            0.7539975047111511,
            0.768216609954834,
            0.7414417266845703,
            0.7452799081802368,
            0.9018217921257019,
            0.830804169178009,
            0.8086113929748535,
            0.7991428971290588,
            0.7601808309555054
        ],
        "learning_rate": [
            0.0010000000474974513,
            0.0010000000474974513,
            0.0010000000474974513,
            0.0010000000474974513,
            0.0010000000474974513,
            0.0010000000474974513,
            0.0010000000474974513,
            0.0010000000474974513,
            0.0010000000474974513,
            0.0010000000474974513,
            0.0005000000237487257,
            0.0005000000237487257,
            0.0005000000237487257,
            0.0005000000237487257,
            0.0005000000237487257,
            0.0005000000237487257,
            0.0002500000118743628,
            0.0002500000118743628,
            0.0002500000118743628,
            0.0002500000118743628,
            0.0002500000118743628
        ]
    },
    "evaluation_metrics": {
        "accuracy": 0.4303030303030303,
        "precision": 0.424893753845852,
        "recall": 0.4303030303030303,
        "f1": 0.40430776588251494,
        "classification_report": {
            "0": {
                "precision": 0.41361256544502617,
                "recall": 0.2303206997084548,
                "f1-score": 0.29588014981273403,
                "support": 343.0
            },
            "1": {
                "precision": 0.43710021321961623,
                "recall": 0.6466876971608833,
                "f1-score": 0.5216284987277353,
                "support": 317.0
            },
            "accuracy": 0.4303030303030303,
            "macro avg": {
                "precision": 0.4253563893323212,
                "recall": 0.43850419843466903,
                "f1-score": 0.40875432427023467,
                "support": 660.0
            },
            "weighted avg": {
                "precision": 0.424893753845852,
                "recall": 0.4303030303030303,
                "f1-score": 0.40430776588251494,
                "support": 660.0
            }
        },
        "confusion_matrix": [
            [
                79,
                264
            ],
            [
                112,
                205
            ]
        ]
    }
}