{
    "timestamp": "2025-04-28 18:22:25",
    "training_history": {
        "accuracy": [
            0.5455370545387268,
            0.5854598879814148,
            0.6222071051597595,
            0.6620165705680847,
            0.6902007460594177,
            0.714131772518158,
            0.7388567328453064,
            0.7639786601066589,
            0.780424177646637,
            0.7895542979240417,
            0.797039806842804,
            0.8059430718421936
        ],
        "loss": [
            0.7438144683837891,
            0.696604311466217,
            0.6660161018371582,
            0.6349192261695862,
            0.6038421392440796,
            0.5767200589179993,
            0.5550737977027893,
            0.5072182416915894,
            0.48240581154823303,
            0.46824222803115845,
            0.4571169912815094,
            0.44152480363845825
        ],
        "val_accuracy": [
            0.520588219165802,
            0.5264706015586853,
            0.49705880880355835,
            0.4985294044017792,
            0.4779411852359772,
            0.5044117569923401,
            0.5191176533699036,
            0.5249999761581421,
            0.4691176414489746,
            0.4779411852359772,
            0.5102941393852234,
            0.48088234663009644
        ],
        "val_loss": [
            0.7337740063667297,
            0.7316466569900513,
            0.7395588755607605,
            0.7796555757522583,
            0.765507161617279,
            0.884166419506073,
            0.7655732035636902,
            0.9169245362281799,
            0.8579287528991699,
            0.8969405293464661,
            0.9328169822692871,
            0.9204486608505249
        ],
        "learning_rate": [
            0.0010000000474974513,
            0.0010000000474974513,
            0.0010000000474974513,
            0.0010000000474974513,
            0.0010000000474974513,
            0.0010000000474974513,
            0.0010000000474974513,
            0.0005000000237487257,
            0.0005000000237487257,
            0.0005000000237487257,
            0.0005000000237487257,
            0.0005000000237487257
        ]
    },
    "evaluation_metrics": {
        "accuracy": 0.48823529411764705,
        "precision": 0.5281274136503677,
        "recall": 0.48823529411764705,
        "f1": 0.45955969201811503,
        "classification_report": {
            "0": {
                "precision": 0.4532803180914513,
                "recall": 0.7574750830564784,
                "f1-score": 0.5671641791044776,
                "support": 301.0
            },
            "1": {
                "precision": 0.5875706214689266,
                "recall": 0.27440633245382584,
                "f1-score": 0.3741007194244604,
                "support": 379.0
            },
            "accuracy": 0.48823529411764705,
            "macro avg": {
                "precision": 0.5204254697801889,
                "recall": 0.5159407077551521,
                "f1-score": 0.470632449264469,
                "support": 680.0
            },
            "weighted avg": {
                "precision": 0.5281274136503677,
                "recall": 0.48823529411764705,
                "f1-score": 0.45955969201811503,
                "support": 680.0
            }
        },
        "confusion_matrix": [
            [
                228,
                73
            ],
            [
                275,
                104
            ]
        ]
    }
}