{
    "timestamp": "2025-04-28 18:36:01",
    "training_history": {
        "accuracy": [
            0.5889926552772522,
            0.6614317893981934,
            0.7088285088539124,
            0.7446236610412598,
            0.7713639140129089,
            0.7947085499763489,
            0.8278155326843262,
            0.8404074907302856,
            0.8467742204666138,
            0.8593661785125732,
            0.8685625195503235
        ],
        "loss": [
            0.7281148433685303,
            0.6551939845085144,
            0.6052249073982239,
            0.5561583638191223,
            0.5151422619819641,
            0.4784694314002991,
            0.4218969941139221,
            0.40212365984916687,
            0.38258546590805054,
            0.36503082513809204,
            0.35672348737716675
        ],
        "val_accuracy": [
            0.4183267056941986,
            0.4462151527404785,
            0.4183267056941986,
            0.4223107695579529,
            0.4342629611492157,
            0.4302788972854614,
            0.4342629611492157,
            0.45816734433174133,
            0.4342629611492157,
            0.45816734433174133,
            0.4741035997867584
        ],
        "val_loss": [
            1.38101327419281,
            1.6355607509613037,
            1.8632396459579468,
            1.5408586263656616,
            1.5699944496154785,
            2.2556774616241455,
            2.3292741775512695,
            2.2365152835845947,
            2.564488649368286,
            2.562387228012085,
            2.2106316089630127
        ],
        "learning_rate": [
            0.0010000000474974513,
            0.0010000000474974513,
            0.0010000000474974513,
            0.0010000000474974513,
            0.0010000000474974513,
            0.0010000000474974513,
            0.0005000000237487257,
            0.0005000000237487257,
            0.0005000000237487257,
            0.0005000000237487257,
            0.0005000000237487257
        ]
    },
    "evaluation_metrics": {
        "accuracy": 0.4541832669322709,
        "precision": 0.20628243996127046,
        "recall": 0.4541832669322709,
        "f1": 0.2837089996179665,
        "classification_report": {
            "0": {
                "precision": 0.4541832669322709,
                "recall": 1.0,
                "f1-score": 0.6246575342465753,
                "support": 114.0
            },
            "1": {
                "precision": 0.0,
                "recall": 0.0,
                "f1-score": 0.0,
                "support": 137.0
            },
            "accuracy": 0.4541832669322709,
            "macro avg": {
                "precision": 0.22709163346613545,
                "recall": 0.5,
                "f1-score": 0.31232876712328766,
                "support": 251.0
            },
            "weighted avg": {
                "precision": 0.20628243996127046,
                "recall": 0.4541832669322709,
                "f1-score": 0.2837089996179665,
                "support": 251.0
            }
        },
        "confusion_matrix": [
            [
                114,
                0
            ],
            [
                137,
                0
            ]
        ]
    }
}