{
    "timestamp": "2025-04-28 18:30:54",
    "training_history": {
        "accuracy": [
            0.5328075289726257,
            0.5784861445426941,
            0.629258394241333,
            0.6707744598388672,
            0.7014459371566772,
            0.7296527624130249,
            0.7524372935295105,
            0.784587562084198,
            0.805783748626709,
            0.8107131123542786,
            0.8199693560600281,
            0.8293898701667786
        ],
        "loss": [
            0.738762378692627,
            0.6938660740852356,
            0.6601994037628174,
            0.6301824450492859,
            0.5982037782669067,
            0.5701924562454224,
            0.5412214398384094,
            0.4883745312690735,
            0.46248868107795715,
            0.44925886392593384,
            0.4348668158054352,
            0.42141857743263245
        ],
        "val_accuracy": [
            0.5227920413017273,
            0.47578346729278564,
            0.4900285005569458,
            0.42592594027519226,
            0.4287749230861664,
            0.41025641560554504,
            0.49857550859451294,
            0.4672364592552185,
            0.5071225166320801,
            0.4672364592552185,
            0.5028489828109741,
            0.5071225166320801
        ],
        "val_loss": [
            0.7617136240005493,
            0.7540283203125,
            0.7661049962043762,
            0.9522354006767273,
            0.8915594220161438,
            0.859975278377533,
            0.7859178185462952,
            0.8976184129714966,
            0.8807148933410645,
            0.9247452020645142,
            0.9154744744300842,
            0.9102256298065186
        ],
        "learning_rate": [
            0.0010000000474974513,
            0.0010000000474974513,
            0.0010000000474974513,
            0.0010000000474974513,
            0.0010000000474974513,
            0.0010000000474974513,
            0.0010000000474974513,
            0.0005000000237487257,
            0.0005000000237487257,
            0.0005000000237487257,
            0.0005000000237487257,
            0.0005000000237487257
        ]
    },
    "evaluation_metrics": {
        "accuracy": 0.5547652916073968,
        "precision": 0.5531635673602433,
        "recall": 0.5547652916073968,
        "f1": 0.5448548758260485,
        "classification_report": {
            "0": {
                "precision": 0.5592105263157895,
                "recall": 0.6948228882833788,
                "f1-score": 0.6196840826245444,
                "support": 367.0
            },
            "1": {
                "precision": 0.5465587044534413,
                "recall": 0.4017857142857143,
                "f1-score": 0.4631217838765009,
                "support": 336.0
            },
            "accuracy": 0.5547652916073968,
            "macro avg": {
                "precision": 0.5528846153846154,
                "recall": 0.5483043012845465,
                "f1-score": 0.5414029332505227,
                "support": 703.0
            },
            "weighted avg": {
                "precision": 0.5531635673602433,
                "recall": 0.5547652916073968,
                "f1-score": 0.5448548758260485,
                "support": 703.0
            }
        },
        "confusion_matrix": [
            [
                255,
                112
            ],
            [
                201,
                135
            ]
        ]
    }
}