{
    "timestamp": "2025-04-28 18:31:40",
    "training_history": {
        "accuracy": [
            0.5179367661476135,
            0.5566405057907104,
            0.6009693741798401,
            0.6314299702644348,
            0.6626689434051514,
            0.6865845918655396,
            0.7170451879501343,
            0.7384136319160461,
            0.745595395565033,
            0.7560319900512695,
            0.7644166350364685
        ],
        "loss": [
            0.7378329634666443,
            0.6940306425094604,
            0.6685170531272888,
            0.6437771916389465,
            0.6196288466453552,
            0.5979428887367249,
            0.5546604990959167,
            0.5328396558761597,
            0.5164996981620789,
            0.5038731694221497,
            0.494296133518219
        ],
        "val_accuracy": [
            0.5189530849456787,
            0.4476534426212311,
            0.455776184797287,
            0.43231046199798584,
            0.4882671535015106,
            0.5397111773490906,
            0.4440433084964752,
            0.4503610134124756,
            0.47382670640945435,
            0.44584837555885315,
            0.4503610134124756
        ],
        "val_loss": [
            0.7503317594528198,
            0.8835511803627014,
            0.9219086170196533,
            1.0602425336837769,
            0.7950390577316284,
            0.834044337272644,
            1.1581242084503174,
            1.3386279344558716,
            1.083695411682129,
            0.9955824613571167,
            1.3808510303497314
        ],
        "learning_rate": [
            0.0010000000474974513,
            0.0010000000474974513,
            0.0010000000474974513,
            0.0010000000474974513,
            0.0010000000474974513,
            0.0010000000474974513,
            0.0005000000237487257,
            0.0005000000237487257,
            0.0005000000237487257,
            0.0005000000237487257,
            0.0005000000237487257
        ]
    },
    "evaluation_metrics": {
        "accuracy": 0.49864743011722273,
        "precision": 0.5631751659872887,
        "recall": 0.49864743011722273,
        "f1": 0.45327885643373494,
        "classification_report": {
            "0": {
                "precision": 0.46214689265536724,
                "recall": 0.83640081799591,
                "f1-score": 0.5953420669577875,
                "support": 489.0
            },
            "1": {
                "precision": 0.6428571428571429,
                "recall": 0.23225806451612904,
                "f1-score": 0.34123222748815163,
                "support": 620.0
            },
            "accuracy": 0.49864743011722273,
            "macro avg": {
                "precision": 0.5525020177562551,
                "recall": 0.5343294412560196,
                "f1-score": 0.46828714722296955,
                "support": 1109.0
            },
            "weighted avg": {
                "precision": 0.5631751659872887,
                "recall": 0.49864743011722273,
                "f1-score": 0.45327885643373494,
                "support": 1109.0
            }
        },
        "confusion_matrix": [
            [
                409,
                80
            ],
            [
                476,
                144
            ]
        ]
    }
}