{
    "timestamp": "2025-04-28 18:10:00",
    "training_history": {
        "accuracy": [
            0.5344405174255371,
            0.5740609169006348,
            0.6077896356582642,
            0.6437722444534302,
            0.6695927381515503,
            0.6984578967094421,
            0.7357057929039001,
            0.7560300230979919,
            0.7682483196258545,
            0.7757611870765686,
            0.7873467803001404
        ],
        "loss": [
            0.7311715483665466,
            0.6903743147850037,
            0.6641473174095154,
            0.6363650560379028,
            0.612091600894928,
            0.5860489010810852,
            0.5412548184394836,
            0.518328845500946,
            0.499811053276062,
            0.4858533442020416,
            0.4725961983203888
        ],
        "val_accuracy": [
            0.5708622336387634,
            0.5351833701133728,
            0.5361744165420532,
            0.5371655225753784,
            0.5282458066940308,
            0.539147675037384,
            0.5351833701133728,
            0.5332012176513672,
            0.5312190055847168,
            0.5312190055847168,
            0.5232903957366943
        ],
        "val_loss": [
            0.7428258657455444,
            0.8511543273925781,
            0.8420462608337402,
            0.9667319655418396,
            0.9819964170455933,
            0.8530459403991699,
            1.0360853672027588,
            0.9196333885192871,
            0.9709703922271729,
            1.0439481735229492,
            1.008204460144043
        ],
        "learning_rate": [
            0.0010000000474974513,
            0.0010000000474974513,
            0.0010000000474974513,
            0.0010000000474974513,
            0.0010000000474974513,
            0.0010000000474974513,
            0.0005000000237487257,
            0.0005000000237487257,
            0.0005000000237487257,
            0.0005000000237487257,
            0.0005000000237487257
        ]
    },
    "evaluation_metrics": {
        "accuracy": 0.501980198019802,
        "precision": 0.4927123019166833,
        "recall": 0.501980198019802,
        "f1": 0.3592703161677678,
        "classification_report": {
            "0": {
                "precision": 0.4827586206896552,
                "recall": 0.027888446215139442,
                "f1-score": 0.052730696798493404,
                "support": 502.0
            },
            "1": {
                "precision": 0.5025484199796126,
                "recall": 0.9704724409448819,
                "f1-score": 0.6621893888515783,
                "support": 508.0
            },
            "accuracy": 0.501980198019802,
            "macro avg": {
                "precision": 0.49265352033463394,
                "recall": 0.4991804435800107,
                "f1-score": 0.35746004282503585,
                "support": 1010.0
            },
            "weighted avg": {
                "precision": 0.4927123019166833,
                "recall": 0.501980198019802,
                "f1-score": 0.3592703161677678,
                "support": 1010.0
            }
        },
        "confusion_matrix": [
            [
                14,
                488
            ],
            [
                15,
                493
            ]
        ]
    }
}