{
    "timestamp": "2025-04-28 18:32:27",
    "training_history": {
        "accuracy": [
            0.5394841432571411,
            0.5623052716255188,
            0.5855973362922668,
            0.6110265851020813,
            0.6270738244056702,
            0.6553285717964172,
            0.6899949312210083,
            0.7087951898574829,
            0.7199159860610962,
            0.731797456741333,
            0.7478446960449219
        ],
        "loss": [
            0.741487443447113,
            0.6995267271995544,
            0.678929328918457,
            0.6619373559951782,
            0.6492955088615417,
            0.6275302171707153,
            0.5898205637931824,
            0.5692510604858398,
            0.5543205142021179,
            0.5422421097755432,
            0.5245422124862671
        ],
        "val_accuracy": [
            0.4757709205150604,
            0.5127753019332886,
            0.4889867901802063,
            0.48193833231925964,
            0.4977973699569702,
            0.5110132098197937,
            0.5066079497337341,
            0.47929516434669495,
            0.4889867901802063,
            0.5022026300430298,
            0.5057268738746643
        ],
        "val_loss": [
            0.767583966255188,
            0.8249524235725403,
            0.8763262033462524,
            0.9943007826805115,
            1.058821439743042,
            1.038954734802246,
            1.0773887634277344,
            1.1767693758010864,
            1.2956717014312744,
            1.123491644859314,
            1.192652702331543
        ],
        "learning_rate": [
            0.0010000000474974513,
            0.0010000000474974513,
            0.0010000000474974513,
            0.0010000000474974513,
            0.0010000000474974513,
            0.0010000000474974513,
            0.0005000000237487257,
            0.0005000000237487257,
            0.0005000000237487257,
            0.0005000000237487257,
            0.0005000000237487257
        ]
    },
    "evaluation_metrics": {
        "accuracy": 0.42466960352422906,
        "precision": 0.4153968009884743,
        "recall": 0.42466960352422906,
        "f1": 0.3977091453501679,
        "classification_report": {
            "0": {
                "precision": 0.4363411619283066,
                "recall": 0.6418181818181818,
                "f1-score": 0.5194996320824136,
                "support": 550.0
            },
            "1": {
                "precision": 0.39570552147239263,
                "recall": 0.2205128205128205,
                "f1-score": 0.283205268935236,
                "support": 585.0
            },
            "accuracy": 0.42466960352422906,
            "macro avg": {
                "precision": 0.4160233417003496,
                "recall": 0.4311655011655012,
                "f1-score": 0.4013524505088248,
                "support": 1135.0
            },
            "weighted avg": {
                "precision": 0.4153968009884743,
                "recall": 0.42466960352422906,
                "f1-score": 0.3977091453501679,
                "support": 1135.0
            }
        },
        "confusion_matrix": [
            [
                353,
                197
            ],
            [
                456,
                129
            ]
        ]
    }
}