{
    "timestamp": "2025-04-28 18:15:41",
    "training_history": {
        "accuracy": [
            0.5319507122039795,
            0.5628985166549683,
            0.6019055843353271,
            0.6396231651306152,
            0.6749767065048218,
            0.7040261030197144,
            0.7275234460830688,
            0.7489075064659119,
            0.7816820740699768,
            0.8006662130355835,
            0.8095852136611938,
            0.8169997930526733,
            0.8213697075843811
        ],
        "loss": [
            0.7365002036094666,
            0.6970154643058777,
            0.6759382486343384,
            0.6512631177902222,
            0.6207304000854492,
            0.5912038087844849,
            0.5657421350479126,
            0.5413439273834229,
            0.493506520986557,
            0.46326857805252075,
            0.4538547098636627,
            0.438383013010025,
            0.42633333802223206
        ],
        "val_accuracy": [
            0.4479353725910187,
            0.43895870447158813,
            0.4614003598690033,
            0.5368043184280396,
            0.4506283700466156,
            0.46319568157196045,
            0.4533213675022125,
            0.5457809567451477,
            0.4820466637611389,
            0.4658886790275574,
            0.4470376968383789,
            0.47755834460258484,
            0.45960503816604614
        ],
        "val_loss": [
            0.8008698225021362,
            0.7632138729095459,
            0.7549892067909241,
            0.7556253671646118,
            0.7929330468177795,
            0.791400671005249,
            1.030569076538086,
            0.8548785448074341,
            0.8602169156074524,
            0.8572894930839539,
            0.9439816474914551,
            0.9315850734710693,
            0.8822600841522217
        ],
        "learning_rate": [
            0.0010000000474974513,
            0.0010000000474974513,
            0.0010000000474974513,
            0.0010000000474974513,
            0.0010000000474974513,
            0.0010000000474974513,
            0.0010000000474974513,
            0.0010000000474974513,
            0.0005000000237487257,
            0.0005000000237487257,
            0.0005000000237487257,
            0.0005000000237487257,
            0.0005000000237487257
        ]
    },
    "evaluation_metrics": {
        "accuracy": 0.5197486535008977,
        "precision": 0.5629721001605021,
        "recall": 0.5197486535008977,
        "f1": 0.4684048845788101,
        "classification_report": {
            "0": {
                "precision": 0.4961411245865491,
                "recall": 0.8522727272727273,
                "f1-score": 0.6271777003484321,
                "support": 528.0
            },
            "1": {
                "precision": 0.6231884057971014,
                "recall": 0.22013651877133106,
                "f1-score": 0.3253467843631778,
                "support": 586.0
            },
            "accuracy": 0.5197486535008977,
            "macro avg": {
                "precision": 0.5596647651918253,
                "recall": 0.5362046230220292,
                "f1-score": 0.47626224235580494,
                "support": 1114.0
            },
            "weighted avg": {
                "precision": 0.5629721001605021,
                "recall": 0.5197486535008977,
                "f1-score": 0.4684048845788101,
                "support": 1114.0
            }
        },
        "confusion_matrix": [
            [
                450,
                78
            ],
            [
                457,
                129
            ]
        ]
    }
}