{
    "timestamp": "2025-04-28 18:29:36",
    "training_history": {
        "accuracy": [
            0.5380306839942932,
            0.5809093713760376,
            0.6138567328453064,
            0.6495810747146606,
            0.6802692413330078,
            0.70648592710495,
            0.7442342042922974,
            0.7642379999160767,
            0.7793467044830322,
            0.7905958890914917,
            0.7993504405021667
        ],
        "loss": [
            0.738926351070404,
            0.6946071982383728,
            0.6677597761154175,
            0.643536388874054,
            0.6187759041786194,
            0.588002622127533,
            0.542744517326355,
            0.5138154029846191,
            0.49266567826271057,
            0.4748242497444153,
            0.46162697672843933
        ],
        "val_accuracy": [
            0.4859584867954254,
            0.5299145579338074,
            0.4493284523487091,
            0.45787546038627625,
            0.4713064730167389,
            0.4444444477558136,
            0.44688645005226135,
            0.4432234466075897,
            0.4615384638309479,
            0.47374847531318665,
            0.4652014672756195
        ],
        "val_loss": [
            0.7466428279876709,
            0.7677719593048096,
            0.8056693077087402,
            1.0851813554763794,
            0.9629476070404053,
            1.5880173444747925,
            1.6472368240356445,
            1.4417856931686401,
            1.64992094039917,
            1.355270504951477,
            1.4271788597106934
        ],
        "learning_rate": [
            0.0010000000474974513,
            0.0010000000474974513,
            0.0010000000474974513,
            0.0010000000474974513,
            0.0010000000474974513,
            0.0010000000474974513,
            0.0005000000237487257,
            0.0005000000237487257,
            0.0005000000237487257,
            0.0005000000237487257,
            0.0005000000237487257
        ]
    },
    "evaluation_metrics": {
        "accuracy": 0.44932844932844934,
        "precision": 0.4940840191886217,
        "recall": 0.44932844932844934,
        "f1": 0.3653820645464099,
        "classification_report": {
            "0": {
                "precision": 0.43654114365411434,
                "recall": 0.8694444444444445,
                "f1-score": 0.5812441968430826,
                "support": 360.0
            },
            "1": {
                "precision": 0.5392156862745098,
                "recall": 0.11982570806100218,
                "f1-score": 0.196078431372549,
                "support": 459.0
            },
            "accuracy": 0.44932844932844934,
            "macro avg": {
                "precision": 0.48787841496431206,
                "recall": 0.4946350762527233,
                "f1-score": 0.3886613141078158,
                "support": 819.0
            },
            "weighted avg": {
                "precision": 0.4940840191886217,
                "recall": 0.44932844932844934,
                "f1-score": 0.3653820645464099,
                "support": 819.0
            }
        },
        "confusion_matrix": [
            [
                313,
                47
            ],
            [
                404,
                55
            ]
        ]
    }
}