{
    "timestamp": "2025-04-28 18:32:43",
    "training_history": {
        "accuracy": [
            0.5566343069076538,
            0.606796145439148,
            0.653374969959259,
            0.6987979412078857,
            0.7224919199943542,
            0.7557790279388428,
            0.7924179434776306,
            0.8099861145019531,
            0.8195793032646179,
            0.8296347856521606,
            0.83830326795578
        ],
        "loss": [
            0.7485389113426208,
            0.6946098804473877,
            0.6530930399894714,
            0.6087644696235657,
            0.579128623008728,
            0.5448241829872131,
            0.4890010356903076,
            0.46725520491600037,
            0.44911298155784607,
            0.43086037039756775,
            0.413015753030777
        ],
        "val_accuracy": [
            0.48942598700523376,
            0.4984894394874573,
            0.4984894394874573,
            0.504531741142273,
            0.5468277931213379,
            0.5498489141464233,
            0.4984894394874573,
            0.5196374654769897,
            0.5287008881568909,
            0.5135951638221741,
            0.5287008881568909
        ],
        "val_loss": [
            0.7594708800315857,
            0.8048625588417053,
            0.863252580165863,
            0.8236455321311951,
            0.8645815253257751,
            0.9371046423912048,
            1.0446866750717163,
            1.0640367269515991,
            1.0517264604568481,
            1.0854252576828003,
            1.178491473197937
        ],
        "learning_rate": [
            0.0010000000474974513,
            0.0010000000474974513,
            0.0010000000474974513,
            0.0010000000474974513,
            0.0010000000474974513,
            0.0010000000474974513,
            0.0005000000237487257,
            0.0005000000237487257,
            0.0005000000237487257,
            0.0005000000237487257,
            0.0005000000237487257
        ]
    },
    "evaluation_metrics": {
        "accuracy": 0.48036253776435045,
        "precision": 0.5125102320472472,
        "recall": 0.48036253776435045,
        "f1": 0.4871857700032826,
        "classification_report": {
            "0": {
                "precision": 0.3699421965317919,
                "recall": 0.5039370078740157,
                "f1-score": 0.42666666666666664,
                "support": 127.0
            },
            "1": {
                "precision": 0.6012658227848101,
                "recall": 0.46568627450980393,
                "f1-score": 0.5248618784530387,
                "support": 204.0
            },
            "accuracy": 0.48036253776435045,
            "macro avg": {
                "precision": 0.485604009658301,
                "recall": 0.48481164119190984,
                "f1-score": 0.47576427255985265,
                "support": 331.0
            },
            "weighted avg": {
                "precision": 0.5125102320472472,
                "recall": 0.48036253776435045,
                "f1-score": 0.4871857700032826,
                "support": 331.0
            }
        },
        "confusion_matrix": [
            [
                64,
                63
            ],
            [
                109,
                95
            ]
        ]
    }
}