{
    "timestamp": "2025-04-28 18:34:32",
    "training_history": {
        "accuracy": [
            0.5629067420959473,
            0.6237647533416748,
            0.6702820062637329,
            0.7075198888778687,
            0.7545191645622253,
            0.7693420052528381,
            0.8120028972625732,
            0.8302000761032104,
            0.8446613550186157,
            0.8549047708511353,
            0.8614124059677124
        ],
        "loss": [
            0.7377693057060242,
            0.6803110241889954,
            0.6362460851669312,
            0.5937960743904114,
            0.5421364903450012,
            0.5134475827217102,
            0.4514703154563904,
            0.4238997995853424,
            0.39570701122283936,
            0.3813823163509369,
            0.36617517471313477
        ],
        "val_accuracy": [
            0.5477706789970398,
            0.5541401505470276,
            0.4904458522796631,
            0.5031847357749939,
            0.5350318551063538,
            0.46815288066864014,
            0.48089173436164856,
            0.46496814489364624,
            0.512738823890686,
            0.48089173436164856,
            0.4522292912006378
        ],
        "val_loss": [
            0.735765814781189,
            0.7371041774749756,
            0.7460191249847412,
            0.8309979438781738,
            0.8030341267585754,
            0.8878234028816223,
            0.9280309081077576,
            0.99395352602005,
            0.9338133931159973,
            1.091878056526184,
            1.0869601964950562
        ],
        "learning_rate": [
            0.0010000000474974513,
            0.0010000000474974513,
            0.0010000000474974513,
            0.0010000000474974513,
            0.0010000000474974513,
            0.0010000000474974513,
            0.0005000000237487257,
            0.0005000000237487257,
            0.0005000000237487257,
            0.0005000000237487257,
            0.0005000000237487257
        ]
    },
    "evaluation_metrics": {
        "accuracy": 0.6031746031746031,
        "precision": 0.6169182673454204,
        "recall": 0.6031746031746031,
        "f1": 0.5706301474480807,
        "classification_report": {
            "0": {
                "precision": 0.5901639344262295,
                "recall": 0.8520710059171598,
                "f1-score": 0.6973365617433414,
                "support": 169.0
            },
            "1": {
                "precision": 0.647887323943662,
                "recall": 0.3150684931506849,
                "f1-score": 0.423963133640553,
                "support": 146.0
            },
            "accuracy": 0.6031746031746031,
            "macro avg": {
                "precision": 0.6190256291849457,
                "recall": 0.5835697495339224,
                "f1-score": 0.5606498476919471,
                "support": 315.0
            },
            "weighted avg": {
                "precision": 0.6169182673454204,
                "recall": 0.6031746031746031,
                "f1-score": 0.5706301474480807,
                "support": 315.0
            }
        },
        "confusion_matrix": [
            [
                144,
                25
            ],
            [
                100,
                46
            ]
        ]
    }
}