{
    "timestamp": "2025-04-28 18:17:20",
    "training_history": {
        "accuracy": [
            0.5592213869094849,
            0.6206422448158264,
            0.6629825234413147,
            0.6944352984428406,
            0.7211591601371765,
            0.7474430799484253,
            0.7857142686843872,
            0.7961618900299072,
            0.8018805384635925,
            0.8145276308059692,
            0.8275596499443054
        ],
        "loss": [
            0.7411891222000122,
            0.6806195378303528,
            0.6408083438873291,
            0.6046257615089417,
            0.5747406482696533,
            0.5439470410346985,
            0.49365776777267456,
            0.47422826290130615,
            0.4565311670303345,
            0.43920600414276123,
            0.4234614372253418
        ],
        "val_accuracy": [
            0.4815905690193176,
            0.5022091269493103,
            0.5257731676101685,
            0.5007363557815552,
            0.5051546096801758,
            0.4977908730506897,
            0.4889543354511261,
            0.48748159408569336,
            0.4845360815525055,
            0.48306334018707275,
            0.48600882291793823
        ],
        "val_loss": [
            0.7415565848350525,
            0.8415234088897705,
            1.1154866218566895,
            1.007332444190979,
            1.1364868879318237,
            1.2682455778121948,
            1.1598293781280518,
            1.3710453510284424,
            1.338240146636963,
            1.3247085809707642,
            1.537515640258789
        ],
        "learning_rate": [
            0.0010000000474974513,
            0.0010000000474974513,
            0.0010000000474974513,
            0.0010000000474974513,
            0.0010000000474974513,
            0.0010000000474974513,
            0.0005000000237487257,
            0.0005000000237487257,
            0.0005000000237487257,
            0.0005000000237487257,
            0.0005000000237487257
        ]
    },
    "evaluation_metrics": {
        "accuracy": 0.5316642120765832,
        "precision": 0.545221984967718,
        "recall": 0.5316642120765832,
        "f1": 0.518512117615619,
        "classification_report": {
            "0": {
                "precision": 0.5796460176991151,
                "recall": 0.3700564971751412,
                "f1-score": 0.4517241379310345,
                "support": 354.0
            },
            "1": {
                "precision": 0.5077262693156733,
                "recall": 0.7076923076923077,
                "f1-score": 0.5912596401028278,
                "support": 325.0
            },
            "accuracy": 0.5316642120765832,
            "macro avg": {
                "precision": 0.5436861435073942,
                "recall": 0.5388744024337244,
                "f1-score": 0.5214918890169311,
                "support": 679.0
            },
            "weighted avg": {
                "precision": 0.545221984967718,
                "recall": 0.5316642120765832,
                "f1-score": 0.518512117615619,
                "support": 679.0
            }
        },
        "confusion_matrix": [
            [
                131,
                223
            ],
            [
                95,
                230
            ]
        ]
    }
}