{
    "timestamp": "2025-04-28 18:38:34",
    "training_history": {
        "accuracy": [
            0.5366976261138916,
            0.5582797527313232,
            0.5805760622024536,
            0.5998175144195557,
            0.6228278875350952,
            0.6405617594718933,
            0.6539316177368164,
            0.6808299422264099,
            0.6954296827316284,
            0.7092755436897278,
            0.7175275683403015,
            0.7293501496315002
        ],
        "loss": [
            0.739318311214447,
            0.6995527744293213,
            0.68186354637146,
            0.6675805449485779,
            0.6526057124137878,
            0.6397399306297302,
            0.6255674362182617,
            0.5957256555557251,
            0.5789331197738647,
            0.56639564037323,
            0.5541509985923767,
            0.5413665771484375
        ],
        "val_accuracy": [
            0.579154372215271,
            0.570304811000824,
            0.5486725568771362,
            0.5653883814811707,
            0.5555555820465088,
            0.5526056885719299,
            0.5663716793060303,
            0.5496558547019958,
            0.5349065661430359,
            0.5486725568771362,
            0.525073766708374,
            0.525073766708374
        ],
        "val_loss": [
            0.8098869919776917,
            0.8007045388221741,
            0.9565892815589905,
            0.8697769641876221,
            0.9668022394180298,
            0.8550448417663574,
            1.0031696557998657,
            1.118594765663147,
            1.0412354469299316,
            1.1138951778411865,
            1.1119977235794067,
            1.285825490951538
        ],
        "learning_rate": [
            0.0010000000474974513,
            0.0010000000474974513,
            0.0010000000474974513,
            0.0010000000474974513,
            0.0010000000474974513,
            0.0010000000474974513,
            0.0010000000474974513,
            0.0005000000237487257,
            0.0005000000237487257,
            0.0005000000237487257,
            0.0005000000237487257,
            0.0005000000237487257
        ]
    },
    "evaluation_metrics": {
        "accuracy": 0.56286836935167,
        "precision": 0.6081714685738804,
        "recall": 0.56286836935167,
        "f1": 0.4082343808585366,
        "classification_report": {
            "0": {
                "precision": 0.6666666666666666,
                "recall": 0.004484304932735426,
                "f1-score": 0.008908685968819599,
                "support": 446.0
            },
            "1": {
                "precision": 0.5625615763546798,
                "recall": 0.9982517482517482,
                "f1-score": 0.7195967233774417,
                "support": 572.0
            },
            "accuracy": 0.56286836935167,
            "macro avg": {
                "precision": 0.6146141215106733,
                "recall": 0.5013680265922418,
                "f1-score": 0.36425270467313065,
                "support": 1018.0
            },
            "weighted avg": {
                "precision": 0.6081714685738804,
                "recall": 0.56286836935167,
                "f1-score": 0.4082343808585366,
                "support": 1018.0
            }
        },
        "confusion_matrix": [
            [
                2,
                444
            ],
            [
                1,
                571
            ]
        ]
    }
}