{
    "timestamp": "2025-04-28 18:41:05",
    "training_history": {
        "accuracy": [
            0.5360116362571716,
            0.5720232725143433,
            0.5992075204849243,
            0.6297522187232971,
            0.658240556716919,
            0.684221088886261,
            0.7219881415367126,
            0.7438559532165527,
            0.7590029239654541,
            0.7696358561515808,
            0.7779616713523865
        ],
        "loss": [
            0.7447815537452698,
            0.6997008919715881,
            0.6765003800392151,
            0.6477088928222656,
            0.6204136610031128,
            0.5919647216796875,
            0.5485750436782837,
            0.5219180583953857,
            0.5088115334510803,
            0.491102933883667,
            0.47981539368629456
        ],
        "val_accuracy": [
            0.4532279372215271,
            0.4413702189922333,
            0.4848484992980957,
            0.4637681245803833,
            0.45586296916007996,
            0.4993412494659424,
            0.4993412494659424,
            0.49143609404563904,
            0.5019763112068176,
            0.5270092487335205,
            0.49802371859550476
        ],
        "val_loss": [
            0.7491068840026855,
            0.7771705389022827,
            0.7755764722824097,
            0.8307775259017944,
            0.8617756366729736,
            0.9316325783729553,
            1.0215764045715332,
            1.1343237161636353,
            1.138977289199829,
            1.1528929471969604,
            1.176085114479065
        ],
        "learning_rate": [
            0.0010000000474974513,
            0.0010000000474974513,
            0.0010000000474974513,
            0.0010000000474974513,
            0.0010000000474974513,
            0.0010000000474974513,
            0.0005000000237487257,
            0.0005000000237487257,
            0.0005000000237487257,
            0.0005000000237487257,
            0.0005000000237487257
        ]
    },
    "evaluation_metrics": {
        "accuracy": 0.5375494071146245,
        "precision": 0.5569736683942953,
        "recall": 0.5375494071146245,
        "f1": 0.5103947041015318,
        "classification_report": {
            "0": {
                "precision": 0.516994633273703,
                "recall": 0.7810810810810811,
                "f1-score": 0.6221743810548978,
                "support": 370.0
            },
            "1": {
                "precision": 0.595,
                "recall": 0.3059125964010283,
                "f1-score": 0.4040747028862479,
                "support": 389.0
            },
            "accuracy": 0.5375494071146245,
            "macro avg": {
                "precision": 0.5559973166368515,
                "recall": 0.5434968387410547,
                "f1-score": 0.5131245419705728,
                "support": 759.0
            },
            "weighted avg": {
                "precision": 0.5569736683942953,
                "recall": 0.5375494071146245,
                "f1-score": 0.5103947041015318,
                "support": 759.0
            }
        },
        "confusion_matrix": [
            [
                289,
                81
            ],
            [
                270,
                119
            ]
        ]
    }
}