{
    "timestamp": "2025-04-28 18:53:30",
    "training_history": {
        "accuracy": [
            0.5755375027656555,
            0.6169862747192383,
            0.6517528295516968,
            0.6860352754592896,
            0.7092775702476501,
            0.7359093427658081,
            0.7700949311256409,
            0.7826845049858093,
            0.7975983023643494,
            0.8055394291877747,
            0.815030038356781
        ],
        "loss": [
            0.7365244030952454,
            0.6839772462844849,
            0.6449670195579529,
            0.6131060123443604,
            0.5799931287765503,
            0.5521894693374634,
            0.5081499218940735,
            0.48867619037628174,
            0.4705398976802826,
            0.4551704227924347,
            0.4411511719226837
        ],
        "val_accuracy": [
            0.4677419364452362,
            0.49193549156188965,
            0.43817204236984253,
            0.49462366104125977,
            0.49193549156188965,
            0.5215053558349609,
            0.5053763389587402,
            0.5080645084381104,
            0.5053763389587402,
            0.5134408473968506,
            0.47580644488334656
        ],
        "val_loss": [
            0.7899640798568726,
            0.9002828001976013,
            0.8843637108802795,
            0.8261870741844177,
            1.0675833225250244,
            0.99437016248703,
            1.1215412616729736,
            1.1329442262649536,
            1.34036123752594,
            1.2449971437454224,
            1.3199745416641235
        ],
        "learning_rate": [
            0.0010000000474974513,
            0.0010000000474974513,
            0.0010000000474974513,
            0.0010000000474974513,
            0.0010000000474974513,
            0.0010000000474974513,
            0.0005000000237487257,
            0.0005000000237487257,
            0.0005000000237487257,
            0.0005000000237487257,
            0.0005000000237487257
        ]
    },
    "evaluation_metrics": {
        "accuracy": 0.4718498659517426,
        "precision": 0.4657240790716018,
        "recall": 0.4718498659517426,
        "f1": 0.44927477754671935,
        "classification_report": {
            "0": {
                "precision": 0.48091603053435117,
                "recall": 0.6737967914438503,
                "f1-score": 0.5612472160356348,
                "support": 187.0
            },
            "1": {
                "precision": 0.45045045045045046,
                "recall": 0.26881720430107525,
                "f1-score": 0.33670033670033667,
                "support": 186.0
            },
            "accuracy": 0.4718498659517426,
            "macro avg": {
                "precision": 0.46568324049240084,
                "recall": 0.4713069978724628,
                "f1-score": 0.44897377636798574,
                "support": 373.0
            },
            "weighted avg": {
                "precision": 0.4657240790716018,
                "recall": 0.4718498659517426,
                "f1-score": 0.44927477754671935,
                "support": 373.0
            }
        },
        "confusion_matrix": [
            [
                126,
                61
            ],
            [
                136,
                50
            ]
        ]
    }
}