{
    "timestamp": "2025-04-28 18:41:58",
    "training_history": {
        "accuracy": [
            0.5211560130119324,
            0.5563845634460449,
            0.5941317081451416,
            0.6295491456985474,
            0.6649666428565979,
            0.6922931671142578,
            0.7293477058410645,
            0.7505037188529968,
            0.7634743452072144,
            0.7742727398872375,
            0.7829618453979492
        ],
        "loss": [
            0.7301092147827148,
            0.6938862800598145,
            0.6748307943344116,
            0.6535794734954834,
            0.6279810667037964,
            0.6029518246650696,
            0.5559459924697876,
            0.5317112803459167,
            0.5146659016609192,
            0.4972033202648163,
            0.4852558970451355
        ],
        "val_accuracy": [
            0.4287925660610199,
            0.4311145544052124,
            0.43885448575019836,
            0.45123839378356934,
            0.42182663083076477,
            0.4589783251285553,
            0.4249226152896881,
            0.4334365427494049,
            0.44969040155410767,
            0.43808048963546753,
            0.42105263471603394
        ],
        "val_loss": [
            0.740655779838562,
            1.0486639738082886,
            1.3716118335723877,
            1.8603534698486328,
            2.301699161529541,
            1.6095383167266846,
            1.5137262344360352,
            1.581177830696106,
            1.4777809381484985,
            1.2953678369522095,
            1.5912753343582153
        ],
        "learning_rate": [
            0.0010000000474974513,
            0.0010000000474974513,
            0.0010000000474974513,
            0.0010000000474974513,
            0.0010000000474974513,
            0.0010000000474974513,
            0.0005000000237487257,
            0.0005000000237487257,
            0.0005000000237487257,
            0.0005000000237487257,
            0.0005000000237487257
        ]
    },
    "evaluation_metrics": {
        "accuracy": 0.456656346749226,
        "precision": 0.20853501902634933,
        "recall": 0.456656346749226,
        "f1": 0.28632013239324483,
        "classification_report": {
            "0": {
                "precision": 0.456656346749226,
                "recall": 1.0,
                "f1-score": 0.6269925611052073,
                "support": 590.0
            },
            "1": {
                "precision": 0.0,
                "recall": 0.0,
                "f1-score": 0.0,
                "support": 702.0
            },
            "accuracy": 0.456656346749226,
            "macro avg": {
                "precision": 0.228328173374613,
                "recall": 0.5,
                "f1-score": 0.31349628055260365,
                "support": 1292.0
            },
            "weighted avg": {
                "precision": 0.20853501902634933,
                "recall": 0.456656346749226,
                "f1-score": 0.28632013239324483,
                "support": 1292.0
            }
        },
        "confusion_matrix": [
            [
                590,
                0
            ],
            [
                702,
                0
            ]
        ]
    }
}