{
    "timestamp": "2025-04-28 18:26:54",
    "training_history": {
        "accuracy": [
            0.5517271161079407,
            0.6035405993461609,
            0.6385146975517273,
            0.670120894908905,
            0.7006908655166626,
            0.7320380210876465,
            0.7747840881347656,
            0.7864421606063843,
            0.8043177723884583,
            0.8170984387397766,
            0.821588933467865
        ],
        "loss": [
            0.7522489428520203,
            0.701034426689148,
            0.6592807173728943,
            0.620696485042572,
            0.5855852961540222,
            0.556361734867096,
            0.4985817074775696,
            0.48443254828453064,
            0.46378931403160095,
            0.4441119432449341,
            0.4302183985710144
        ],
        "val_accuracy": [
            0.5481481552124023,
            0.5185185074806213,
            0.5135802626609802,
            0.5234568119049072,
            0.4962962865829468,
            0.48641976714134216,
            0.47654321789741516,
            0.47654321789741516,
            0.4987654387950897,
            0.5111111402511597,
            0.4962962865829468
        ],
        "val_loss": [
            0.7825456261634827,
            0.8104110360145569,
            0.8600772619247437,
            0.8758202195167542,
            1.0063934326171875,
            1.0144151449203491,
            0.9516860246658325,
            1.02682363986969,
            1.06369948387146,
            1.034280776977539,
            1.0670826435089111
        ],
        "learning_rate": [
            0.0010000000474974513,
            0.0010000000474974513,
            0.0010000000474974513,
            0.0010000000474974513,
            0.0010000000474974513,
            0.0010000000474974513,
            0.0005000000237487257,
            0.0005000000237487257,
            0.0005000000237487257,
            0.0005000000237487257,
            0.0005000000237487257
        ]
    },
    "evaluation_metrics": {
        "accuracy": 0.42962962962962964,
        "precision": 0.4248870607674594,
        "recall": 0.42962962962962964,
        "f1": 0.4187326592555351,
        "classification_report": {
            "0": {
                "precision": 0.40816326530612246,
                "recall": 0.29411764705882354,
                "f1-score": 0.3418803418803419,
                "support": 204.0
            },
            "1": {
                "precision": 0.4418604651162791,
                "recall": 0.5671641791044776,
                "f1-score": 0.4967320261437908,
                "support": 201.0
            },
            "accuracy": 0.42962962962962964,
            "macro avg": {
                "precision": 0.42501186521120077,
                "recall": 0.43064091308165053,
                "f1-score": 0.4193061840120663,
                "support": 405.0
            },
            "weighted avg": {
                "precision": 0.4248870607674594,
                "recall": 0.42962962962962964,
                "f1-score": 0.4187326592555351,
                "support": 405.0
            }
        },
        "confusion_matrix": [
            [
                60,
                144
            ],
            [
                87,
                114
            ]
        ]
    }
}