{
    "timestamp": "2025-04-28 18:42:21",
    "training_history": {
        "accuracy": [
            0.5488775372505188,
            0.6010230183601379,
            0.6540210247039795,
            0.6822250485420227,
            0.7166808843612671,
            0.7396277189254761,
            0.7782750725746155,
            0.7929099202156067,
            0.8106706738471985,
            0.8136544227600098,
            0.8248792290687561
        ],
        "loss": [
            0.7424960136413574,
            0.6910130977630615,
            0.6535598039627075,
            0.6208994388580322,
            0.5837000608444214,
            0.5498507022857666,
            0.4998832941055298,
            0.4742417633533478,
            0.45326370000839233,
            0.4417552351951599,
            0.4271621108055115
        ],
        "val_accuracy": [
            0.5355286002159119,
            0.5147313475608826,
            0.49393415451049805,
            0.5008665323257446,
            0.5043327808380127,
            0.49393415451049805,
            0.5043327808380127,
            0.48526862263679504,
            0.5025996565818787,
            0.5008665323257446,
            0.506065845489502
        ],
        "val_loss": [
            0.7789055705070496,
            0.9930089116096497,
            0.8130597472190857,
            1.0983128547668457,
            0.818628191947937,
            1.0270732641220093,
            1.006885290145874,
            1.2701616287231445,
            1.1220581531524658,
            1.369634985923767,
            1.1963692903518677
        ],
        "learning_rate": [
            0.0010000000474974513,
            0.0010000000474974513,
            0.0010000000474974513,
            0.0010000000474974513,
            0.0010000000474974513,
            0.0010000000474974513,
            0.0005000000237487257,
            0.0005000000237487257,
            0.0005000000237487257,
            0.0005000000237487257,
            0.0005000000237487257
        ]
    },
    "evaluation_metrics": {
        "accuracy": 0.5147313691507799,
        "precision": 0.47210178450397333,
        "recall": 0.5147313691507799,
        "f1": 0.47475871454776264,
        "classification_report": {
            "0": {
                "precision": 0.3464566929133858,
                "recall": 0.1825726141078838,
                "f1-score": 0.23913043478260868,
                "support": 241.0
            },
            "1": {
                "precision": 0.5622222222222222,
                "recall": 0.7529761904761905,
                "f1-score": 0.643765903307888,
                "support": 336.0
            },
            "accuracy": 0.5147313691507799,
            "macro avg": {
                "precision": 0.45433945756780403,
                "recall": 0.46777440229203715,
                "f1-score": 0.4414481690452483,
                "support": 577.0
            },
            "weighted avg": {
                "precision": 0.47210178450397333,
                "recall": 0.5147313691507799,
                "f1-score": 0.47475871454776264,
                "support": 577.0
            }
        },
        "confusion_matrix": [
            [
                44,
                197
            ],
            [
                83,
                253
            ]
        ]
    }
}