{
    "timestamp": "2025-04-28 18:24:55",
    "training_history": {
        "accuracy": [
            0.5157080888748169,
            0.5478354692459106,
            0.5788187980651855,
            0.6177798509597778,
            0.6533704400062561,
            0.6793444752693176,
            0.7145330905914307,
            0.7315399050712585,
            0.7455163598060608,
            0.756338894367218,
            0.7659245729446411
        ],
        "loss": [
            0.7345766425132751,
            0.6971138119697571,
            0.6810712218284607,
            0.6565736532211304,
            0.6269502639770508,
            0.6027878522872925,
            0.5608645677566528,
            0.5408557057380676,
            0.521908700466156,
            0.5087407827377319,
            0.4922228455543518
        ],
        "val_accuracy": [
            0.5587786436080933,
            0.556488573551178,
            0.5068702101707458,
            0.4832060933113098,
            0.5244274735450745,
            0.5114504098892212,
            0.512977123260498,
            0.518320620059967,
            0.512977123260498,
            0.5335878133773804,
            0.510686993598938
        ],
        "val_loss": [
            0.7221964597702026,
            0.7419590353965759,
            0.7597381472587585,
            0.8358341455459595,
            0.7805757522583008,
            0.7723888158798218,
            0.8696408271789551,
            0.8511840105056763,
            0.8975730538368225,
            0.8866537809371948,
            0.9461914300918579
        ],
        "learning_rate": [
            0.0010000000474974513,
            0.0010000000474974513,
            0.0010000000474974513,
            0.0010000000474974513,
            0.0010000000474974513,
            0.0010000000474974513,
            0.0005000000237487257,
            0.0005000000237487257,
            0.0005000000237487257,
            0.0005000000237487257,
            0.0005000000237487257
        ]
    },
    "evaluation_metrics": {
        "accuracy": 0.5636918382913806,
        "precision": 0.5360676386952723,
        "recall": 0.5636918382913806,
        "f1": 0.41047552324883185,
        "classification_report": {
            "0": {
                "precision": 0.5,
                "recall": 0.005244755244755245,
                "f1-score": 0.010380622837370243,
                "support": 572.0
            },
            "1": {
                "precision": 0.563984674329502,
                "recall": 0.9959404600811907,
                "f1-score": 0.7201565557729942,
                "support": 739.0
            },
            "accuracy": 0.5636918382913806,
            "macro avg": {
                "precision": 0.531992337164751,
                "recall": 0.500592607662973,
                "f1-score": 0.36526858930518225,
                "support": 1311.0
            },
            "weighted avg": {
                "precision": 0.5360676386952723,
                "recall": 0.5636918382913806,
                "f1-score": 0.41047552324883185,
                "support": 1311.0
            }
        },
        "confusion_matrix": [
            [
                3,
                569
            ],
            [
                3,
                736
            ]
        ]
    }
}