{
    "timestamp": "2025-04-28 18:40:34",
    "training_history": {
        "accuracy": [
            0.5429822206497192,
            0.5889447927474976,
            0.6282480955123901,
            0.6665735244750977,
            0.6940486431121826,
            0.7189624905586243,
            0.7530502080917358,
            0.7690230011940002,
            0.7799664735794067,
            0.7928192019462585,
            0.80134117603302
        ],
        "loss": [
            0.734535813331604,
            0.6917845606803894,
            0.6601251363754272,
            0.6315856575965881,
            0.6009699702262878,
            0.573224663734436,
            0.5216634273529053,
            0.49791932106018066,
            0.4854205846786499,
            0.4669497609138489,
            0.45405954122543335
        ],
        "val_accuracy": [
            0.4299401342868805,
            0.4395209550857544,
            0.46467065811157227,
            0.42514970898628235,
            0.4502994120121002,
            0.443113774061203,
            0.4335329234600067,
            0.4586826264858246,
            0.44071856141090393,
            0.4335329234600067,
            0.44191616773605347
        ],
        "val_loss": [
            0.8098849654197693,
            0.858429491519928,
            0.89667809009552,
            1.2052981853485107,
            1.221798062324524,
            1.5151218175888062,
            2.079367160797119,
            2.136641502380371,
            1.3890589475631714,
            2.1499743461608887,
            2.459547996520996
        ],
        "learning_rate": [
            0.0010000000474974513,
            0.0010000000474974513,
            0.0010000000474974513,
            0.0010000000474974513,
            0.0010000000474974513,
            0.0010000000474974513,
            0.0005000000237487257,
            0.0005000000237487257,
            0.0005000000237487257,
            0.0005000000237487257,
            0.0005000000237487257
        ]
    },
    "evaluation_metrics": {
        "accuracy": 0.47065868263473054,
        "precision": 0.22151959553946002,
        "recall": 0.47065868263473054,
        "f1": 0.30125221868965646,
        "classification_report": {
            "0": {
                "precision": 0.47065868263473054,
                "recall": 1.0,
                "f1-score": 0.6400651465798045,
                "support": 393.0
            },
            "1": {
                "precision": 0.0,
                "recall": 0.0,
                "f1-score": 0.0,
                "support": 442.0
            },
            "accuracy": 0.47065868263473054,
            "macro avg": {
                "precision": 0.23532934131736527,
                "recall": 0.5,
                "f1-score": 0.32003257328990226,
                "support": 835.0
            },
            "weighted avg": {
                "precision": 0.22151959553946002,
                "recall": 0.47065868263473054,
                "f1-score": 0.30125221868965646,
                "support": 835.0
            }
        },
        "confusion_matrix": [
            [
                393,
                0
            ],
            [
                442,
                0
            ]
        ]
    }
}