{
    "timestamp": "2025-04-28 18:51:18",
    "training_history": {
        "accuracy": [
            0.5296991467475891,
            0.5600185990333557,
            0.5927936434745789,
            0.6245089173316956,
            0.652657151222229,
            0.6795130372047424,
            0.7133477926254272,
            0.7316222190856934,
            0.7441842555999756,
            0.7541873455047607,
            0.7650951147079468
        ],
        "loss": [
            0.7299758791923523,
            0.6948307752609253,
            0.6793556213378906,
            0.6611630916595459,
            0.6398378014564514,
            0.6170035600662231,
            0.5778679251670837,
            0.5548422932624817,
            0.5409834384918213,
            0.5241913795471191,
            0.5119697451591492
        ],
        "val_accuracy": [
            0.5840764045715332,
            0.5509554147720337,
            0.5388535261154175,
            0.4210191071033478,
            0.5350318551063538,
            0.4401274025440216,
            0.45095542073249817,
            0.5292993783950806,
            0.46496814489364624,
            0.48025476932525635,
            0.49872612953186035
        ],
        "val_loss": [
            0.7134353518486023,
            0.7759469151496887,
            0.7926377654075623,
            0.9783282279968262,
            0.7713400721549988,
            0.7689855098724365,
            0.7755407094955444,
            1.0447015762329102,
            0.9013566374778748,
            0.9240077137947083,
            0.8109675645828247
        ],
        "learning_rate": [
            0.0010000000474974513,
            0.0010000000474974513,
            0.0010000000474974513,
            0.0010000000474974513,
            0.0010000000474974513,
            0.0010000000474974513,
            0.0005000000237487257,
            0.0005000000237487257,
            0.0005000000237487257,
            0.0005000000237487257,
            0.0005000000237487257
        ]
    },
    "evaluation_metrics": {
        "accuracy": 0.49840865690642905,
        "precision": 0.5518068384086748,
        "recall": 0.49840865690642905,
        "f1": 0.3620511604059629,
        "classification_report": {
            "0": {
                "precision": 0.6071428571428571,
                "recall": 0.0425,
                "f1-score": 0.07943925233644861,
                "support": 800.0
            },
            "1": {
                "precision": 0.49438943894389437,
                "recall": 0.9714656290531777,
                "f1-score": 0.6552930883639545,
                "support": 771.0
            },
            "accuracy": 0.49840865690642905,
            "macro avg": {
                "precision": 0.5507661480433758,
                "recall": 0.5069828145265889,
                "f1-score": 0.3673661703502016,
                "support": 1571.0
            },
            "weighted avg": {
                "precision": 0.5518068384086748,
                "recall": 0.49840865690642905,
                "f1-score": 0.3620511604059629,
                "support": 1571.0
            }
        },
        "confusion_matrix": [
            [
                34,
                766
            ],
            [
                22,
                749
            ]
        ]
    }
}