{
    "timestamp": "2025-04-28 18:44:46",
    "training_history": {
        "accuracy": [
            0.5212581753730774,
            0.5539630651473999,
            0.5773374438285828,
            0.5977939963340759,
            0.6248236298561096,
            0.6410478353500366,
            0.6580094695091248,
            0.6875400543212891,
            0.7015518546104431,
            0.7144414782524109,
            0.7218801975250244,
            0.7300243973731995
        ],
        "loss": [
            0.7451260685920715,
            0.7044044137001038,
            0.6833206415176392,
            0.6697103977203369,
            0.6471907496452332,
            0.6313116550445557,
            0.6145603656768799,
            0.5795336961746216,
            0.5610268115997314,
            0.5522822141647339,
            0.54051274061203,
            0.5297274589538574
        ],
        "val_accuracy": [
            0.5030959844589233,
            0.5247678160667419,
            0.5394737124443054,
            0.5371516942977905,
            0.5487616062164307,
            0.5317337512969971,
            0.5239937901496887,
            0.5201238393783569,
            0.5441176295280457,
            0.5503095984458923,
            0.5317337512969971,
            0.5239937901496887
        ],
        "val_loss": [
            0.721275269985199,
            0.713596522808075,
            0.7284362316131592,
            0.7427240014076233,
            0.7765936255455017,
            0.7890931367874146,
            0.7965851426124573,
            0.8535101413726807,
            0.8627440929412842,
            0.8898993730545044,
            0.9135934710502625,
            0.9724323153495789
        ],
        "learning_rate": [
            0.0010000000474974513,
            0.0010000000474974513,
            0.0010000000474974513,
            0.0010000000474974513,
            0.0010000000474974513,
            0.0010000000474974513,
            0.0010000000474974513,
            0.0005000000237487257,
            0.0005000000237487257,
            0.0005000000237487257,
            0.0005000000237487257,
            0.0005000000237487257
        ]
    },
    "evaluation_metrics": {
        "accuracy": 0.4907120743034056,
        "precision": 0.4920191650860363,
        "recall": 0.4907120743034056,
        "f1": 0.4912239682345699,
        "classification_report": {
            "0": {
                "precision": 0.4507269789983845,
                "recall": 0.46733668341708545,
                "f1-score": 0.4588815789473685,
                "support": 597.0
            },
            "1": {
                "precision": 0.5274888558692422,
                "recall": 0.5107913669064749,
                "f1-score": 0.5190058479532164,
                "support": 695.0
            },
            "accuracy": 0.4907120743034056,
            "macro avg": {
                "precision": 0.4891079174338133,
                "recall": 0.48906402516178016,
                "f1-score": 0.4889437134502924,
                "support": 1292.0
            },
            "weighted avg": {
                "precision": 0.4920191650860363,
                "recall": 0.4907120743034056,
                "f1-score": 0.4912239682345699,
                "support": 1292.0
            }
        },
        "confusion_matrix": [
            [
                279,
                318
            ],
            [
                340,
                355
            ]
        ]
    }
}