{
    "timestamp": "2025-04-28 18:43:50",
    "training_history": {
        "accuracy": [
            0.5313494205474854,
            0.5680329203605652,
            0.6068688035011292,
            0.6358787417411804,
            0.6724686622619629,
            0.702975869178772,
            0.7410630583763123,
            0.7590928673744202,
            0.7764988541603088,
            0.7853577733039856,
            0.7923139333724976
        ],
        "loss": [
            0.7308197617530823,
            0.692327082157135,
            0.6671193838119507,
            0.6464553475379944,
            0.6185448169708252,
            0.590248703956604,
            0.5390409827232361,
            0.5154342651367188,
            0.49686452746391296,
            0.4817570447921753,
            0.46847397089004517
        ],
        "val_accuracy": [
            0.486821711063385,
            0.49147287011146545,
            0.5186046361923218,
            0.5201550126075745,
            0.539534866809845,
            0.5589147210121155,
            0.5201550126075745,
            0.5279069542884827,
            0.5186046361923218,
            0.5178294777870178,
            0.5302325487136841
        ],
        "val_loss": [
            0.7433947920799255,
            0.7554415464401245,
            0.7724515795707703,
            0.8126837015151978,
            0.9372357130050659,
            0.7488256692886353,
            0.892575740814209,
            0.9094352126121521,
            0.9967824816703796,
            0.9156123399734497,
            1.0436004400253296
        ],
        "learning_rate": [
            0.0010000000474974513,
            0.0010000000474974513,
            0.0010000000474974513,
            0.0010000000474974513,
            0.0010000000474974513,
            0.0010000000474974513,
            0.0005000000237487257,
            0.0005000000237487257,
            0.0005000000237487257,
            0.0005000000237487257,
            0.0005000000237487257
        ]
    },
    "evaluation_metrics": {
        "accuracy": 0.49341595662277304,
        "precision": 0.49419840721846375,
        "recall": 0.49341595662277304,
        "f1": 0.49070641874894083,
        "classification_report": {
            "0": {
                "precision": 0.4891891891891892,
                "recall": 0.567398119122257,
                "f1-score": 0.5253991291727141,
                "support": 638.0
            },
            "1": {
                "precision": 0.49909255898366606,
                "recall": 0.4211332312404288,
                "f1-score": 0.4568106312292358,
                "support": 653.0
            },
            "accuracy": 0.49341595662277304,
            "macro avg": {
                "precision": 0.4941408740864276,
                "recall": 0.4942656751813429,
                "f1-score": 0.491104880200975,
                "support": 1291.0
            },
            "weighted avg": {
                "precision": 0.49419840721846375,
                "recall": 0.49341595662277304,
                "f1-score": 0.49070641874894083,
                "support": 1291.0
            }
        },
        "confusion_matrix": [
            [
                362,
                276
            ],
            [
                378,
                275
            ]
        ]
    }
}