{
    "timestamp": "2025-04-28 18:45:29",
    "training_history": {
        "accuracy": [
            0.5431201457977295,
            0.5841905474662781,
            0.6276088356971741,
            0.6646913886070251,
            0.6967799663543701,
            0.7223091721534729,
            0.7598017454147339,
            0.7779144048690796,
            0.7927101850509644,
            0.8015429377555847,
            0.8116055727005005
        ],
        "loss": [
            0.7370928525924683,
            0.6920303106307983,
            0.66346275806427,
            0.633783757686615,
            0.6051713228225708,
            0.5760148763656616,
            0.52437824010849,
            0.5015309453010559,
            0.48451530933380127,
            0.46840980648994446,
            0.4559233486652374
        ],
        "val_accuracy": [
            0.5219011902809143,
            0.5135135054588318,
            0.48089468479156494,
            0.50232994556427,
            0.5051258206367493,
            0.4482758641242981,
            0.5452003479003906,
            0.5051258206367493,
            0.46784716844558716,
            0.5144454836845398,
            0.501397967338562
        ],
        "val_loss": [
            0.7216581702232361,
            0.730737566947937,
            0.7458102107048035,
            0.8331053853034973,
            0.8364076018333435,
            1.0667927265167236,
            0.8727819919586182,
            0.9512316584587097,
            0.9506672620773315,
            0.8961964845657349,
            0.9872196912765503
        ],
        "learning_rate": [
            0.0010000000474974513,
            0.0010000000474974513,
            0.0010000000474974513,
            0.0010000000474974513,
            0.0010000000474974513,
            0.0010000000474974513,
            0.0005000000237487257,
            0.0005000000237487257,
            0.0005000000237487257,
            0.0005000000237487257,
            0.0005000000237487257
        ]
    },
    "evaluation_metrics": {
        "accuracy": 0.548928238583411,
        "precision": 0.5567846928517943,
        "recall": 0.548928238583411,
        "f1": 0.5423921035357624,
        "classification_report": {
            "0": {
                "precision": 0.5847665847665847,
                "recall": 0.43037974683544306,
                "f1-score": 0.49583333333333335,
                "support": 553.0
            },
            "1": {
                "precision": 0.527027027027027,
                "recall": 0.675,
                "f1-score": 0.5919055649241147,
                "support": 520.0
            },
            "accuracy": 0.548928238583411,
            "macro avg": {
                "precision": 0.5558968058968059,
                "recall": 0.5526898734177216,
                "f1-score": 0.543869449128724,
                "support": 1073.0
            },
            "weighted avg": {
                "precision": 0.5567846928517943,
                "recall": 0.548928238583411,
                "f1-score": 0.5423921035357624,
                "support": 1073.0
            }
        },
        "confusion_matrix": [
            [
                238,
                315
            ],
            [
                169,
                351
            ]
        ]
    }
}