{
    "timestamp": "2025-04-28 18:47:34",
    "training_history": {
        "accuracy": [
            0.5523138642311096,
            0.5937709808349609,
            0.6333836317062378,
            0.6630197763442993,
            0.6943326592445374,
            0.7242622375488281,
            0.7408618330955505,
            0.7670187950134277,
            0.7853789329528809,
            0.793091893196106,
            0.802774965763092,
            0.8104879260063171
        ],
        "loss": [
            0.7369662523269653,
            0.6884494423866272,
            0.655938982963562,
            0.6277528405189514,
            0.5942910313606262,
            0.5689768195152283,
            0.5440245866775513,
            0.5069103837013245,
            0.4818721115589142,
            0.4662208557128906,
            0.454512357711792,
            0.4429258704185486
        ],
        "val_accuracy": [
            0.4121827483177185,
            0.4091370701789856,
            0.40406090021133423,
            0.40406090021133423,
            0.40406090021133423,
            0.4091370701789856,
            0.4152284264564514,
            0.4121827483177185,
            0.4172588884830475,
            0.4233502447605133,
            0.42233502864837646,
            0.4111675024032593
        ],
        "val_loss": [
            0.7594646215438843,
            0.7381650805473328,
            0.9151920080184937,
            0.793441891670227,
            0.7617117762565613,
            0.8133723139762878,
            0.7942467927932739,
            0.8101224303245544,
            0.7864097356796265,
            0.8213680386543274,
            0.7903305292129517,
            0.8007159233093262
        ],
        "learning_rate": [
            0.0010000000474974513,
            0.0010000000474974513,
            0.0010000000474974513,
            0.0010000000474974513,
            0.0010000000474974513,
            0.0010000000474974513,
            0.0010000000474974513,
            0.0005000000237487257,
            0.0005000000237487257,
            0.0005000000237487257,
            0.0005000000237487257,
            0.0005000000237487257
        ]
    },
    "evaluation_metrics": {
        "accuracy": 0.5273833671399595,
        "precision": 0.2781332159358813,
        "recall": 0.5273833671399595,
        "f1": 0.3641956851431327,
        "classification_report": {
            "0": {
                "precision": 0.5273833671399595,
                "recall": 1.0,
                "f1-score": 0.6905710491367862,
                "support": 520.0
            },
            "1": {
                "precision": 0.0,
                "recall": 0.0,
                "f1-score": 0.0,
                "support": 466.0
            },
            "accuracy": 0.5273833671399595,
            "macro avg": {
                "precision": 0.26369168356997974,
                "recall": 0.5,
                "f1-score": 0.3452855245683931,
                "support": 986.0
            },
            "weighted avg": {
                "precision": 0.2781332159358813,
                "recall": 0.5273833671399595,
                "f1-score": 0.3641956851431327,
                "support": 986.0
            }
        },
        "confusion_matrix": [
            [
                520,
                0
            ],
            [
                466,
                0
            ]
        ]
    }
}