{
    "timestamp": "2025-04-28 18:46:23",
    "training_history": {
        "accuracy": [
            0.5352016687393188,
            0.5747649073600769,
            0.6079249978065491,
            0.6464983820915222,
            0.6798750162124634,
            0.7055184245109558,
            0.74693763256073,
            0.7600841522216797,
            0.7781489491462708,
            0.7891610860824585,
            0.7961210012435913
        ],
        "loss": [
            0.7311952114105225,
            0.6923083662986755,
            0.6681999564170837,
            0.6430498361587524,
            0.6119580864906311,
            0.5840759873390198,
            0.5338188409805298,
            0.5130860805511475,
            0.4921105206012726,
            0.47703003883361816,
            0.4659220576286316
        ],
        "val_accuracy": [
            0.5595975518226624,
            0.5247678160667419,
            0.45588234066963196,
            0.5077399611473083,
            0.41718265414237976,
            0.4349845349788666,
            0.4845201373100281,
            0.43885448575019836,
            0.47136223316192627,
            0.5085139274597168,
            0.4806501567363739
        ],
        "val_loss": [
            0.7085119485855103,
            0.716964602470398,
            0.7166382074356079,
            0.7305235266685486,
            0.8773277401924133,
            0.7600044012069702,
            0.7724453210830688,
            0.7620545625686646,
            0.7553908228874207,
            0.7809498310089111,
            0.7675021886825562
        ],
        "learning_rate": [
            0.0010000000474974513,
            0.0010000000474974513,
            0.0010000000474974513,
            0.0010000000474974513,
            0.0010000000474974513,
            0.0010000000474974513,
            0.0005000000237487257,
            0.0005000000237487257,
            0.0005000000237487257,
            0.0005000000237487257,
            0.0005000000237487257
        ]
    },
    "evaluation_metrics": {
        "accuracy": 0.5371517027863777,
        "precision": 0.5244749818450025,
        "recall": 0.5371517027863777,
        "f1": 0.47298033965752273,
        "classification_report": {
            "0": {
                "precision": 0.5025125628140703,
                "recall": 0.1669449081803005,
                "f1-score": 0.2506265664160401,
                "support": 599.0
            },
            "1": {
                "precision": 0.5434583714547118,
                "recall": 0.8571428571428571,
                "f1-score": 0.6651735722284434,
                "support": 693.0
            },
            "accuracy": 0.5371517027863777,
            "macro avg": {
                "precision": 0.522985467134391,
                "recall": 0.5120438826615787,
                "f1-score": 0.45790006932224175,
                "support": 1292.0
            },
            "weighted avg": {
                "precision": 0.5244749818450025,
                "recall": 0.5371517027863777,
                "f1-score": 0.47298033965752273,
                "support": 1292.0
            }
        },
        "confusion_matrix": [
            [
                100,
                499
            ],
            [
                99,
                594
            ]
        ]
    }
}