{
    "timestamp": "2025-04-28 20:10:39",
    "training_history": {
        "accuracy": [
            0.5293061137199402,
            0.5702659487724304,
            0.6059529185295105,
            0.6353354454040527,
            0.6644887924194336,
            0.687222957611084,
            0.7230628132820129,
            0.7352514266967773,
            0.7501528263092041,
            0.7591701149940491,
            0.770250678062439
        ],
        "loss": [
            0.741497814655304,
            0.6975009441375732,
            0.6719673871994019,
            0.6464453935623169,
            0.6208056807518005,
            0.5976787805557251,
            0.5570640563964844,
            0.5367801189422607,
            0.5187320709228516,
            0.5041853785514832,
            0.49393072724342346
        ],
        "val_accuracy": [
            0.4921875,
            0.5439453125,
            0.5576171875,
            0.5234375,
            0.505859375,
            0.529296875,
            0.5087890625,
            0.54296875,
            0.53125,
            0.546875,
            0.5283203125
        ],
        "val_loss": [
            0.7253023386001587,
            0.7283039689064026,
            0.7464702725410461,
            0.7507483959197998,
            0.8126642107963562,
            0.7948100566864014,
            0.8229943513870239,
            0.8528254628181458,
            0.8487047553062439,
            0.8833913207054138,
            0.9052109122276306
        ],
        "learning_rate": [
            0.0010000000474974513,
            0.0010000000474974513,
            0.0010000000474974513,
            0.0010000000474974513,
            0.0010000000474974513,
            0.0010000000474974513,
            0.0005000000237487257,
            0.0005000000237487257,
            0.0005000000237487257,
            0.0005000000237487257,
            0.0005000000237487257
        ]
    },
    "evaluation_metrics": {
        "accuracy": 0.51171875,
        "precision": 0.5076375932835822,
        "recall": 0.51171875,
        "f1": 0.46825060659303885,
        "classification_report": {
            "0": {
                "precision": 0.5149253731343284,
                "recall": 0.7900763358778626,
                "f1-score": 0.6234939759036146,
                "support": 524.0
            },
            "1": {
                "precision": 0.5,
                "recall": 0.22,
                "f1-score": 0.3055555555555556,
                "support": 500.0
            },
            "accuracy": 0.51171875,
            "macro avg": {
                "precision": 0.5074626865671642,
                "recall": 0.5050381679389313,
                "f1-score": 0.46452476572958507,
                "support": 1024.0
            },
            "weighted avg": {
                "precision": 0.5076375932835822,
                "recall": 0.51171875,
                "f1-score": 0.46825060659303885,
                "support": 1024.0
            }
        },
        "confusion_matrix": [
            [
                414,
                110
            ],
            [
                390,
                110
            ]
        ]
    }
}