{
    "timestamp": "2025-04-28 18:55:14",
    "training_history": {
        "accuracy": [
            0.5477087497711182,
            0.588721513748169,
            0.6329078674316406,
            0.6703982949256897,
            0.7034944295883179,
            0.7314988970756531,
            0.7688498497009277,
            0.7860779762268066,
            0.7936806678771973,
            0.8014228940010071,
            0.8112227320671082
        ],
        "loss": [
            0.7320864796638489,
            0.6886759996414185,
            0.6590085029602051,
            0.6284998059272766,
            0.5965250134468079,
            0.5655067563056946,
            0.5148568749427795,
            0.48800548911094666,
            0.47341006994247437,
            0.46181973814964294,
            0.44527876377105713
        ],
        "val_accuracy": [
            0.5543575882911682,
            0.4420485198497772,
            0.4177897572517395,
            0.43575921654701233,
            0.42587602138519287,
            0.43396225571632385,
            0.43575921654701233,
            0.43575921654701233,
            0.4375561475753784,
            0.44294700026512146,
            0.4438454508781433
        ],
        "val_loss": [
            0.756311297416687,
            0.767124354839325,
            0.838941752910614,
            0.8157891035079956,
            0.8224664926528931,
            0.9223313927650452,
            1.0335450172424316,
            1.2903860807418823,
            1.27250075340271,
            1.1513664722442627,
            1.0898022651672363
        ],
        "learning_rate": [
            0.0010000000474974513,
            0.0010000000474974513,
            0.0010000000474974513,
            0.0010000000474974513,
            0.0010000000474974513,
            0.0010000000474974513,
            0.0005000000237487257,
            0.0005000000237487257,
            0.0005000000237487257,
            0.0005000000237487257,
            0.0005000000237487257
        ]
    },
    "evaluation_metrics": {
        "accuracy": 0.48427672955974843,
        "precision": 0.5496647434897864,
        "recall": 0.48427672955974843,
        "f1": 0.40687511831892476,
        "classification_report": {
            "0": {
                "precision": 0.6206896551724138,
                "recall": 0.1477832512315271,
                "f1-score": 0.23872679045092837,
                "support": 609.0
            },
            "1": {
                "precision": 0.46384297520661155,
                "recall": 0.8908730158730159,
                "f1-score": 0.610054347826087,
                "support": 504.0
            },
            "accuracy": 0.48427672955974843,
            "macro avg": {
                "precision": 0.5422663151895126,
                "recall": 0.5193281335522715,
                "f1-score": 0.4243905691385077,
                "support": 1113.0
            },
            "weighted avg": {
                "precision": 0.5496647434897864,
                "recall": 0.48427672955974843,
                "f1-score": 0.40687511831892476,
                "support": 1113.0
            }
        },
        "confusion_matrix": [
            [
                90,
                519
            ],
            [
                55,
                449
            ]
        ]
    }
}