{
    "timestamp": "2025-04-28 18:56:03",
    "training_history": {
        "accuracy": [
            0.5493084192276001,
            0.6165975332260132,
            0.6566389799118042,
            0.6995850801467896,
            0.7300829887390137,
            0.7536652684211731,
            0.7665283679962158,
            0.7828492522239685,
            0.812724769115448,
            0.8264176845550537,
            0.8419778943061829,
            0.8412171602249146,
            0.8491009473800659
        ],
        "loss": [
            0.7459450960159302,
            0.6855449080467224,
            0.6390497088432312,
            0.5978966355323792,
            0.5610278844833374,
            0.5348145961761475,
            0.5101251006126404,
            0.4925995469093323,
            0.44236013293266296,
            0.41843998432159424,
            0.4032764732837677,
            0.39675968885421753,
            0.3831122815608978
        ],
        "val_accuracy": [
            0.46073299646377563,
            0.46422338485717773,
            0.4851658046245575,
            0.5322862267494202,
            0.4991273880004883,
            0.5218150019645691,
            0.5130890011787415,
            0.47993019223213196,
            0.4921466112136841,
            0.48691099882125854,
            0.5061082243919373,
            0.4956369996070862,
            0.5043630003929138
        ],
        "val_loss": [
            0.9424660205841064,
            0.9006245136260986,
            0.8812363743782043,
            1.005223274230957,
            0.9511775374412537,
            0.9940750002861023,
            1.168096661567688,
            1.1084028482437134,
            1.0951300859451294,
            1.2233556509017944,
            1.1096608638763428,
            1.372531533241272,
            1.2590126991271973
        ],
        "learning_rate": [
            0.0010000000474974513,
            0.0010000000474974513,
            0.0010000000474974513,
            0.0010000000474974513,
            0.0010000000474974513,
            0.0010000000474974513,
            0.0010000000474974513,
            0.0010000000474974513,
            0.0005000000237487257,
            0.0005000000237487257,
            0.0005000000237487257,
            0.0005000000237487257,
            0.0005000000237487257
        ]
    },
    "evaluation_metrics": {
        "accuracy": 0.5052264808362369,
        "precision": 0.5076705272396385,
        "recall": 0.5052264808362369,
        "f1": 0.40003743195779634,
        "classification_report": {
            "0": {
                "precision": 0.5047438330170778,
                "recall": 0.9204152249134948,
                "f1-score": 0.6519607843137255,
                "support": 289.0
            },
            "1": {
                "precision": 0.5106382978723404,
                "recall": 0.08421052631578947,
                "f1-score": 0.14457831325301204,
                "support": 285.0
            },
            "accuracy": 0.5052264808362369,
            "macro avg": {
                "precision": 0.5076910654447091,
                "recall": 0.5023128756146421,
                "f1-score": 0.3982695487833688,
                "support": 574.0
            },
            "weighted avg": {
                "precision": 0.5076705272396385,
                "recall": 0.5052264808362369,
                "f1-score": 0.40003743195779634,
                "support": 574.0
            }
        },
        "confusion_matrix": [
            [
                266,
                23
            ],
            [
                261,
                24
            ]
        ]
    }
}