{
    "timestamp": "2025-04-28 18:48:43",
    "training_history": {
        "accuracy": [
            0.5314447283744812,
            0.577102780342102,
            0.6115167737007141,
            0.6461740732192993,
            0.6765965819358826,
            0.7013726830482483,
            0.7191880941390991,
            0.7346183657646179,
            0.7592484354972839,
            0.7792056202888489,
            0.7851440906524658,
            0.7904011011123657,
            0.7994548082351685
        ],
        "loss": [
            0.744086742401123,
            0.6980994343757629,
            0.6686407327651978,
            0.6412068009376526,
            0.6164230108261108,
            0.5905057787895203,
            0.5695593357086182,
            0.5503330230712891,
            0.5082240104675293,
            0.4843808114528656,
            0.47046419978141785,
            0.46254605054855347,
            0.44695478677749634
        ],
        "val_accuracy": [
            0.5413625240325928,
            0.5024330615997314,
            0.540145993232727,
            0.5231143832206726,
            0.5377128720283508,
            0.5754258036613464,
            0.55474454164505,
            0.5377128720283508,
            0.5571776032447815,
            0.5535279512405396,
            0.5450121760368347,
            0.569343090057373,
            0.5389294624328613
        ],
        "val_loss": [
            0.7278874516487122,
            0.7197623252868652,
            0.7187460064888,
            0.7385450601577759,
            0.7666065096855164,
            0.7595345377922058,
            0.7744280695915222,
            0.8148748874664307,
            0.8309237360954285,
            0.8100298643112183,
            0.8479850888252258,
            0.8650364279747009,
            0.8975279331207275
        ],
        "learning_rate": [
            0.0010000000474974513,
            0.0010000000474974513,
            0.0010000000474974513,
            0.0010000000474974513,
            0.0010000000474974513,
            0.0010000000474974513,
            0.0010000000474974513,
            0.0010000000474974513,
            0.0005000000237487257,
            0.0005000000237487257,
            0.0005000000237487257,
            0.0005000000237487257,
            0.0005000000237487257
        ]
    },
    "evaluation_metrics": {
        "accuracy": 0.5054678007290401,
        "precision": 0.5193466229211646,
        "recall": 0.5054678007290401,
        "f1": 0.5058752299615779,
        "classification_report": {
            "0": {
                "precision": 0.5733695652173914,
                "recall": 0.45770065075921906,
                "f1-score": 0.5090470446320868,
                "support": 461.0
            },
            "1": {
                "precision": 0.45054945054945056,
                "recall": 0.5662983425414365,
                "f1-score": 0.5018359853121176,
                "support": 362.0
            },
            "accuracy": 0.5054678007290401,
            "macro avg": {
                "precision": 0.5119595078834209,
                "recall": 0.5119994966503278,
                "f1-score": 0.5054415149721022,
                "support": 823.0
            },
            "weighted avg": {
                "precision": 0.5193466229211646,
                "recall": 0.5054678007290401,
                "f1-score": 0.5058752299615779,
                "support": 823.0
            }
        },
        "confusion_matrix": [
            [
                211,
                250
            ],
            [
                157,
                205
            ]
        ]
    }
}