{
    "timestamp": "2025-04-28 18:50:22",
    "training_history": {
        "accuracy": [
            0.5281481742858887,
            0.5643478035926819,
            0.5942028760910034,
            0.6299839019775391,
            0.6587439775466919,
            0.6856038570404053,
            0.7246376872062683,
            0.7421900033950806,
            0.7537842392921448,
            0.765925943851471,
            0.7744605541229248
        ],
        "loss": [
            0.737278401851654,
            0.6959593296051025,
            0.6755772829055786,
            0.6557071805000305,
            0.6323972940444946,
            0.6103223562240601,
            0.565073549747467,
            0.5433151125907898,
            0.5278680920600891,
            0.5135595798492432,
            0.5000894665718079
        ],
        "val_accuracy": [
            0.5073814988136292,
            0.4832944869995117,
            0.4972805082798004,
            0.46386945247650146,
            0.504273533821106,
            0.5089355111122131,
            0.5081585049629211,
            0.5221444964408875,
            0.5159285068511963,
            0.5198135375976562,
            0.5236985087394714
        ],
        "val_loss": [
            0.7362164258956909,
            0.7463561296463013,
            0.7409496903419495,
            0.786483108997345,
            0.7984773516654968,
            0.8118994235992432,
            0.8552039265632629,
            0.8943663239479065,
            0.9630049467086792,
            0.910232424736023,
            0.9510424733161926
        ],
        "learning_rate": [
            0.0010000000474974513,
            0.0010000000474974513,
            0.0010000000474974513,
            0.0010000000474974513,
            0.0010000000474974513,
            0.0010000000474974513,
            0.0005000000237487257,
            0.0005000000237487257,
            0.0005000000237487257,
            0.0005000000237487257,
            0.0005000000237487257
        ]
    },
    "evaluation_metrics": {
        "accuracy": 0.46464646464646464,
        "precision": 0.5703312933175962,
        "recall": 0.46464646464646464,
        "f1": 0.38395013841031805,
        "classification_report": {
            "0": {
                "precision": 0.43628318584070797,
                "recall": 0.9045871559633027,
                "f1-score": 0.5886567164179105,
                "support": 545.0
            },
            "1": {
                "precision": 0.6687898089171974,
                "recall": 0.14150943396226415,
                "f1-score": 0.2335928809788654,
                "support": 742.0
            },
            "accuracy": 0.46464646464646464,
            "macro avg": {
                "precision": 0.5525364973789527,
                "recall": 0.5230482949627835,
                "f1-score": 0.41112479869838797,
                "support": 1287.0
            },
            "weighted avg": {
                "precision": 0.5703312933175962,
                "recall": 0.46464646464646464,
                "f1-score": 0.38395013841031805,
                "support": 1287.0
            }
        },
        "confusion_matrix": [
            [
                493,
                52
            ],
            [
                637,
                105
            ]
        ]
    }
}