{
    "timestamp": "2025-04-28 18:51:47",
    "training_history": {
        "accuracy": [
            0.5575868487358093,
            0.6004875302314758,
            0.6341255307197571,
            0.6571602821350098,
            0.6907373666763306,
            0.7223644256591797,
            0.7395490407943726,
            0.7771480679512024,
            0.7884826064109802,
            0.8010969161987305,
            0.8137111663818359,
            0.8209018707275391
        ],
        "loss": [
            0.7348890900611877,
            0.6915255188941956,
            0.6594862341880798,
            0.6350120306015015,
            0.6029573082923889,
            0.5709199905395508,
            0.545871376991272,
            0.4930424690246582,
            0.47480878233909607,
            0.4562191367149353,
            0.4412384331226349,
            0.42891472578048706
        ],
        "val_accuracy": [
            0.4739336371421814,
            0.5007898807525635,
            0.5181674361228943,
            0.47551342844963074,
            0.48025277256965637,
            0.4628751873970032,
            0.4676145315170288,
            0.4739336371421814,
            0.46603477001190186,
            0.4739336371421814,
            0.4770932197570801,
            0.48341232538223267
        ],
        "val_loss": [
            0.7446438670158386,
            0.7276613116264343,
            0.733733594417572,
            0.7502736449241638,
            0.7854562997817993,
            0.8432904481887817,
            0.8251633048057556,
            0.8487080335617065,
            0.8684976100921631,
            0.8779885768890381,
            0.9297804236412048,
            0.8847690224647522
        ],
        "learning_rate": [
            0.0010000000474974513,
            0.0010000000474974513,
            0.0010000000474974513,
            0.0010000000474974513,
            0.0010000000474974513,
            0.0010000000474974513,
            0.0010000000474974513,
            0.0005000000237487257,
            0.0005000000237487257,
            0.0005000000237487257,
            0.0005000000237487257,
            0.0005000000237487257
        ]
    },
    "evaluation_metrics": {
        "accuracy": 0.5402843601895735,
        "precision": 0.5038355440312652,
        "recall": 0.5402843601895735,
        "f1": 0.5043092075307172,
        "classification_report": {
            "0": {
                "precision": 0.3873239436619718,
                "recall": 0.21235521235521235,
                "f1-score": 0.2743142144638404,
                "support": 259.0
            },
            "1": {
                "precision": 0.5845213849287169,
                "recall": 0.767379679144385,
                "f1-score": 0.6635838150289017,
                "support": 374.0
            },
            "accuracy": 0.5402843601895735,
            "macro avg": {
                "precision": 0.48592266429534436,
                "recall": 0.4898674457497987,
                "f1-score": 0.4689490147463711,
                "support": 633.0
            },
            "weighted avg": {
                "precision": 0.5038355440312652,
                "recall": 0.5402843601895735,
                "f1-score": 0.5043092075307172,
                "support": 633.0
            }
        },
        "confusion_matrix": [
            [
                55,
                204
            ],
            [
                87,
                287
            ]
        ]
    }
}