{
    "timestamp": "2025-04-28 18:42:58",
    "training_history": {
        "accuracy": [
            0.5310232043266296,
            0.5730217695236206,
            0.5970083475112915,
            0.6261727809906006,
            0.6470614075660706,
            0.6639670729637146,
            0.7000353932380676,
            0.7224287390708923,
            0.7320764660835266,
            0.7470348477363586,
            0.7578332424163818
        ],
        "loss": [
            0.7349333763122559,
            0.6927291750907898,
            0.6725015640258789,
            0.6522319316864014,
            0.6319355368614197,
            0.6098693609237671,
            0.5705608129501343,
            0.5483233332633972,
            0.5337915420532227,
            0.5175670981407166,
            0.502793550491333
        ],
        "val_accuracy": [
            0.5625668168067932,
            0.5240641832351685,
            0.5090909004211426,
            0.5593582987785339,
            0.5240641832351685,
            0.5390374064445496,
            0.5529412031173706,
            0.5304812788963318,
            0.5422459840774536,
            0.5508021116256714,
            0.5572192668914795
        ],
        "val_loss": [
            0.7173147201538086,
            0.7296182513237,
            0.7354323863983154,
            0.7570499777793884,
            0.7739118933677673,
            0.766983151435852,
            0.8098251819610596,
            0.8306096196174622,
            0.8796972632408142,
            0.971199095249176,
            0.942564845085144
        ],
        "learning_rate": [
            0.0010000000474974513,
            0.0010000000474974513,
            0.0010000000474974513,
            0.0010000000474974513,
            0.0010000000474974513,
            0.0010000000474974513,
            0.0005000000237487257,
            0.0005000000237487257,
            0.0005000000237487257,
            0.0005000000237487257,
            0.0005000000237487257
        ]
    },
    "evaluation_metrics": {
        "accuracy": 0.4561965811965812,
        "precision": 0.4949473136529874,
        "recall": 0.4561965811965812,
        "f1": 0.3563974253326338,
        "classification_report": {
            "0": {
                "precision": 0.44799054373522457,
                "recall": 0.9002375296912114,
                "f1-score": 0.5982636148382005,
                "support": 421.0
            },
            "1": {
                "precision": 0.5333333333333333,
                "recall": 0.09320388349514563,
                "f1-score": 0.15867768595041323,
                "support": 515.0
            },
            "accuracy": 0.4561965811965812,
            "macro avg": {
                "precision": 0.490661938534279,
                "recall": 0.4967207065931785,
                "f1-score": 0.37847065039430683,
                "support": 936.0
            },
            "weighted avg": {
                "precision": 0.4949473136529874,
                "recall": 0.4561965811965812,
                "f1-score": 0.3563974253326338,
                "support": 936.0
            }
        },
        "confusion_matrix": [
            [
                379,
                42
            ],
            [
                467,
                48
            ]
        ]
    }
}