{
    "timestamp": "2025-04-28 18:55:35",
    "training_history": {
        "accuracy": [
            0.5605028867721558,
            0.6113148331642151,
            0.649467408657074,
            0.6816832423210144,
            0.7125895023345947,
            0.7306617498397827,
            0.7653221487998962,
            0.782259464263916,
            0.7900297045707703,
            0.8002444505691528,
            0.8092369437217712
        ],
        "loss": [
            0.7456265091896057,
            0.6911449432373047,
            0.6544560194015503,
            0.6182464361190796,
            0.589178740978241,
            0.5627484917640686,
            0.514701783657074,
            0.4903537929058075,
            0.47996947169303894,
            0.46097078919410706,
            0.45029908418655396
        ],
        "val_accuracy": [
            0.42226889729499817,
            0.42226889729499817,
            0.44117647409439087,
            0.44117647409439087,
            0.42226889729499817,
            0.45378151535987854,
            0.4453781545162201,
            0.4432772994041443,
            0.43697479367256165,
            0.43697479367256165,
            0.4306722581386566
        ],
        "val_loss": [
            0.8144960999488831,
            0.8720019459724426,
            1.0445330142974854,
            1.2313696146011353,
            1.1670809984207153,
            1.4624985456466675,
            1.5606601238250732,
            1.6311345100402832,
            1.6478612422943115,
            1.5988247394561768,
            1.4033613204956055
        ],
        "learning_rate": [
            0.0010000000474974513,
            0.0010000000474974513,
            0.0010000000474974513,
            0.0010000000474974513,
            0.0010000000474974513,
            0.0010000000474974513,
            0.0005000000237487257,
            0.0005000000237487257,
            0.0005000000237487257,
            0.0005000000237487257,
            0.0005000000237487257
        ]
    },
    "evaluation_metrics": {
        "accuracy": 0.5126050420168067,
        "precision": 0.5714857829395275,
        "recall": 0.5126050420168067,
        "f1": 0.38621609604268564,
        "classification_report": {
            "0": {
                "precision": 0.5066079295154186,
                "recall": 0.9663865546218487,
                "f1-score": 0.6647398843930636,
                "support": 238.0
            },
            "1": {
                "precision": 0.6363636363636364,
                "recall": 0.058823529411764705,
                "f1-score": 0.10769230769230768,
                "support": 238.0
            },
            "accuracy": 0.5126050420168067,
            "macro avg": {
                "precision": 0.5714857829395275,
                "recall": 0.5126050420168067,
                "f1-score": 0.38621609604268564,
                "support": 476.0
            },
            "weighted avg": {
                "precision": 0.5714857829395275,
                "recall": 0.5126050420168067,
                "f1-score": 0.38621609604268564,
                "support": 476.0
            }
        },
        "confusion_matrix": [
            [
                230,
                8
            ],
            [
                224,
                14
            ]
        ]
    }
}