{
    "timestamp": "2025-04-28 18:49:10",
    "training_history": {
        "accuracy": [
            0.5502596497535706,
            0.6016320586204529,
            0.6454005837440491,
            0.680143415927887,
            0.7068496346473694,
            0.726693868637085,
            0.7639095187187195,
            0.7796735763549805,
            0.7935212850570679,
            0.8033506274223328,
            0.81083083152771
        ],
        "loss": [
            0.7445616722106934,
            0.6943703293800354,
            0.6566034555435181,
            0.6228421926498413,
            0.5896008610725403,
            0.5644898414611816,
            0.5201482176780701,
            0.49694523215293884,
            0.48021531105041504,
            0.4634407162666321,
            0.45315584540367126
        ],
        "val_accuracy": [
            0.5548387169837952,
            0.4951612949371338,
            0.47741934657096863,
            0.5048387050628662,
            0.46290323138237,
            0.4741935431957245,
            0.5032258033752441,
            0.49193549156188965,
            0.5,
            0.46612903475761414,
            0.5016129016876221
        ],
        "val_loss": [
            0.736388087272644,
            0.8080452084541321,
            1.0905510187149048,
            0.8838542103767395,
            1.2526673078536987,
            1.0533831119537354,
            1.0861197710037231,
            0.972947359085083,
            1.1493093967437744,
            1.144191861152649,
            1.073750615119934
        ],
        "learning_rate": [
            0.0010000000474974513,
            0.0010000000474974513,
            0.0010000000474974513,
            0.0010000000474974513,
            0.0010000000474974513,
            0.0010000000474974513,
            0.0005000000237487257,
            0.0005000000237487257,
            0.0005000000237487257,
            0.0005000000237487257,
            0.0005000000237487257
        ]
    },
    "evaluation_metrics": {
        "accuracy": 0.5548387096774193,
        "precision": 0.679118069419635,
        "recall": 0.5548387096774193,
        "f1": 0.40552488696128386,
        "classification_report": {
            "0": {
                "precision": 0.8333333333333334,
                "recall": 0.017857142857142856,
                "f1-score": 0.03496503496503496,
                "support": 280.0
            },
            "1": {
                "precision": 0.5521172638436482,
                "recall": 0.9970588235294118,
                "f1-score": 0.7106918238993711,
                "support": 340.0
            },
            "accuracy": 0.5548387096774193,
            "macro avg": {
                "precision": 0.6927252985884909,
                "recall": 0.5074579831932773,
                "f1-score": 0.37282842943220307,
                "support": 620.0
            },
            "weighted avg": {
                "precision": 0.679118069419635,
                "recall": 0.5548387096774193,
                "f1-score": 0.40552488696128386,
                "support": 620.0
            }
        },
        "confusion_matrix": [
            [
                5,
                275
            ],
            [
                1,
                339
            ]
        ]
    }
}