{
    "timestamp": "2025-04-28 18:53:12",
    "training_history": {
        "accuracy": [
            0.5206066966056824,
            0.5500966906547546,
            0.5798586010932922,
            0.6145153641700745,
            0.6449419856071472,
            0.6708967685699463,
            0.7085750699043274,
            0.7265228629112244,
            0.7388505935668945,
            0.7570401430130005,
            0.7625090479850769
        ],
        "loss": [
            0.7368267774581909,
            0.6991657614707947,
            0.6804337501525879,
            0.658477246761322,
            0.634128749370575,
            0.6123961806297302,
            0.5693891048431396,
            0.5488002300262451,
            0.5319505929946899,
            0.5165001749992371,
            0.5042343139648438
        ],
        "val_accuracy": [
            0.5229007601737976,
            0.5221374034881592,
            0.5122137665748596,
            0.5167939066886902,
            0.5015267133712769,
            0.4885496199131012,
            0.518320620059967,
            0.5320610404014587,
            0.523664116859436,
            0.5175572633743286,
            0.5045801401138306
        ],
        "val_loss": [
            0.7374722957611084,
            0.766367495059967,
            0.7916586995124817,
            0.9632386565208435,
            1.142078161239624,
            1.261894702911377,
            1.1195756196975708,
            1.212341547012329,
            1.3925244808197021,
            1.4832122325897217,
            1.3511968851089478
        ],
        "learning_rate": [
            0.0010000000474974513,
            0.0010000000474974513,
            0.0010000000474974513,
            0.0010000000474974513,
            0.0010000000474974513,
            0.0010000000474974513,
            0.0005000000237487257,
            0.0005000000237487257,
            0.0005000000237487257,
            0.0005000000237487257,
            0.0005000000237487257
        ]
    },
    "evaluation_metrics": {
        "accuracy": 0.4797864225781846,
        "precision": 0.4794028433557117,
        "recall": 0.4797864225781846,
        "f1": 0.47701145683802554,
        "classification_report": {
            "0": {
                "precision": 0.48202396804260983,
                "recall": 0.5526717557251909,
                "f1-score": 0.5149359886201992,
                "support": 655.0
            },
            "1": {
                "precision": 0.4767857142857143,
                "recall": 0.4070121951219512,
                "f1-score": 0.43914473684210525,
                "support": 656.0
            },
            "accuracy": 0.4797864225781846,
            "macro avg": {
                "precision": 0.47940484116416204,
                "recall": 0.47984197542357104,
                "f1-score": 0.47704036273115225,
                "support": 1311.0
            },
            "weighted avg": {
                "precision": 0.4794028433557117,
                "recall": 0.4797864225781846,
                "f1-score": 0.47701145683802554,
                "support": 1311.0
            }
        },
        "confusion_matrix": [
            [
                362,
                293
            ],
            [
                389,
                267
            ]
        ]
    }
}