{
    "timestamp": "2025-04-28 18:53:52",
    "training_history": {
        "accuracy": [
            0.5564814805984497,
            0.6164982914924622,
            0.6682659983634949,
            0.7039562463760376,
            0.7354376912117004,
            0.7634680271148682,
            0.778030276298523,
            0.8122895359992981,
            0.8290404081344604,
            0.8388888835906982,
            0.8467171788215637,
            0.8515993356704712
        ],
        "loss": [
            0.7432197332382202,
            0.6820151209831238,
            0.6315289735794067,
            0.5929092168807983,
            0.5531983375549316,
            0.5174900889396667,
            0.5003387331962585,
            0.4422455430030823,
            0.4187137484550476,
            0.4057675898075104,
            0.3872387707233429,
            0.3803252577781677
        ],
        "val_accuracy": [
            0.5509259104728699,
            0.5810185074806213,
            0.6157407164573669,
            0.5462962985038757,
            0.5578703880310059,
            0.5532407164573669,
            0.5370370149612427,
            0.5347222089767456,
            0.5370370149612427,
            0.5347222089767456,
            0.5069444179534912,
            0.5416666865348816
        ],
        "val_loss": [
            0.7217981815338135,
            0.7058586478233337,
            0.7107205390930176,
            0.8081612586975098,
            0.773805558681488,
            0.8609047532081604,
            0.8964884877204895,
            0.9266764521598816,
            0.9283461570739746,
            1.0555108785629272,
            0.9491451382637024,
            0.9828437566757202
        ],
        "learning_rate": [
            0.0010000000474974513,
            0.0010000000474974513,
            0.0010000000474974513,
            0.0010000000474974513,
            0.0010000000474974513,
            0.0010000000474974513,
            0.0010000000474974513,
            0.0005000000237487257,
            0.0005000000237487257,
            0.0005000000237487257,
            0.0005000000237487257,
            0.0005000000237487257
        ]
    },
    "evaluation_metrics": {
        "accuracy": 0.5450346420323325,
        "precision": 0.5856210890574592,
        "recall": 0.5450346420323325,
        "f1": 0.5331240010223844,
        "classification_report": {
            "0": {
                "precision": 0.4879725085910653,
                "recall": 0.7473684210526316,
                "f1-score": 0.5904365904365905,
                "support": 190.0
            },
            "1": {
                "precision": 0.6619718309859155,
                "recall": 0.3868312757201646,
                "f1-score": 0.4883116883116883,
                "support": 243.0
            },
            "accuracy": 0.5450346420323325,
            "macro avg": {
                "precision": 0.5749721697884904,
                "recall": 0.567099848386398,
                "f1-score": 0.5393741393741394,
                "support": 433.0
            },
            "weighted avg": {
                "precision": 0.5856210890574592,
                "recall": 0.5450346420323325,
                "f1-score": 0.5331240010223844,
                "support": 433.0
            }
        },
        "confusion_matrix": [
            [
                142,
                48
            ],
            [
                149,
                94
            ]
        ]
    }
}