{
    "timestamp": "2025-04-28 18:46:52",
    "training_history": {
        "accuracy": [
            0.5438835620880127,
            0.5720213651657104,
            0.5971464514732361,
            0.6193724274635315,
            0.6466575860977173,
            0.6660982370376587,
            0.7020236253738403,
            0.7277739644050598,
            0.7419849634170532,
            0.7523874640464783,
            0.7688153982162476
        ],
        "loss": [
            0.7466378808021545,
            0.7045069336891174,
            0.6818370223045349,
            0.6594349145889282,
            0.641769289970398,
            0.6262228488922119,
            0.5859475135803223,
            0.5628553032875061,
            0.5431081056594849,
            0.5274415016174316,
            0.5097062587738037
        ],
        "val_accuracy": [
            0.5829787254333496,
            0.5843971371650696,
            0.5418439507484436,
            0.5347517728805542,
            0.5063830018043518,
            0.5021276473999023,
            0.4964539110660553,
            0.4936170279979706,
            0.479432612657547,
            0.4921985864639282,
            0.5134751796722412
        ],
        "val_loss": [
            0.7558355927467346,
            0.7951086163520813,
            0.8257353901863098,
            0.8621625304222107,
            1.0291193723678589,
            0.9848577380180359,
            1.02896249294281,
            1.1392748355865479,
            1.129839539527893,
            1.1751320362091064,
            1.1980111598968506
        ],
        "learning_rate": [
            0.0010000000474974513,
            0.0010000000474974513,
            0.0010000000474974513,
            0.0010000000474974513,
            0.0010000000474974513,
            0.0010000000474974513,
            0.0005000000237487257,
            0.0005000000237487257,
            0.0005000000237487257,
            0.0005000000237487257,
            0.0005000000237487257
        ]
    },
    "evaluation_metrics": {
        "accuracy": 0.43909348441926344,
        "precision": 0.5956305386017786,
        "recall": 0.43909348441926344,
        "f1": 0.34784444962423566,
        "classification_report": {
            "0": {
                "precision": 0.4078740157480315,
                "recall": 0.9283154121863799,
                "f1-score": 0.5667396061269145,
                "support": 279.0
            },
            "1": {
                "precision": 0.7183098591549296,
                "recall": 0.11943793911007025,
                "f1-score": 0.20481927710843373,
                "support": 427.0
            },
            "accuracy": 0.43909348441926344,
            "macro avg": {
                "precision": 0.5630919374514806,
                "recall": 0.523876675648225,
                "f1-score": 0.38577944161767413,
                "support": 706.0
            },
            "weighted avg": {
                "precision": 0.5956305386017786,
                "recall": 0.43909348441926344,
                "f1-score": 0.34784444962423566,
                "support": 706.0
            }
        },
        "confusion_matrix": [
            [
                259,
                20
            ],
            [
                376,
                51
            ]
        ]
    }
}