{
    "timestamp": "2025-04-28 18:54:27",
    "training_history": {
        "accuracy": [
            0.5306560397148132,
            0.5577942132949829,
            0.582876443862915,
            0.6043494343757629,
            0.6371070742607117,
            0.6693165302276611,
            0.6880939602851868,
            0.7192525863647461,
            0.7391721606254578,
            0.7496801614761353,
            0.7619243264198303,
            0.7678179740905762
        ],
        "loss": [
            0.7369795441627502,
            0.698126494884491,
            0.6819735765457153,
            0.6663943529129028,
            0.647552490234375,
            0.6235487461090088,
            0.6052103042602539,
            0.5651538968086243,
            0.5457924604415894,
            0.531175434589386,
            0.5152315497398376,
            0.5056297779083252
        ],
        "val_accuracy": [
            0.6299659609794617,
            0.6299659609794617,
            0.6140748858451843,
            0.6254256367683411,
            0.6299659609794617,
            0.6299659609794617,
            0.6197502613067627,
            0.6106696724891663,
            0.6118047833442688,
            0.5913734436035156,
            0.5879682302474976,
            0.5629965662956238
        ],
        "val_loss": [
            0.7532394528388977,
            0.6915414333343506,
            0.8758374452590942,
            0.7604048252105713,
            0.7722339630126953,
            0.8124423027038574,
            0.8015292882919312,
            0.8436009883880615,
            0.9874828457832336,
            0.7427772879600525,
            0.8513084053993225,
            0.7727412581443787
        ],
        "learning_rate": [
            0.0010000000474974513,
            0.0010000000474974513,
            0.0010000000474974513,
            0.0010000000474974513,
            0.0010000000474974513,
            0.0010000000474974513,
            0.0010000000474974513,
            0.0005000000237487257,
            0.0005000000237487257,
            0.0005000000237487257,
            0.0005000000237487257,
            0.0005000000237487257
        ]
    },
    "evaluation_metrics": {
        "accuracy": 0.6020408163265306,
        "precision": 0.3624531445231154,
        "recall": 0.6020408163265306,
        "f1": 0.4524892759651632,
        "classification_report": {
            "0": {
                "precision": 0.0,
                "recall": 0.0,
                "f1-score": 0.0,
                "support": 351.0
            },
            "1": {
                "precision": 0.6020408163265306,
                "recall": 1.0,
                "f1-score": 0.7515923566878981,
                "support": 531.0
            },
            "accuracy": 0.6020408163265306,
            "macro avg": {
                "precision": 0.3010204081632653,
                "recall": 0.5,
                "f1-score": 0.37579617834394907,
                "support": 882.0
            },
            "weighted avg": {
                "precision": 0.3624531445231154,
                "recall": 0.6020408163265306,
                "f1-score": 0.4524892759651632,
                "support": 882.0
            }
        },
        "confusion_matrix": [
            [
                0,
                351
            ],
            [
                0,
                531
            ]
        ]
    }
}