{
    "timestamp": "2025-04-28 18:52:19",
    "training_history": {
        "accuracy": [
            0.5376138687133789,
            0.5758644342422485,
            0.6187188029289246,
            0.6621608138084412,
            0.7034479379653931,
            0.7314134836196899,
            0.771378219127655,
            0.7910667061805725,
            0.8025761842727661,
            0.810314416885376,
            0.8211871981620789
        ],
        "loss": [
            0.740674614906311,
            0.6975171566009521,
            0.6696487069129944,
            0.6380851864814758,
            0.6019905805587769,
            0.571491539478302,
            0.5140931010246277,
            0.4883113205432892,
            0.4664343297481537,
            0.4531880021095276,
            0.435122549533844
        ],
        "val_accuracy": [
            0.5086848735809326,
            0.5049628019332886,
            0.518610417842865,
            0.5062034726142883,
            0.5210918188095093,
            0.518610417842865,
            0.5483871102333069,
            0.5471463799476624,
            0.5210918188095093,
            0.5496277809143066,
            0.5446650385856628
        ],
        "val_loss": [
            0.7442094087600708,
            0.8242425918579102,
            0.7726406455039978,
            0.7898457050323486,
            0.9326518177986145,
            0.9892078042030334,
            1.0306679010391235,
            1.0108615159988403,
            1.197938323020935,
            1.188362717628479,
            1.3633396625518799
        ],
        "learning_rate": [
            0.0010000000474974513,
            0.0010000000474974513,
            0.0010000000474974513,
            0.0010000000474974513,
            0.0010000000474974513,
            0.0010000000474974513,
            0.0005000000237487257,
            0.0005000000237487257,
            0.0005000000237487257,
            0.0005000000237487257,
            0.0005000000237487257
        ]
    },
    "evaluation_metrics": {
        "accuracy": 0.45533498759305213,
        "precision": 0.5517342862587593,
        "recall": 0.45533498759305213,
        "f1": 0.39298014812987714,
        "classification_report": {
            "0": {
                "precision": 0.4194977843426883,
                "recall": 0.8606060606060606,
                "f1-score": 0.564051638530288,
                "support": 330.0
            },
            "1": {
                "precision": 0.6434108527131783,
                "recall": 0.17436974789915966,
                "f1-score": 0.2743801652892562,
                "support": 476.0
            },
            "accuracy": 0.45533498759305213,
            "macro avg": {
                "precision": 0.5314543185279333,
                "recall": 0.5174879042526102,
                "f1-score": 0.4192159019097721,
                "support": 806.0
            },
            "weighted avg": {
                "precision": 0.5517342862587593,
                "recall": 0.45533498759305213,
                "f1-score": 0.39298014812987714,
                "support": 806.0
            }
        },
        "confusion_matrix": [
            [
                284,
                46
            ],
            [
                393,
                83
            ]
        ]
    }
}