{
    "timestamp": "2025-04-28 18:49:31",
    "training_history": {
        "accuracy": [
            0.5687294602394104,
            0.6137276291847229,
            0.6577218174934387,
            0.6854691505432129,
            0.7099306583404541,
            0.7392296195030212,
            0.7589448690414429,
            0.7828587293624878,
            0.819642186164856,
            0.8305038213729858,
            0.8414567112922668,
            0.8481197357177734,
            0.8564257025718689
        ],
        "loss": [
            0.7401679158210754,
            0.6879210472106934,
            0.6511445641517639,
            0.6180904507637024,
            0.5849213600158691,
            0.5609794855117798,
            0.531539261341095,
            0.5017040967941284,
            0.44883742928504944,
            0.42452913522720337,
            0.4049927592277527,
            0.3941178321838379,
            0.3756020665168762
        ],
        "val_accuracy": [
            0.4530516564846039,
            0.4600938856601715,
            0.5187793374061584,
            0.5117371082305908,
            0.5117371082305908,
            0.5492957830429077,
            0.4553990662097931,
            0.5023474097251892,
            0.47417840361595154,
            0.5187793374061584,
            0.5070422291755676,
            0.48826292157173157,
            0.5023474097251892
        ],
        "val_loss": [
            0.8152859807014465,
            0.8316252827644348,
            0.7737485766410828,
            0.9033582210540771,
            1.0086805820465088,
            0.7759977579116821,
            0.8283573389053345,
            0.842107355594635,
            1.0018036365509033,
            1.0635974407196045,
            1.0316022634506226,
            1.094109058380127,
            1.1482597589492798
        ],
        "learning_rate": [
            0.0010000000474974513,
            0.0010000000474974513,
            0.0010000000474974513,
            0.0010000000474974513,
            0.0010000000474974513,
            0.0010000000474974513,
            0.0010000000474974513,
            0.0010000000474974513,
            0.0005000000237487257,
            0.0005000000237487257,
            0.0005000000237487257,
            0.0005000000237487257,
            0.0005000000237487257
        ]
    },
    "evaluation_metrics": {
        "accuracy": 0.49295774647887325,
        "precision": 0.5175320189404696,
        "recall": 0.49295774647887325,
        "f1": 0.4633996996685998,
        "classification_report": {
            "0": {
                "precision": 0.46984126984126984,
                "recall": 0.751269035532995,
                "f1-score": 0.578125,
                "support": 197.0
            },
            "1": {
                "precision": 0.5585585585585585,
                "recall": 0.27074235807860264,
                "f1-score": 0.36470588235294116,
                "support": 229.0
            },
            "accuracy": 0.49295774647887325,
            "macro avg": {
                "precision": 0.5141999141999142,
                "recall": 0.5110056968057988,
                "f1-score": 0.4714154411764706,
                "support": 426.0
            },
            "weighted avg": {
                "precision": 0.5175320189404696,
                "recall": 0.49295774647887325,
                "f1-score": 0.4633996996685998,
                "support": 426.0
            }
        },
        "confusion_matrix": [
            [
                148,
                49
            ],
            [
                167,
                62
            ]
        ]
    }
}