{
    "timestamp": "2025-04-28 18:56:34",
    "training_history": {
        "accuracy": [
            0.5402374863624573,
            0.5640391111373901,
            0.5934476852416992,
            0.6170294880867004,
            0.6437994837760925,
            0.6611697673797607,
            0.6808487176895142,
            0.7196570038795471,
            0.7396107912063599,
            0.7517589926719666,
            0.7679199576377869,
            0.7747361660003662
        ],
        "loss": [
            0.7461958527565002,
            0.7020943760871887,
            0.6718287467956543,
            0.6525076031684875,
            0.6319312453269958,
            0.6161195039749146,
            0.5952799320220947,
            0.5530310869216919,
            0.5280960202217102,
            0.5139288306236267,
            0.49479836225509644,
            0.48560601472854614
        ],
        "val_accuracy": [
            0.44460856914520264,
            0.48744460940361023,
            0.4859675168991089,
            0.4889217019081116,
            0.5199409127235413,
            0.4815361797809601,
            0.5155096054077148,
            0.49926143884658813,
            0.5110782980918884,
            0.49187591671943665,
            0.506646990776062,
            0.48744460940361023
        ],
        "val_loss": [
            0.7668476700782776,
            0.7664067149162292,
            0.8082904815673828,
            0.8531299233436584,
            0.8202389478683472,
            0.9071605801582336,
            0.9500033855438232,
            1.058035969734192,
            1.05043625831604,
            1.0464730262756348,
            1.1476083993911743,
            1.1893951892852783
        ],
        "learning_rate": [
            0.0010000000474974513,
            0.0010000000474974513,
            0.0010000000474974513,
            0.0010000000474974513,
            0.0010000000474974513,
            0.0010000000474974513,
            0.0010000000474974513,
            0.0005000000237487257,
            0.0005000000237487257,
            0.0005000000237487257,
            0.0005000000237487257,
            0.0005000000237487257
        ]
    },
    "evaluation_metrics": {
        "accuracy": 0.4941002949852507,
        "precision": 0.4938976943068296,
        "recall": 0.4941002949852507,
        "f1": 0.4939119550816153,
        "classification_report": {
            "0": {
                "precision": 0.5014164305949008,
                "recall": 0.5145348837209303,
                "f1-score": 0.5078909612625538,
                "support": 344.0
            },
            "1": {
                "precision": 0.48615384615384616,
                "recall": 0.47305389221556887,
                "f1-score": 0.47951441578148707,
                "support": 334.0
            },
            "accuracy": 0.4941002949852507,
            "macro avg": {
                "precision": 0.4937851383743735,
                "recall": 0.4937943879682496,
                "f1-score": 0.4937026885220205,
                "support": 678.0
            },
            "weighted avg": {
                "precision": 0.4938976943068296,
                "recall": 0.4941002949852507,
                "f1-score": 0.4939119550816153,
                "support": 678.0
            }
        },
        "confusion_matrix": [
            [
                177,
                167
            ],
            [
                176,
                158
            ]
        ]
    }
}