{
    "timestamp": "2025-04-28 19:14:08",
    "training_history": {
        "accuracy": [
            0.5054414868354797,
            0.5183436274528503,
            0.5372347831726074,
            0.5609514117240906,
            0.5856263041496277,
            0.6059890389442444,
            0.6293976902961731,
            0.6645790338516235,
            0.6865845322608948,
            0.7005817890167236,
            0.7102669477462769,
            0.7202942967414856
        ],
        "loss": [
            0.7353408932685852,
            0.7042809128761292,
            0.6955404281616211,
            0.6884708404541016,
            0.6777045130729675,
            0.6639314293861389,
            0.6451230049133301,
            0.6121051907539368,
            0.5929721593856812,
            0.5799382328987122,
            0.5651014447212219,
            0.5536184906959534
        ],
        "val_accuracy": [
            0.47447699308395386,
            0.46192467212677,
            0.45941421389579773,
            0.4694560766220093,
            0.47196653485298157,
            0.45606693625450134,
            0.4937238395214081,
            0.4887029230594635,
            0.4920502007007599,
            0.47949790954589844,
            0.47364017367362976,
            0.484518826007843
        ],
        "val_loss": [
            0.7135770320892334,
            0.7037438750267029,
            0.7056469917297363,
            0.7179067730903625,
            0.7318718433380127,
            0.7821946740150452,
            0.785210132598877,
            0.852881908416748,
            0.8734498620033264,
            0.8766552805900574,
            0.9285629391670227,
            0.9689701199531555
        ],
        "learning_rate": [
            0.0010000000474974513,
            0.0010000000474974513,
            0.0010000000474974513,
            0.0010000000474974513,
            0.0010000000474974513,
            0.0010000000474974513,
            0.0010000000474974513,
            0.0005000000237487257,
            0.0005000000237487257,
            0.0005000000237487257,
            0.0005000000237487257,
            0.0005000000237487257
        ]
    },
    "evaluation_metrics": {
        "accuracy": 0.4811715481171548,
        "precision": 0.5095416016921676,
        "recall": 0.4811715481171548,
        "f1": 0.38102193482946617,
        "classification_report": {
            "0": {
                "precision": 0.47509225092250923,
                "recall": 0.9098939929328622,
                "f1-score": 0.6242424242424242,
                "support": 566.0
            },
            "1": {
                "precision": 0.5405405405405406,
                "recall": 0.09538950715421304,
                "f1-score": 0.1621621621621622,
                "support": 629.0
            },
            "accuracy": 0.4811715481171548,
            "macro avg": {
                "precision": 0.5078163957315249,
                "recall": 0.5026417500435376,
                "f1-score": 0.39320229320229316,
                "support": 1195.0
            },
            "weighted avg": {
                "precision": 0.5095416016921676,
                "recall": 0.4811715481171548,
                "f1-score": 0.38102193482946617,
                "support": 1195.0
            }
        },
        "confusion_matrix": [
            [
                515,
                51
            ],
            [
                569,
                60
            ]
        ]
    }
}