{
    "timestamp": "2025-04-28 19:20:32",
    "training_history": {
        "accuracy": [
            0.5480775833129883,
            0.6008303761482239,
            0.6402902603149414,
            0.6770288348197937,
            0.7090224027633667,
            0.73047935962677,
            0.7512036561965942,
            0.7599958181381226,
            0.7942572236061096,
            0.8055962324142456,
            0.8122252225875854,
            0.8202149271965027,
            0.8272974491119385
        ],
        "loss": [
            0.7316815853118896,
            0.6831528544425964,
            0.6511520147323608,
            0.6199974417686462,
            0.5856784582138062,
            0.5629317760467529,
            0.5377447009086609,
            0.5232527852058411,
            0.46888530254364014,
            0.453438937664032,
            0.44000691175460815,
            0.4298588037490845,
            0.4175339937210083
        ],
        "val_accuracy": [
            0.5269299745559692,
            0.5296229720115662,
            0.5439856648445129,
            0.5,
            0.49192100763320923,
            0.5152603387832642,
            0.5098743438720703,
            0.5134649872779846,
            0.5179533362388611,
            0.5529623031616211,
            0.514362633228302,
            0.5161579847335815,
            0.5269299745559692
        ],
        "val_loss": [
            0.7312299609184265,
            0.818770706653595,
            0.7269864678382874,
            0.7697308659553528,
            0.7712230682373047,
            0.7759475708007812,
            0.7846204042434692,
            0.8855423331260681,
            0.895052969455719,
            0.8512668609619141,
            1.058714509010315,
            1.0147935152053833,
            0.9012202620506287
        ],
        "learning_rate": [
            0.0010000000474974513,
            0.0010000000474974513,
            0.0010000000474974513,
            0.0010000000474974513,
            0.0010000000474974513,
            0.0010000000474974513,
            0.0010000000474974513,
            0.0010000000474974513,
            0.0005000000237487257,
            0.0005000000237487257,
            0.0005000000237487257,
            0.0005000000237487257,
            0.0005000000237487257
        ]
    },
    "evaluation_metrics": {
        "accuracy": 0.5089766606822262,
        "precision": 0.5116113490963118,
        "recall": 0.5089766606822262,
        "f1": 0.4249447494737679,
        "classification_report": {
            "0": {
                "precision": 0.5151515151515151,
                "recall": 0.12341197822141561,
                "f1-score": 0.1991215226939971,
                "support": 551.0
            },
            "1": {
                "precision": 0.5081466395112016,
                "recall": 0.8863232682060391,
                "f1-score": 0.6459546925566343,
                "support": 563.0
            },
            "accuracy": 0.5089766606822262,
            "macro avg": {
                "precision": 0.5116490773313584,
                "recall": 0.5048676232137274,
                "f1-score": 0.4225381076253157,
                "support": 1114.0
            },
            "weighted avg": {
                "precision": 0.5116113490963118,
                "recall": 0.5089766606822262,
                "f1-score": 0.4249447494737679,
                "support": 1114.0
            }
        },
        "confusion_matrix": [
            [
                68,
                483
            ],
            [
                64,
                499
            ]
        ]
    }
}