{
    "timestamp": "2025-04-28 19:00:44",
    "training_history": {
        "accuracy": [
            0.5504615902900696,
            0.5994880199432373,
            0.6275308132171631,
            0.6641843318939209,
            0.6878830194473267,
            0.7127841114997864,
            0.7417190074920654,
            0.7589015364646912,
            0.7716236114501953,
            0.7813202738761902,
            0.7910557985305786
        ],
        "loss": [
            0.7404029965400696,
            0.6897680163383484,
            0.660857617855072,
            0.6303846836090088,
            0.6010885238647461,
            0.5772966742515564,
            0.5339422225952148,
            0.5114508271217346,
            0.4998134970664978,
            0.4818195402622223,
            0.46991610527038574
        ],
        "val_accuracy": [
            0.47847357392311096,
            0.4911937415599823,
            0.4735812246799469,
            0.4931506812572479,
            0.4823874831199646,
            0.4911937415599823,
            0.4931506812572479,
            0.48532289266586304,
            0.5166340470314026,
            0.4980430603027344,
            0.5068492889404297
        ],
        "val_loss": [
            0.7632802128791809,
            0.7690950632095337,
            0.776250958442688,
            0.7943928241729736,
            0.8846030831336975,
            0.879149317741394,
            0.9739376306533813,
            1.0483888387680054,
            0.995805561542511,
            1.1308294534683228,
            1.1068048477172852
        ],
        "learning_rate": [
            0.0010000000474974513,
            0.0010000000474974513,
            0.0010000000474974513,
            0.0010000000474974513,
            0.0010000000474974513,
            0.0010000000474974513,
            0.0005000000237487257,
            0.0005000000237487257,
            0.0005000000237487257,
            0.0005000000237487257,
            0.0005000000237487257
        ]
    },
    "evaluation_metrics": {
        "accuracy": 0.5499021526418787,
        "precision": 0.522946351250598,
        "recall": 0.5499021526418787,
        "f1": 0.49949989419954766,
        "classification_report": {
            "0": {
                "precision": 0.4627659574468085,
                "recall": 0.19506726457399104,
                "f1-score": 0.2744479495268139,
                "support": 446.0
            },
            "1": {
                "precision": 0.5695443645083933,
                "recall": 0.8246527777777778,
                "f1-score": 0.6737588652482269,
                "support": 576.0
            },
            "accuracy": 0.5499021526418787,
            "macro avg": {
                "precision": 0.516155160977601,
                "recall": 0.5098600211758844,
                "f1-score": 0.47410340738752044,
                "support": 1022.0
            },
            "weighted avg": {
                "precision": 0.522946351250598,
                "recall": 0.5499021526418787,
                "f1-score": 0.49949989419954766,
                "support": 1022.0
            }
        },
        "confusion_matrix": [
            [
                87,
                359
            ],
            [
                101,
                475
            ]
        ]
    }
}