{
    "timestamp": "2025-04-28 19:01:58",
    "training_history": {
        "accuracy": [
            0.6214814782142639,
            0.7140740752220154,
            0.7411110997200012,
            0.787407398223877,
            0.8040740489959717,
            0.8329629898071289,
            0.8507407307624817,
            0.8655555844306946,
            0.8788889050483704,
            0.8888888955116272,
            0.8962963223457336,
            0.9003703594207764,
            0.9085184931755066
        ],
        "loss": [
            0.7112722992897034,
            0.6331188678741455,
            0.5847923159599304,
            0.5299229025840759,
            0.4919036328792572,
            0.44447165727615356,
            0.42348673939704895,
            0.38972020149230957,
            0.35294705629348755,
            0.33136141300201416,
            0.3237263858318329,
            0.3087763488292694,
            0.30295777320861816
        ],
        "val_accuracy": [
            0.43809524178504944,
            0.5333333611488342,
            0.6380952596664429,
            0.5809524059295654,
            0.5904762148857117,
            0.6000000238418579,
            0.5904762148857117,
            0.6000000238418579,
            0.6190476417541504,
            0.6000000238418579,
            0.6190476417541504,
            0.6285714507102966,
            0.6380952596664429
        ],
        "val_loss": [
            0.8044888973236084,
            0.7687371969223022,
            0.725286066532135,
            0.754017174243927,
            0.8440577387809753,
            0.8554003834724426,
            0.9151014089584351,
            1.0400956869125366,
            1.0087083578109741,
            1.021077036857605,
            1.0041347742080688,
            0.989684522151947,
            1.015939712524414
        ],
        "learning_rate": [
            0.0010000000474974513,
            0.0010000000474974513,
            0.0010000000474974513,
            0.0010000000474974513,
            0.0010000000474974513,
            0.0010000000474974513,
            0.0010000000474974513,
            0.0010000000474974513,
            0.0005000000237487257,
            0.0005000000237487257,
            0.0005000000237487257,
            0.0005000000237487257,
            0.0005000000237487257
        ]
    },
    "evaluation_metrics": {
        "accuracy": 0.4666666666666667,
        "precision": 0.7745704467353952,
        "recall": 0.4666666666666667,
        "f1": 0.36747181964573267,
        "classification_report": {
            "0": {
                "precision": 1.0,
                "recall": 0.125,
                "f1-score": 0.2222222222222222,
                "support": 64.0
            },
            "1": {
                "precision": 0.422680412371134,
                "recall": 1.0,
                "f1-score": 0.5942028985507246,
                "support": 41.0
            },
            "accuracy": 0.4666666666666667,
            "macro avg": {
                "precision": 0.711340206185567,
                "recall": 0.5625,
                "f1-score": 0.4082125603864734,
                "support": 105.0
            },
            "weighted avg": {
                "precision": 0.7745704467353952,
                "recall": 0.4666666666666667,
                "f1-score": 0.36747181964573267,
                "support": 105.0
            }
        },
        "confusion_matrix": [
            [
                8,
                56
            ],
            [
                0,
                41
            ]
        ]
    }
}