{
    "timestamp": "2025-04-28 19:03:00",
    "training_history": {
        "accuracy": [
            0.5391836762428284,
            0.5668274760246277,
            0.6031585335731506,
            0.6402157545089722,
            0.6675483584403992,
            0.6927545070648193,
            0.7264405488967896,
            0.741818368434906,
            0.7521134614944458,
            0.7627197504043579,
            0.7729630470275879
        ],
        "loss": [
            0.7272014617919922,
            0.6946364045143127,
            0.6747495532035828,
            0.6508276462554932,
            0.624872088432312,
            0.601737916469574,
            0.5582668781280518,
            0.5368197560310364,
            0.5213232636451721,
            0.5104735493659973,
            0.4943332374095917
        ],
        "val_accuracy": [
            0.506369411945343,
            0.493630588054657,
            0.5114649534225464,
            0.476433128118515,
            0.5108280181884766,
            0.5242038369178772,
            0.5101910829544067,
            0.5331209897994995,
            0.5388535261154175,
            0.5229299068450928,
            0.5133758187294006
        ],
        "val_loss": [
            0.7144624590873718,
            0.7313486933708191,
            0.8038360476493835,
            0.9150587320327759,
            1.0902528762817383,
            0.9630610346794128,
            1.0529202222824097,
            1.179488182067871,
            1.155961513519287,
            1.1272916793823242,
            1.3560633659362793
        ],
        "learning_rate": [
            0.0010000000474974513,
            0.0010000000474974513,
            0.0010000000474974513,
            0.0010000000474974513,
            0.0010000000474974513,
            0.0010000000474974513,
            0.0005000000237487257,
            0.0005000000237487257,
            0.0005000000237487257,
            0.0005000000237487257,
            0.0005000000237487257
        ]
    },
    "evaluation_metrics": {
        "accuracy": 0.5009548058561426,
        "precision": 0.5245973122310937,
        "recall": 0.5009548058561426,
        "f1": 0.477297749107479,
        "classification_report": {
            "0": {
                "precision": 0.47471162377994675,
                "recall": 0.7359009628610729,
                "f1-score": 0.5771305285868393,
                "support": 727.0
            },
            "1": {
                "precision": 0.5675675675675675,
                "recall": 0.2985781990521327,
                "f1-score": 0.3913043478260869,
                "support": 844.0
            },
            "accuracy": 0.5009548058561426,
            "macro avg": {
                "precision": 0.5211395956737571,
                "recall": 0.5172395809566028,
                "f1-score": 0.4842174382064631,
                "support": 1571.0
            },
            "weighted avg": {
                "precision": 0.5245973122310937,
                "recall": 0.5009548058561426,
                "f1-score": 0.477297749107479,
                "support": 1571.0
            }
        },
        "confusion_matrix": [
            [
                535,
                192
            ],
            [
                592,
                252
            ]
        ]
    }
}