{
    "timestamp": "2025-04-28 19:09:42",
    "training_history": {
        "accuracy": [
            0.5389290452003479,
            0.561482846736908,
            0.5905163884162903,
            0.6148784160614014,
            0.6490355730056763,
            0.669780969619751,
            0.7067510485649109,
            0.7351818084716797,
            0.7525618076324463,
            0.7621558904647827,
            0.7780289053916931
        ],
        "loss": [
            0.732951283454895,
            0.6971293687820435,
            0.6739047765731812,
            0.6585204601287842,
            0.6361934542655945,
            0.6170967221260071,
            0.575825572013855,
            0.5506256818771362,
            0.5290721654891968,
            0.5132295489311218,
            0.49599647521972656
        ],
        "val_accuracy": [
            0.4961734712123871,
            0.4655612111091614,
            0.4732142984867096,
            0.48469388484954834,
            0.4808673560619354,
            0.4783163368701935,
            0.49362245202064514,
            0.48341837525367737,
            0.4808673560619354,
            0.4872449040412903,
            0.49744898080825806
        ],
        "val_loss": [
            0.8287745714187622,
            0.9132824540138245,
            1.0303537845611572,
            1.213197946548462,
            1.2607638835906982,
            1.3521291017532349,
            1.4256882667541504,
            1.7757946252822876,
            1.834564208984375,
            1.812104344367981,
            1.68265700340271
        ],
        "learning_rate": [
            0.0010000000474974513,
            0.0010000000474974513,
            0.0010000000474974513,
            0.0010000000474974513,
            0.0010000000474974513,
            0.0010000000474974513,
            0.0005000000237487257,
            0.0005000000237487257,
            0.0005000000237487257,
            0.0005000000237487257,
            0.0005000000237487257
        ]
    },
    "evaluation_metrics": {
        "accuracy": 0.4484076433121019,
        "precision": 0.2010694145807132,
        "recall": 0.4484076433121019,
        "f1": 0.2776420236514686,
        "classification_report": {
            "0": {
                "precision": 0.4484076433121019,
                "recall": 1.0,
                "f1-score": 0.6191732629727353,
                "support": 352.0
            },
            "1": {
                "precision": 0.0,
                "recall": 0.0,
                "f1-score": 0.0,
                "support": 433.0
            },
            "accuracy": 0.4484076433121019,
            "macro avg": {
                "precision": 0.22420382165605096,
                "recall": 0.5,
                "f1-score": 0.30958663148636767,
                "support": 785.0
            },
            "weighted avg": {
                "precision": 0.2010694145807132,
                "recall": 0.4484076433121019,
                "f1-score": 0.2776420236514686,
                "support": 785.0
            }
        },
        "confusion_matrix": [
            [
                352,
                0
            ],
            [
                433,
                0
            ]
        ]
    }
}