{
    "timestamp": "2025-04-28 19:03:17",
    "training_history": {
        "accuracy": [
            0.578205943107605,
            0.6476072072982788,
            0.6999171376228333,
            0.7345141768455505,
            0.7580277323722839,
            0.7758442163467407,
            0.8047441244125366,
            0.8184172511100769,
            0.8354049921035767,
            0.841102123260498,
            0.8472135663032532
        ],
        "loss": [
            0.7357799410820007,
            0.6648722887039185,
            0.6095739006996155,
            0.5650522112846375,
            0.534088671207428,
            0.5073524117469788,
            0.45764386653900146,
            0.4359792172908783,
            0.41624915599823,
            0.39935216307640076,
            0.39695993065834045
        ],
        "val_accuracy": [
            0.4245014190673828,
            0.43304842710494995,
            0.4472934603691101,
            0.4444444477558136,
            0.43019944429397583,
            0.5071225166320801,
            0.5014244914054871,
            0.4928774833679199,
            0.5014244914054871,
            0.4900285005569458,
            0.45299145579338074
        ],
        "val_loss": [
            0.7774364352226257,
            0.8664683103561401,
            0.949159562587738,
            0.9494282603263855,
            0.9802272319793701,
            1.0375912189483643,
            1.0694010257720947,
            1.0361837148666382,
            1.042909860610962,
            1.0732444524765015,
            1.1472121477127075
        ],
        "learning_rate": [
            0.0010000000474974513,
            0.0010000000474974513,
            0.0010000000474974513,
            0.0010000000474974513,
            0.0010000000474974513,
            0.0010000000474974513,
            0.0005000000237487257,
            0.0005000000237487257,
            0.0005000000237487257,
            0.0005000000237487257,
            0.0005000000237487257
        ]
    },
    "evaluation_metrics": {
        "accuracy": 0.4700854700854701,
        "precision": 0.48864642672471853,
        "recall": 0.4700854700854701,
        "f1": 0.41932003559910536,
        "classification_report": {
            "0": {
                "precision": 0.45907473309608543,
                "recall": 0.7914110429447853,
                "f1-score": 0.581081081081081,
                "support": 163.0
            },
            "1": {
                "precision": 0.5142857142857142,
                "recall": 0.19148936170212766,
                "f1-score": 0.27906976744186046,
                "support": 188.0
            },
            "accuracy": 0.4700854700854701,
            "macro avg": {
                "precision": 0.4866802236908998,
                "recall": 0.4914502023234565,
                "f1-score": 0.4300754242614707,
                "support": 351.0
            },
            "weighted avg": {
                "precision": 0.48864642672471853,
                "recall": 0.4700854700854701,
                "f1-score": 0.41932003559910536,
                "support": 351.0
            }
        },
        "confusion_matrix": [
            [
                129,
                34
            ],
            [
                152,
                36
            ]
        ]
    }
}