{
    "timestamp": "2025-04-28 19:03:40",
    "training_history": {
        "accuracy": [
            0.5401025414466858,
            0.6025177240371704,
            0.6506859660148621,
            0.6963666677474976,
            0.7290818691253662,
            0.7554650902748108,
            0.7933061718940735,
            0.8076285123825073,
            0.8238353729248047,
            0.8335594534873962,
            0.8413236737251282
        ],
        "loss": [
            0.7460160851478577,
            0.691735029220581,
            0.6474705338478088,
            0.6028281450271606,
            0.5614519715309143,
            0.5274431705474854,
            0.47471877932548523,
            0.44744211435317993,
            0.4241849184036255,
            0.4099201261997223,
            0.40016308426856995
        ],
        "val_accuracy": [
            0.5438246726989746,
            0.5358565449714661,
            0.5099601745605469,
            0.525896430015564,
            0.5059760808944702,
            0.4900398552417755,
            0.5019920468330383,
            0.49800798296928406,
            0.5657370686531067,
            0.5179283022880554,
            0.5179283022880554
        ],
        "val_loss": [
            0.7404404878616333,
            0.7729765772819519,
            0.7781152725219727,
            0.797775387763977,
            0.7949973940849304,
            0.9152701497077942,
            0.9608840346336365,
            1.0795085430145264,
            0.983913779258728,
            1.1179434061050415,
            1.060280203819275
        ],
        "learning_rate": [
            0.0010000000474974513,
            0.0010000000474974513,
            0.0010000000474974513,
            0.0010000000474974513,
            0.0010000000474974513,
            0.0010000000474974513,
            0.0005000000237487257,
            0.0005000000237487257,
            0.0005000000237487257,
            0.0005000000237487257,
            0.0005000000237487257
        ]
    },
    "evaluation_metrics": {
        "accuracy": 0.5418326693227091,
        "precision": 0.41338735965229984,
        "recall": 0.5418326693227091,
        "f1": 0.413517830944981,
        "classification_report": {
            "0": {
                "precision": 0.22727272727272727,
                "recall": 0.022935779816513763,
                "f1-score": 0.04166666666666667,
                "support": 218.0
            },
            "1": {
                "precision": 0.55625,
                "recall": 0.9401408450704225,
                "f1-score": 0.6989528795811519,
                "support": 284.0
            },
            "accuracy": 0.5418326693227091,
            "macro avg": {
                "precision": 0.39176136363636366,
                "recall": 0.4815383124434681,
                "f1-score": 0.3703097731239093,
                "support": 502.0
            },
            "weighted avg": {
                "precision": 0.41338735965229984,
                "recall": 0.5418326693227091,
                "f1-score": 0.413517830944981,
                "support": 502.0
            }
        },
        "confusion_matrix": [
            [
                5,
                213
            ],
            [
                17,
                267
            ]
        ]
    }
}