{
    "timestamp": "2025-04-28 19:27:57",
    "training_history": {
        "accuracy": [
            0.5541636347770691,
            0.5963447093963623,
            0.639009952545166,
            0.6821593046188354,
            0.7193173766136169,
            0.7455821633338928,
            0.7863107919692993,
            0.799503743648529,
            0.8131203055381775,
            0.8214112520217896,
            0.832546591758728
        ],
        "loss": [
            0.7384971380233765,
            0.6853966116905212,
            0.6515815258026123,
            0.6206998825073242,
            0.5800384283065796,
            0.5458657145500183,
            0.4929918944835663,
            0.46996811032295227,
            0.44860395789146423,
            0.4331779181957245,
            0.41773417592048645
        ],
        "val_accuracy": [
            0.5138888955116272,
            0.5138888955116272,
            0.4969135820865631,
            0.5354938507080078,
            0.5246913433074951,
            0.5123456716537476,
            0.5092592835426331,
            0.5123456716537476,
            0.5262345671653748,
            0.48765432834625244,
            0.5108024477958679
        ],
        "val_loss": [
            0.7186397910118103,
            0.8146491050720215,
            0.80196213722229,
            0.8213706016540527,
            0.8434750437736511,
            0.8856615424156189,
            0.9100046753883362,
            0.9017449617385864,
            1.0002100467681885,
            0.9996098875999451,
            0.8972789645195007
        ],
        "learning_rate": [
            0.0010000000474974513,
            0.0010000000474974513,
            0.0010000000474974513,
            0.0010000000474974513,
            0.0010000000474974513,
            0.0010000000474974513,
            0.0005000000237487257,
            0.0005000000237487257,
            0.0005000000237487257,
            0.0005000000237487257,
            0.0005000000237487257
        ]
    },
    "evaluation_metrics": {
        "accuracy": 0.5385802469135802,
        "precision": 0.5551883212446717,
        "recall": 0.5385802469135802,
        "f1": 0.5327719063002538,
        "classification_report": {
            "0": {
                "precision": 0.6032388663967612,
                "recall": 0.4257142857142857,
                "f1-score": 0.4991624790619766,
                "support": 350.0
            },
            "1": {
                "precision": 0.49875311720698257,
                "recall": 0.6711409395973155,
                "f1-score": 0.5722460658082976,
                "support": 298.0
            },
            "accuracy": 0.5385802469135802,
            "macro avg": {
                "precision": 0.5509959918018719,
                "recall": 0.5484276126558005,
                "f1-score": 0.5357042724351371,
                "support": 648.0
            },
            "weighted avg": {
                "precision": 0.5551883212446717,
                "recall": 0.5385802469135802,
                "f1-score": 0.5327719063002538,
                "support": 648.0
            }
        },
        "confusion_matrix": [
            [
                149,
                201
            ],
            [
                98,
                200
            ]
        ]
    }
}