{
    "timestamp": "2025-04-28 19:01:51",
    "training_history": {
        "accuracy": [
            0.5258404612541199,
            0.549909234046936,
            0.566372811794281,
            0.5950220227241516,
            0.6175352334976196,
            0.6489499807357788,
            0.6870625019073486,
            0.70624840259552,
            0.7270762920379639,
            0.7387002110481262,
            0.7453979849815369
        ],
        "loss": [
            0.741374135017395,
            0.7009272575378418,
            0.6824738383293152,
            0.6664321422576904,
            0.644854724407196,
            0.6232423186302185,
            0.5841824412345886,
            0.5642959475517273,
            0.5446867346763611,
            0.5317728519439697,
            0.5206146836280823
        ],
        "val_accuracy": [
            0.5474137663841248,
            0.5269396305084229,
            0.5463362336158752,
            0.5323275923728943,
            0.53125,
            0.5280172228813171,
            0.5129310488700867,
            0.5075430870056152,
            0.4989224076271057,
            0.4989224076271057,
            0.5032327771186829
        ],
        "val_loss": [
            0.7273207902908325,
            0.8508946895599365,
            0.828002393245697,
            0.8300182819366455,
            1.232916235923767,
            1.2910654544830322,
            1.625855803489685,
            2.2320919036865234,
            2.030064582824707,
            2.90275239944458,
            2.9095799922943115
        ],
        "learning_rate": [
            0.0010000000474974513,
            0.0010000000474974513,
            0.0010000000474974513,
            0.0010000000474974513,
            0.0010000000474974513,
            0.0010000000474974513,
            0.0005000000237487257,
            0.0005000000237487257,
            0.0005000000237487257,
            0.0005000000237487257,
            0.0005000000237487257
        ]
    },
    "evaluation_metrics": {
        "accuracy": 0.5280172413793104,
        "precision": 0.5283181801796235,
        "recall": 0.5280172413793104,
        "f1": 0.5274576326759135,
        "classification_report": {
            "0": {
                "precision": 0.5324074074074074,
                "recall": 0.49356223175965663,
                "f1-score": 0.512249443207127,
                "support": 466.0
            },
            "1": {
                "precision": 0.5241935483870968,
                "recall": 0.5627705627705628,
                "f1-score": 0.5427974947807934,
                "support": 462.0
            },
            "accuracy": 0.5280172413793104,
            "macro avg": {
                "precision": 0.5283004778972521,
                "recall": 0.5281663972651097,
                "f1-score": 0.5275234689939602,
                "support": 928.0
            },
            "weighted avg": {
                "precision": 0.5283181801796235,
                "recall": 0.5280172413793104,
                "f1-score": 0.5274576326759135,
                "support": 928.0
            }
        },
        "confusion_matrix": [
            [
                230,
                236
            ],
            [
                202,
                260
            ]
        ]
    }
}