{
    "timestamp": "2025-04-28 18:57:44",
    "training_history": {
        "accuracy": [
            0.5389444231987,
            0.5798957943916321,
            0.6271244287490845,
            0.6746093034744263,
            0.704757034778595,
            0.7390896081924438,
            0.7794004678726196,
            0.7894781827926636,
            0.8012213110923767,
            0.8131352066993713,
            0.8203945755958557
        ],
        "loss": [
            0.7360360622406006,
            0.6918389797210693,
            0.6551788449287415,
            0.6185480356216431,
            0.5790375471115112,
            0.5451300144195557,
            0.4955984354019165,
            0.47541478276252747,
            0.45443204045295715,
            0.4396945834159851,
            0.4271409213542938
        ],
        "val_accuracy": [
            0.46294307708740234,
            0.4790547788143158,
            0.5016111731529236,
            0.44897958636283875,
            0.4597207307815552,
            0.4522019326686859,
            0.5338345766067505,
            0.4790547788143158,
            0.5005370378494263,
            0.5392051339149475,
            0.5477980375289917
        ],
        "val_loss": [
            0.7300893664360046,
            0.7328483462333679,
            0.8187668323516846,
            0.8143501281738281,
            0.7751845121383667,
            0.7937226891517639,
            0.8710666298866272,
            0.8693958520889282,
            0.8231543302536011,
            1.0525758266448975,
            1.1020441055297852
        ],
        "learning_rate": [
            0.0010000000474974513,
            0.0010000000474974513,
            0.0010000000474974513,
            0.0010000000474974513,
            0.0010000000474974513,
            0.0010000000474974513,
            0.0005000000237487257,
            0.0005000000237487257,
            0.0005000000237487257,
            0.0005000000237487257,
            0.0005000000237487257
        ]
    },
    "evaluation_metrics": {
        "accuracy": 0.5026852846401718,
        "precision": 0.3110666598346193,
        "recall": 0.5026852846401718,
        "f1": 0.35285535699539544,
        "classification_report": {
            "0": {
                "precision": 0.09090909090909091,
                "recall": 0.0044943820224719105,
                "f1-score": 0.008565310492505356,
                "support": 445.0
            },
            "1": {
                "precision": 0.5126512651265126,
                "recall": 0.9588477366255144,
                "f1-score": 0.6681003584229389,
                "support": 486.0
            },
            "accuracy": 0.5026852846401718,
            "macro avg": {
                "precision": 0.30178017801780177,
                "recall": 0.4816710593239931,
                "f1-score": 0.3383328344577221,
                "support": 931.0
            },
            "weighted avg": {
                "precision": 0.3110666598346193,
                "recall": 0.5026852846401718,
                "f1-score": 0.35285535699539544,
                "support": 931.0
            }
        },
        "confusion_matrix": [
            [
                2,
                443
            ],
            [
                20,
                466
            ]
        ]
    }
}