{
    "timestamp": "2025-04-28 19:03:53",
    "training_history": {
        "accuracy": [
            0.5831322073936462,
            0.6476266980171204,
            0.6922767758369446,
            0.7331724166870117,
            0.7609278559684753,
            0.7834540009498596,
            0.8140252232551575,
            0.8368195295333862,
            0.8432555794715881,
            0.8529096245765686,
            0.8597479462623596
        ],
        "loss": [
            0.7444229125976562,
            0.6774067878723145,
            0.6239084601402283,
            0.5727297067642212,
            0.5392621159553528,
            0.5029828548431396,
            0.4542302191257477,
            0.4253365099430084,
            0.4095088839530945,
            0.3932095468044281,
            0.38467937707901
        ],
        "val_accuracy": [
            0.5620437860488892,
            0.4708029329776764,
            0.4635036587715149,
            0.529197096824646,
            0.4416058361530304,
            0.48175182938575745,
            0.47445255517959595,
            0.46715328097343445,
            0.45255473256111145,
            0.5,
            0.4635036587715149
        ],
        "val_loss": [
            0.7857425808906555,
            0.8600935339927673,
            1.0973536968231201,
            0.9839982986450195,
            0.9982509016990662,
            1.18263578414917,
            1.3166725635528564,
            1.4481570720672607,
            1.2284833192825317,
            1.4447877407073975,
            1.4510002136230469
        ],
        "learning_rate": [
            0.0010000000474974513,
            0.0010000000474974513,
            0.0010000000474974513,
            0.0010000000474974513,
            0.0010000000474974513,
            0.0010000000474974513,
            0.0005000000237487257,
            0.0005000000237487257,
            0.0005000000237487257,
            0.0005000000237487257,
            0.0005000000237487257
        ]
    },
    "evaluation_metrics": {
        "accuracy": 0.49818181818181817,
        "precision": 0.4605802707930367,
        "recall": 0.49818181818181817,
        "f1": 0.42477343090346187,
        "classification_report": {
            "0": {
                "precision": 0.5148936170212766,
                "recall": 0.8344827586206897,
                "f1-score": 0.6368421052631579,
                "support": 145.0
            },
            "1": {
                "precision": 0.4,
                "recall": 0.12307692307692308,
                "f1-score": 0.18823529411764708,
                "support": 130.0
            },
            "accuracy": 0.49818181818181817,
            "macro avg": {
                "precision": 0.4574468085106383,
                "recall": 0.47877984084880637,
                "f1-score": 0.41253869969040247,
                "support": 275.0
            },
            "weighted avg": {
                "precision": 0.4605802707930367,
                "recall": 0.49818181818181817,
                "f1-score": 0.42477343090346187,
                "support": 275.0
            }
        },
        "confusion_matrix": [
            [
                121,
                24
            ],
            [
                114,
                16
            ]
        ]
    }
}