{
    "timestamp": "2025-04-28 19:23:11",
    "training_history": {
        "accuracy": [
            0.6122931241989136,
            0.7145389914512634,
            0.7559101581573486,
            0.7777777910232544,
            0.8043735027313232,
            0.8221040368080139,
            0.8380614519119263,
            0.8433806300163269,
            0.8587470650672913,
            0.86052006483078,
            0.8646572232246399
        ],
        "loss": [
            0.7294889688491821,
            0.6404697895050049,
            0.5741657614707947,
            0.5353854298591614,
            0.49032288789749146,
            0.4556913673877716,
            0.43168526887893677,
            0.41664737462997437,
            0.39586490392684937,
            0.3856246769428253,
            0.3812514543533325
        ],
        "val_accuracy": [
            0.508474588394165,
            0.508474588394165,
            0.508474588394165,
            0.49152541160583496,
            0.49152541160583496,
            0.49152541160583496,
            0.5593220591545105,
            0.49152541160583496,
            0.5254237055778503,
            0.5593220591545105,
            0.5423728823661804
        ],
        "val_loss": [
            0.8272286057472229,
            0.9208763241767883,
            1.153307557106018,
            1.2901017665863037,
            1.369120717048645,
            1.5408724546432495,
            1.4230868816375732,
            1.5836209058761597,
            1.652280330657959,
            1.5687103271484375,
            1.6275033950805664
        ],
        "learning_rate": [
            0.0010000000474974513,
            0.0010000000474974513,
            0.0010000000474974513,
            0.0010000000474974513,
            0.0010000000474974513,
            0.0010000000474974513,
            0.0005000000237487257,
            0.0005000000237487257,
            0.0005000000237487257,
            0.0005000000237487257,
            0.0005000000237487257
        ]
    },
    "evaluation_metrics": {
        "accuracy": 0.4406779661016949,
        "precision": 0.19419706980752657,
        "recall": 0.4406779661016949,
        "f1": 0.2695912263210369,
        "classification_report": {
            "0": {
                "precision": 0.0,
                "recall": 0.0,
                "f1-score": 0.0,
                "support": 33.0
            },
            "1": {
                "precision": 0.4406779661016949,
                "recall": 1.0,
                "f1-score": 0.611764705882353,
                "support": 26.0
            },
            "accuracy": 0.4406779661016949,
            "macro avg": {
                "precision": 0.22033898305084745,
                "recall": 0.5,
                "f1-score": 0.3058823529411765,
                "support": 59.0
            },
            "weighted avg": {
                "precision": 0.19419706980752657,
                "recall": 0.4406779661016949,
                "f1-score": 0.2695912263210369,
                "support": 59.0
            }
        },
        "confusion_matrix": [
            [
                0,
                33
            ],
            [
                0,
                26
            ]
        ]
    }
}