{
    "timestamp": "2025-04-28 19:06:14",
    "training_history": {
        "accuracy": [
            0.579748272895813,
            0.6371892690658569,
            0.6720841526985168,
            0.6971797347068787,
            0.7251434326171875,
            0.7574888467788696,
            0.7880018949508667,
            0.8046526312828064,
            0.8135755062103271,
            0.8280752301216125,
            0.8397068381309509
        ],
        "loss": [
            0.738146960735321,
            0.6795055270195007,
            0.6339550018310547,
            0.5935432314872742,
            0.555553138256073,
            0.5202668309211731,
            0.47280582785606384,
            0.4442785978317261,
            0.42937543988227844,
            0.4080733060836792,
            0.3918270766735077
        ],
        "val_accuracy": [
            0.5233050584793091,
            0.5042372941970825,
            0.5148305296897888,
            0.5211864113807678,
            0.5169491767883301,
            0.5148305296897888,
            0.5127118825912476,
            0.5127118825912476,
            0.5169491767883301,
            0.5063559412956238,
            0.5254237055778503
        ],
        "val_loss": [
            1.1595914363861084,
            1.350073218345642,
            2.122999668121338,
            2.3998863697052,
            2.039975881576538,
            1.9147231578826904,
            2.3489325046539307,
            2.5831902027130127,
            2.5727760791778564,
            3.3286702632904053,
            2.1122801303863525
        ],
        "learning_rate": [
            0.0010000000474974513,
            0.0010000000474974513,
            0.0010000000474974513,
            0.0010000000474974513,
            0.0010000000474974513,
            0.0010000000474974513,
            0.0005000000237487257,
            0.0005000000237487257,
            0.0005000000237487257,
            0.0005000000237487257,
            0.0005000000237487257
        ]
    },
    "evaluation_metrics": {
        "accuracy": 0.47357293868921774,
        "precision": 0.22427132825874158,
        "recall": 0.47357293868921774,
        "f1": 0.30439121453768947,
        "classification_report": {
            "0": {
                "precision": 0.47357293868921774,
                "recall": 1.0,
                "f1-score": 0.642754662840746,
                "support": 224.0
            },
            "1": {
                "precision": 0.0,
                "recall": 0.0,
                "f1-score": 0.0,
                "support": 249.0
            },
            "accuracy": 0.47357293868921774,
            "macro avg": {
                "precision": 0.23678646934460887,
                "recall": 0.5,
                "f1-score": 0.321377331420373,
                "support": 473.0
            },
            "weighted avg": {
                "precision": 0.22427132825874158,
                "recall": 0.47357293868921774,
                "f1-score": 0.30439121453768947,
                "support": 473.0
            }
        },
        "confusion_matrix": [
            [
                224,
                0
            ],
            [
                249,
                0
            ]
        ]
    }
}