{
    "timestamp": "2025-04-28 19:14:18",
    "training_history": {
        "accuracy": [
            0.5834935903549194,
            0.6628205180168152,
            0.7036858797073364,
            0.7520833611488342,
            0.7815704941749573,
            0.7934294939041138,
            0.8177884817123413,
            0.8415064215660095,
            0.8459935784339905,
            0.8549679517745972,
            0.8613781929016113
        ],
        "loss": [
            0.7409403324127197,
            0.6640902757644653,
            0.6093827486038208,
            0.5502422451972961,
            0.5075940489768982,
            0.47816553711891174,
            0.4342806041240692,
            0.4022754728794098,
            0.39053648710250854,
            0.37700724601745605,
            0.36605530977249146
        ],
        "val_accuracy": [
            0.47325101494789124,
            0.4855967164039612,
            0.48148149251937866,
            0.4485596716403961,
            0.4897119402885437,
            0.49794238805770874,
            0.4855967164039612,
            0.47736626863479614,
            0.48148149251937866,
            0.4938271641731262,
            0.5020576119422913
        ],
        "val_loss": [
            0.8521586060523987,
            0.9062759876251221,
            0.9288293123245239,
            1.0086898803710938,
            1.1131788492202759,
            1.160007119178772,
            1.2280492782592773,
            1.2934107780456543,
            1.329911470413208,
            1.3925435543060303,
            1.4211326837539673
        ],
        "learning_rate": [
            0.0010000000474974513,
            0.0010000000474974513,
            0.0010000000474974513,
            0.0010000000474974513,
            0.0010000000474974513,
            0.0010000000474974513,
            0.0005000000237487257,
            0.0005000000237487257,
            0.0005000000237487257,
            0.0005000000237487257,
            0.0005000000237487257
        ]
    },
    "evaluation_metrics": {
        "accuracy": 0.3786008230452675,
        "precision": 0.3410225775817174,
        "recall": 0.3786008230452675,
        "f1": 0.276653705244799,
        "classification_report": {
            "0": {
                "precision": 0.3870967741935484,
                "recall": 0.8235294117647058,
                "f1-score": 0.5266457680250785,
                "support": 102.0
            },
            "1": {
                "precision": 0.3076923076923077,
                "recall": 0.05673758865248227,
                "f1-score": 0.09580838323353295,
                "support": 141.0
            },
            "accuracy": 0.3786008230452675,
            "macro avg": {
                "precision": 0.34739454094292804,
                "recall": 0.44013350020859404,
                "f1-score": 0.3112270756293057,
                "support": 243.0
            },
            "weighted avg": {
                "precision": 0.3410225775817174,
                "recall": 0.3786008230452675,
                "f1-score": 0.276653705244799,
                "support": 243.0
            }
        },
        "confusion_matrix": [
            [
                84,
                18
            ],
            [
                133,
                8
            ]
        ]
    }
}