{
    "timestamp": "2025-04-28 19:10:25",
    "training_history": {
        "accuracy": [
            0.5440523624420166,
            0.5781550407409668,
            0.6115549802780151,
            0.644917905330658,
            0.677984893321991,
            0.7038393020629883,
            0.7465231418609619,
            0.7647950649261475,
            0.7778887152671814,
            0.7918701171875,
            0.8021896481513977
        ],
        "loss": [
            0.7291077375411987,
            0.6893201470375061,
            0.6720198392868042,
            0.6459317207336426,
            0.623295247554779,
            0.5927793979644775,
            0.5390264987945557,
            0.5162705779075623,
            0.49701303243637085,
            0.4781535267829895,
            0.4640493094921112
        ],
        "val_accuracy": [
            0.49183303117752075,
            0.481851190328598,
            0.4646098017692566,
            0.4455535411834717,
            0.5698729753494263,
            0.452813059091568,
            0.4745916426181793,
            0.517241358757019,
            0.481851190328598,
            0.46098002791404724,
            0.5045372247695923
        ],
        "val_loss": [
            0.719690203666687,
            0.7452146410942078,
            0.7341795563697815,
            0.7447943687438965,
            0.725841760635376,
            0.7638034224510193,
            0.8970418572425842,
            0.7773572206497192,
            0.8034636974334717,
            0.804633617401123,
            0.8553472757339478
        ],
        "learning_rate": [
            0.0010000000474974513,
            0.0010000000474974513,
            0.0010000000474974513,
            0.0010000000474974513,
            0.0010000000474974513,
            0.0010000000474974513,
            0.0005000000237487257,
            0.0005000000237487257,
            0.0005000000237487257,
            0.0005000000237487257,
            0.0005000000237487257
        ]
    },
    "evaluation_metrics": {
        "accuracy": 0.4696282864913871,
        "precision": 0.5165997291112896,
        "recall": 0.4696282864913871,
        "f1": 0.3723231009619859,
        "classification_report": {
            "0": {
                "precision": 0.4592964824120603,
                "recall": 0.9067460317460317,
                "f1-score": 0.609739826551034,
                "support": 504.0
            },
            "1": {
                "precision": 0.5648148148148148,
                "recall": 0.1018363939899833,
                "f1-score": 0.17256011315417252,
                "support": 599.0
            },
            "accuracy": 0.4696282864913871,
            "macro avg": {
                "precision": 0.5120556486134376,
                "recall": 0.5042912128680075,
                "f1-score": 0.39114996985260325,
                "support": 1103.0
            },
            "weighted avg": {
                "precision": 0.5165997291112896,
                "recall": 0.4696282864913871,
                "f1-score": 0.3723231009619859,
                "support": 1103.0
            }
        },
        "confusion_matrix": [
            [
                457,
                47
            ],
            [
                538,
                61
            ]
        ]
    }
}