{
    "timestamp": "2025-04-28 18:57:04",
    "training_history": {
        "accuracy": [
            0.5489327907562256,
            0.5877043604850769,
            0.6230699419975281,
            0.6525885462760925,
            0.6733651161193848,
            0.700783371925354,
            0.7385899424552917,
            0.7531221508979797,
            0.7711171507835388,
            0.7827543020248413,
            0.7921775579452515
        ],
        "loss": [
            0.7404906153678894,
            0.6935495138168335,
            0.6623483896255493,
            0.6383919715881348,
            0.610602080821991,
            0.5838912725448608,
            0.5365869402885437,
            0.518454909324646,
            0.4923923909664154,
            0.4816020727157593,
            0.4644910991191864
        ],
        "val_accuracy": [
            0.4902839958667755,
            0.4857997000217438,
            0.5276532173156738,
            0.4902839958667755,
            0.5515695214271545,
            0.5351270437240601,
            0.5426008701324463,
            0.5515695214271545,
            0.5440956354141235,
            0.554559051990509,
            0.5082212090492249
        ],
        "val_loss": [
            0.7454874515533447,
            0.7791690826416016,
            0.8058266639709473,
            0.8307663798332214,
            0.8878952264785767,
            0.9272539615631104,
            0.9830554127693176,
            1.0100836753845215,
            0.9680553674697876,
            1.0301636457443237,
            1.0019031763076782
        ],
        "learning_rate": [
            0.0010000000474974513,
            0.0010000000474974513,
            0.0010000000474974513,
            0.0010000000474974513,
            0.0010000000474974513,
            0.0010000000474974513,
            0.0005000000237487257,
            0.0005000000237487257,
            0.0005000000237487257,
            0.0005000000237487257,
            0.0005000000237487257
        ]
    },
    "evaluation_metrics": {
        "accuracy": 0.508955223880597,
        "precision": 0.5087664534470505,
        "recall": 0.508955223880597,
        "f1": 0.5009208135890967,
        "classification_report": {
            "0": {
                "precision": 0.508,
                "recall": 0.3813813813813814,
                "f1-score": 0.4356775300171527,
                "support": 333.0
            },
            "1": {
                "precision": 0.5095238095238095,
                "recall": 0.6350148367952523,
                "f1-score": 0.5653896961690886,
                "support": 337.0
            },
            "accuracy": 0.508955223880597,
            "macro avg": {
                "precision": 0.5087619047619047,
                "recall": 0.5081981090883169,
                "f1-score": 0.5005336130931206,
                "support": 670.0
            },
            "weighted avg": {
                "precision": 0.5087664534470505,
                "recall": 0.508955223880597,
                "f1-score": 0.5009208135890967,
                "support": 670.0
            }
        },
        "confusion_matrix": [
            [
                127,
                206
            ],
            [
                123,
                214
            ]
        ]
    }
}