{
    "timestamp": "2025-04-28 19:07:38",
    "training_history": {
        "accuracy": [
            0.5564368367195129,
            0.6219239234924316,
            0.6731746792793274,
            0.7119178175926208,
            0.7426276206970215,
            0.7677445411682129,
            0.8003864288330078,
            0.8202155828475952,
            0.8326215147972107,
            0.8405531644821167,
            0.8439089059829712
        ],
        "loss": [
            0.7506052851676941,
            0.6897724866867065,
            0.6412971615791321,
            0.5952942967414856,
            0.5564780831336975,
            0.5206321477890015,
            0.4715215563774109,
            0.4453607499599457,
            0.4247760474681854,
            0.4115627110004425,
            0.39734095335006714
        ],
        "val_accuracy": [
            0.45303866267204285,
            0.47790056467056274,
            0.47790056467056274,
            0.4917127192020416,
            0.5165745615959167,
            0.4751381278038025,
            0.4917127192020416,
            0.5138121843338013,
            0.5,
            0.5165745615959167,
            0.519336998462677
        ],
        "val_loss": [
            0.8139870762825012,
            0.8784456849098206,
            0.8529853820800781,
            0.8885559439659119,
            0.8982734680175781,
            0.9629755020141602,
            1.0025132894515991,
            1.0012226104736328,
            1.0555042028427124,
            1.118635654449463,
            1.0908256769180298
        ],
        "learning_rate": [
            0.0010000000474974513,
            0.0010000000474974513,
            0.0010000000474974513,
            0.0010000000474974513,
            0.0010000000474974513,
            0.0010000000474974513,
            0.0005000000237487257,
            0.0005000000237487257,
            0.0005000000237487257,
            0.0005000000237487257,
            0.0005000000237487257
        ]
    },
    "evaluation_metrics": {
        "accuracy": 0.46685082872928174,
        "precision": 0.45952223026154954,
        "recall": 0.46685082872928174,
        "f1": 0.4566254786077235,
        "classification_report": {
            "0": {
                "precision": 0.48917748917748916,
                "recall": 0.601063829787234,
                "f1-score": 0.5393794749403341,
                "support": 188.0
            },
            "1": {
                "precision": 0.42748091603053434,
                "recall": 0.3218390804597701,
                "f1-score": 0.36721311475409835,
                "support": 174.0
            },
            "accuracy": 0.46685082872928174,
            "macro avg": {
                "precision": 0.4583292026040118,
                "recall": 0.46145145512350205,
                "f1-score": 0.45329629484721623,
                "support": 362.0
            },
            "weighted avg": {
                "precision": 0.45952223026154954,
                "recall": 0.46685082872928174,
                "f1-score": 0.4566254786077235,
                "support": 362.0
            }
        },
        "confusion_matrix": [
            [
                113,
                75
            ],
            [
                118,
                56
            ]
        ]
    }
}