{
    "timestamp": "2025-04-28 19:11:15",
    "training_history": {
        "accuracy": [
            0.5370573401451111,
            0.5784679651260376,
            0.6098185777664185,
            0.6452297568321228,
            0.6800556182861328,
            0.706504225730896,
            0.7204053401947021,
            0.7431957721710205,
            0.7758633494377136,
            0.7881548404693604,
            0.7990561723709106,
            0.8068847060203552,
            0.8146034479141235
        ],
        "loss": [
            0.733745276927948,
            0.6904085278511047,
            0.6666736006736755,
            0.634928286075592,
            0.6054103970527649,
            0.5812665820121765,
            0.561852753162384,
            0.5395256876945496,
            0.4946889579296112,
            0.47739943861961365,
            0.4592569172382355,
            0.4472123980522156,
            0.43626460433006287
        ],
        "val_accuracy": [
            0.5546139478683472,
            0.564030110836029,
            0.561205267906189,
            0.561205267906189,
            0.5677965879440308,
            0.5659133791923523,
            0.5508474707603455,
            0.5659133791923523,
            0.5649717450141907,
            0.5621469020843506,
            0.564030110836029,
            0.5687382221221924,
            0.5659133791923523
        ],
        "val_loss": [
            0.7581276893615723,
            0.738164484500885,
            0.712811291217804,
            0.7343875765800476,
            0.717170238494873,
            0.717542290687561,
            0.7597950100898743,
            0.7185295224189758,
            0.7378934025764465,
            0.7237714529037476,
            0.7264938950538635,
            0.7275840044021606,
            0.7393624782562256
        ],
        "learning_rate": [
            0.0010000000474974513,
            0.0010000000474974513,
            0.0010000000474974513,
            0.0010000000474974513,
            0.0010000000474974513,
            0.0010000000474974513,
            0.0010000000474974513,
            0.0010000000474974513,
            0.0005000000237487257,
            0.0005000000237487257,
            0.0005000000237487257,
            0.0005000000237487257,
            0.0005000000237487257
        ]
    },
    "evaluation_metrics": {
        "accuracy": 0.5390404515522107,
        "precision": 0.2905646084096112,
        "recall": 0.5390404515522107,
        "f1": 0.3775919055494092,
        "classification_report": {
            "0": {
                "precision": 0.0,
                "recall": 0.0,
                "f1-score": 0.0,
                "support": 490.0
            },
            "1": {
                "precision": 0.5390404515522107,
                "recall": 1.0,
                "f1-score": 0.7004889975550121,
                "support": 573.0
            },
            "accuracy": 0.5390404515522107,
            "macro avg": {
                "precision": 0.26952022577610535,
                "recall": 0.5,
                "f1-score": 0.3502444987775061,
                "support": 1063.0
            },
            "weighted avg": {
                "precision": 0.2905646084096112,
                "recall": 0.5390404515522107,
                "f1-score": 0.3775919055494092,
                "support": 1063.0
            }
        },
        "confusion_matrix": [
            [
                0,
                490
            ],
            [
                0,
                573
            ]
        ]
    }
}