{
    "timestamp": "2025-04-28 19:12:00",
    "training_history": {
        "accuracy": [
            0.5511959791183472,
            0.5908518433570862,
            0.6247726678848267,
            0.653832733631134,
            0.6749545335769653,
            0.6990838050842285,
            0.7327598333358765,
            0.7476220726966858,
            0.7614002227783203,
            0.7765071988105774,
            0.7843404412269592
        ],
        "loss": [
            0.7274487614631653,
            0.6865567564964294,
            0.6620708703994751,
            0.6386986374855042,
            0.6186205744743347,
            0.5940337181091309,
            0.5474640727043152,
            0.527411699295044,
            0.5093169212341309,
            0.49323317408561707,
            0.4829960763454437
        ],
        "val_accuracy": [
            0.5,
            0.4910072088241577,
            0.4973021447658539,
            0.519784152507782,
            0.5143885016441345,
            0.5359712243080139,
            0.5215827226638794,
            0.528777003288269,
            0.48201438784599304,
            0.527877688407898,
            0.5017985701560974
        ],
        "val_loss": [
            0.7414379715919495,
            0.7442489862442017,
            0.7513553500175476,
            0.8046237826347351,
            0.9699902534484863,
            0.971185028553009,
            0.9591690301895142,
            1.0218762159347534,
            0.9009664058685303,
            1.2191827297210693,
            1.0368367433547974
        ],
        "learning_rate": [
            0.0010000000474974513,
            0.0010000000474974513,
            0.0010000000474974513,
            0.0010000000474974513,
            0.0010000000474974513,
            0.0010000000474974513,
            0.0005000000237487257,
            0.0005000000237487257,
            0.0005000000237487257,
            0.0005000000237487257,
            0.0005000000237487257
        ]
    },
    "evaluation_metrics": {
        "accuracy": 0.5498652291105122,
        "precision": 0.5356299145759373,
        "recall": 0.5498652291105122,
        "f1": 0.4121878901562559,
        "classification_report": {
            "0": {
                "precision": 0.5172413793103449,
                "recall": 0.029880478087649404,
                "f1-score": 0.05649717514124294,
                "support": 502.0
            },
            "1": {
                "precision": 0.5507380073800738,
                "recall": 0.9770867430441899,
                "f1-score": 0.7044247787610619,
                "support": 611.0
            },
            "accuracy": 0.5498652291105122,
            "macro avg": {
                "precision": 0.5339896933452093,
                "recall": 0.5034836105659196,
                "f1-score": 0.38046097695115244,
                "support": 1113.0
            },
            "weighted avg": {
                "precision": 0.5356299145759373,
                "recall": 0.5498652291105122,
                "f1-score": 0.4121878901562559,
                "support": 1113.0
            }
        },
        "confusion_matrix": [
            [
                15,
                487
            ],
            [
                14,
                597
            ]
        ]
    }
}