{
    "timestamp": "2025-04-28 19:18:53",
    "training_history": {
        "accuracy": [
            0.5287292003631592,
            0.5580198168754578,
            0.5791690349578857,
            0.6066192388534546,
            0.6342254877090454,
            0.6603031754493713,
            0.6971738934516907,
            0.7136440277099609,
            0.7264957427978516,
            0.7389731407165527,
            0.7465842962265015
        ],
        "loss": [
            0.7223535776138306,
            0.6910149455070496,
            0.6796650886535645,
            0.6625173687934875,
            0.6432458162307739,
            0.6218457818031311,
            0.5827761888504028,
            0.5628275275230408,
            0.547339916229248,
            0.5344122648239136,
            0.5196912288665771
        ],
        "val_accuracy": [
            0.5439005494117737,
            0.5322455167770386,
            0.5050504803657532,
            0.500388503074646,
            0.5151515007019043,
            0.5058274865150452,
            0.5376845598220825,
            0.5073814988136292,
            0.5159285068511963,
            0.49494948983192444,
            0.498834490776062
        ],
        "val_loss": [
            0.7045043110847473,
            0.7064436674118042,
            0.7103602886199951,
            0.7282999157905579,
            0.7173754572868347,
            0.7474636435508728,
            0.7250277996063232,
            0.7317044734954834,
            0.7575039267539978,
            0.7741917371749878,
            0.755888044834137
        ],
        "learning_rate": [
            0.0010000000474974513,
            0.0010000000474974513,
            0.0010000000474974513,
            0.0010000000474974513,
            0.0010000000474974513,
            0.0010000000474974513,
            0.0005000000237487257,
            0.0005000000237487257,
            0.0005000000237487257,
            0.0005000000237487257,
            0.0005000000237487257
        ]
    },
    "evaluation_metrics": {
        "accuracy": 0.5458074534161491,
        "precision": 0.6957443711180124,
        "recall": 0.5458074534161491,
        "f1": 0.39174589452088404,
        "classification_report": {
            "0": {
                "precision": 0.875,
                "recall": 0.011844331641285956,
                "f1-score": 0.02337228714524207,
                "support": 591.0
            },
            "1": {
                "precision": 0.54375,
                "recall": 0.9985652797704447,
                "f1-score": 0.7040971168437025,
                "support": 697.0
            },
            "accuracy": 0.5458074534161491,
            "macro avg": {
                "precision": 0.709375,
                "recall": 0.5052048057058653,
                "f1-score": 0.3637347019944723,
                "support": 1288.0
            },
            "weighted avg": {
                "precision": 0.6957443711180124,
                "recall": 0.5458074534161491,
                "f1-score": 0.39174589452088404,
                "support": 1288.0
            }
        },
        "confusion_matrix": [
            [
                7,
                584
            ],
            [
                1,
                696
            ]
        ]
    }
}