{
    "timestamp": "2025-04-28 19:15:09",
    "training_history": {
        "accuracy": [
            0.550883412361145,
            0.5813510417938232,
            0.6140350699424744,
            0.6575825810432434,
            0.6828994154930115,
            0.7065929770469666,
            0.7399013638496399,
            0.7534806728363037,
            0.7697758674621582,
            0.7781107425689697,
            0.787382185459137
        ],
        "loss": [
            0.723589301109314,
            0.6909168362617493,
            0.6685248017311096,
            0.6406718492507935,
            0.6125857830047607,
            0.5877114534378052,
            0.5437813997268677,
            0.5200518369674683,
            0.5054895281791687,
            0.4914003312587738,
            0.480622261762619
        ],
        "val_accuracy": [
            0.5634675025939941,
            0.48839008808135986,
            0.5433436632156372,
            0.4744582176208496,
            0.48606809973716736,
            0.4736842215061188,
            0.48993808031082153,
            0.5,
            0.4914860725402832,
            0.4961300194263458,
            0.4868420958518982
        ],
        "val_loss": [
            0.7055577039718628,
            0.733169674873352,
            0.8018816113471985,
            0.8154175281524658,
            0.9131202101707458,
            0.8116117119789124,
            0.857886791229248,
            0.839684247970581,
            0.9568250775337219,
            0.9051379561424255,
            1.0715056657791138
        ],
        "learning_rate": [
            0.0010000000474974513,
            0.0010000000474974513,
            0.0010000000474974513,
            0.0010000000474974513,
            0.0010000000474974513,
            0.0010000000474974513,
            0.0005000000237487257,
            0.0005000000237487257,
            0.0005000000237487257,
            0.0005000000237487257,
            0.0005000000237487257
        ]
    },
    "evaluation_metrics": {
        "accuracy": 0.502706883217324,
        "precision": 0.25271421043407627,
        "recall": 0.502706883217324,
        "f1": 0.33634531558544584,
        "classification_report": {
            "0": {
                "precision": 0.0,
                "recall": 0.0,
                "f1-score": 0.0,
                "support": 643.0
            },
            "1": {
                "precision": 0.502706883217324,
                "recall": 1.0,
                "f1-score": 0.6690684508492023,
                "support": 650.0
            },
            "accuracy": 0.502706883217324,
            "macro avg": {
                "precision": 0.251353441608662,
                "recall": 0.5,
                "f1-score": 0.33453422542460115,
                "support": 1293.0
            },
            "weighted avg": {
                "precision": 0.25271421043407627,
                "recall": 0.502706883217324,
                "f1-score": 0.33634531558544584,
                "support": 1293.0
            }
        },
        "confusion_matrix": [
            [
                0,
                643
            ],
            [
                0,
                650
            ]
        ]
    }
}