{
    "timestamp": "2025-04-28 19:19:40",
    "training_history": {
        "accuracy": [
            0.5292677283287048,
            0.567920446395874,
            0.6034943461418152,
            0.6331701278686523,
            0.6599525213241577,
            0.6845834255218506,
            0.7262037396430969,
            0.7405222654342651,
            0.7558424472808838,
            0.7679353356361389,
            0.7773573994636536,
            0.7962015271186829
        ],
        "loss": [
            0.7366320490837097,
            0.6984220147132874,
            0.6759843826293945,
            0.6557920575141907,
            0.6326649188995361,
            0.6104151606559753,
            0.5652366876602173,
            0.5440855622291565,
            0.5233402848243713,
            0.5032677054405212,
            0.4922097325325012,
            0.46199697256088257
        ],
        "val_accuracy": [
            0.5480682849884033,
            0.5274034142494202,
            0.5121293663978577,
            0.5229110717773438,
            0.5013477206230164,
            0.5175201892852783,
            0.47259658575057983,
            0.46001797914505005,
            0.4734950661659241,
            0.4654088020324707,
            0.4761904776096344,
            0.4699011743068695
        ],
        "val_loss": [
            0.7164877653121948,
            0.7164086699485779,
            0.7169631719589233,
            0.7635607123374939,
            0.8117521405220032,
            0.7756085395812988,
            0.8119108080863953,
            0.9425552487373352,
            0.8555886149406433,
            0.9234974384307861,
            0.8469297289848328,
            0.8897423148155212
        ],
        "learning_rate": [
            0.0010000000474974513,
            0.0010000000474974513,
            0.0010000000474974513,
            0.0010000000474974513,
            0.0010000000474974513,
            0.0010000000474974513,
            0.0005000000237487257,
            0.0005000000237487257,
            0.0005000000237487257,
            0.0005000000237487257,
            0.0005000000237487257,
            0.0002500000118743628
        ]
    },
    "evaluation_metrics": {
        "accuracy": 0.48473967684021546,
        "precision": 0.48788285239978546,
        "recall": 0.48473967684021546,
        "f1": 0.479816716977486,
        "classification_report": {
            "0": {
                "precision": 0.4737631184407796,
                "recall": 0.5862708719851577,
                "f1-score": 0.5240464344941957,
                "support": 539.0
            },
            "1": {
                "precision": 0.5011185682326622,
                "recall": 0.38956521739130434,
                "f1-score": 0.4383561643835617,
                "support": 575.0
            },
            "accuracy": 0.48473967684021546,
            "macro avg": {
                "precision": 0.4874408433367209,
                "recall": 0.487918044688231,
                "f1-score": 0.4812012994388787,
                "support": 1114.0
            },
            "weighted avg": {
                "precision": 0.48788285239978546,
                "recall": 0.48473967684021546,
                "f1-score": 0.479816716977486,
                "support": 1114.0
            }
        },
        "confusion_matrix": [
            [
                316,
                223
            ],
            [
                351,
                224
            ]
        ]
    }
}