{
    "timestamp": "2025-04-28 19:15:35",
    "training_history": {
        "accuracy": [
            0.5438191294670105,
            0.6080778241157532,
            0.649167001247406,
            0.6759764552116394,
            0.7023659348487854,
            0.7256054878234863,
            0.7396752238273621,
            0.7578048706054688,
            0.7866442799568176,
            0.7953940629959106,
            0.8069438338279724,
            0.8141537308692932,
            0.8207336068153381
        ],
        "loss": [
            0.7456023693084717,
            0.6877281069755554,
            0.6469627022743225,
            0.6140873432159424,
            0.5833223462104797,
            0.5585598349571228,
            0.5430871248245239,
            0.5192596316337585,
            0.4761957824230194,
            0.4546075165271759,
            0.441766619682312,
            0.42848968505859375,
            0.41749247908592224
        ],
        "val_accuracy": [
            0.5148147940635681,
            0.5,
            0.5592592358589172,
            0.5055555701255798,
            0.5018518567085266,
            0.49259260296821594,
            0.5259259343147278,
            0.5148147940635681,
            0.5425925850868225,
            0.5388888716697693,
            0.5111111402511597,
            0.5240740776062012,
            0.5259259343147278
        ],
        "val_loss": [
            0.7385647892951965,
            0.7580631971359253,
            0.7275128364562988,
            0.7366697788238525,
            0.748004138469696,
            0.7556690573692322,
            0.7392997741699219,
            0.779059886932373,
            0.750713586807251,
            0.7607387900352478,
            0.7795401215553284,
            0.7808322310447693,
            0.7891722321510315
        ],
        "learning_rate": [
            0.0010000000474974513,
            0.0010000000474974513,
            0.0010000000474974513,
            0.0010000000474974513,
            0.0010000000474974513,
            0.0010000000474974513,
            0.0010000000474974513,
            0.0010000000474974513,
            0.0005000000237487257,
            0.0005000000237487257,
            0.0005000000237487257,
            0.0005000000237487257,
            0.0005000000237487257
        ]
    },
    "evaluation_metrics": {
        "accuracy": 0.4703703703703704,
        "precision": 0.47532701352145795,
        "recall": 0.4703703703703704,
        "f1": 0.47050841016464684,
        "classification_report": {
            "0": {
                "precision": 0.4375,
                "recall": 0.504,
                "f1-score": 0.4684014869888476,
                "support": 250.0
            },
            "1": {
                "precision": 0.5079365079365079,
                "recall": 0.4413793103448276,
                "f1-score": 0.47232472324723246,
                "support": 290.0
            },
            "accuracy": 0.4703703703703704,
            "macro avg": {
                "precision": 0.47271825396825395,
                "recall": 0.4726896551724138,
                "f1-score": 0.47036310511804,
                "support": 540.0
            },
            "weighted avg": {
                "precision": 0.47532701352145795,
                "recall": 0.4703703703703704,
                "f1-score": 0.47050841016464684,
                "support": 540.0
            }
        },
        "confusion_matrix": [
            [
                126,
                124
            ],
            [
                162,
                128
            ]
        ]
    }
}