{
    "timestamp": "2025-04-28 19:09:09",
    "training_history": {
        "accuracy": [
            0.5774099230766296,
            0.66001296043396,
            0.7168127298355103,
            0.7542194128036499,
            0.7802661657333374,
            0.8028237819671631,
            0.8203505277633667,
            0.8345504999160767,
            0.8472086787223816,
            0.8537812232971191,
            0.8794222474098206,
            0.8853456377983093,
            0.8915936350822449,
            0.8937033414840698,
            0.898003876209259
        ],
        "loss": [
            0.7338628768920898,
            0.6618045568466187,
            0.5946493744850159,
            0.5420715808868408,
            0.5011538863182068,
            0.47260722517967224,
            0.4401606321334839,
            0.41597315669059753,
            0.39524081349372864,
            0.3854478895664215,
            0.34003639221191406,
            0.32366693019866943,
            0.31088027358055115,
            0.3031536340713501,
            0.2940659523010254
        ],
        "val_accuracy": [
            0.5206073522567749,
            0.5596529245376587,
            0.574837327003479,
            0.5726681351661682,
            0.537960946559906,
            0.5683296918869019,
            0.5639913082122803,
            0.5791757106781006,
            0.5661605000495911,
            0.5596529245376587,
            0.5704989433288574,
            0.5184381604194641,
            0.5444685220718384,
            0.4989154040813446,
            0.5162689685821533
        ],
        "val_loss": [
            0.9364404082298279,
            0.9480131268501282,
            1.0159595012664795,
            1.2137526273727417,
            0.9323087930679321,
            1.2431217432022095,
            1.047910213470459,
            1.3298134803771973,
            1.218440294265747,
            1.5797836780548096,
            1.6490387916564941,
            1.4295024871826172,
            1.6776387691497803,
            1.3492182493209839,
            1.534355640411377
        ],
        "learning_rate": [
            0.0010000000474974513,
            0.0010000000474974513,
            0.0010000000474974513,
            0.0010000000474974513,
            0.0010000000474974513,
            0.0010000000474974513,
            0.0010000000474974513,
            0.0010000000474974513,
            0.0010000000474974513,
            0.0010000000474974513,
            0.0005000000237487257,
            0.0005000000237487257,
            0.0005000000237487257,
            0.0005000000237487257,
            0.0005000000237487257
        ]
    },
    "evaluation_metrics": {
        "accuracy": 0.561822125813449,
        "precision": 0.6248521189798981,
        "recall": 0.561822125813449,
        "f1": 0.44733551664403715,
        "classification_report": {
            "0": {
                "precision": 0.7083333333333334,
                "recall": 0.08018867924528301,
                "f1-score": 0.14406779661016947,
                "support": 212.0
            },
            "1": {
                "precision": 0.5537757437070938,
                "recall": 0.9718875502008032,
                "f1-score": 0.7055393586005831,
                "support": 249.0
            },
            "accuracy": 0.561822125813449,
            "macro avg": {
                "precision": 0.6310545385202135,
                "recall": 0.5260381147230431,
                "f1-score": 0.4248035776053763,
                "support": 461.0
            },
            "weighted avg": {
                "precision": 0.6248521189798981,
                "recall": 0.561822125813449,
                "f1-score": 0.44733551664403715,
                "support": 461.0
            }
        },
        "confusion_matrix": [
            [
                17,
                195
            ],
            [
                7,
                242
            ]
        ]
    }
}