{
    "timestamp": "2025-04-28 19:29:30",
    "training_history": {
        "accuracy": [
            0.5291666388511658,
            0.5590909123420715,
            0.582544207572937,
            0.6044191718101501,
            0.6313762664794922,
            0.654324471950531,
            0.6803345680236816,
            0.7205492258071899,
            0.7383838295936584,
            0.7522096037864685,
            0.7653093338012695,
            0.7766729593276978
        ],
        "loss": [
            0.7320783734321594,
            0.6961694359779358,
            0.6806176900863647,
            0.6649410128593445,
            0.6451885104179382,
            0.6265076398849487,
            0.6053492426872253,
            0.5612715482711792,
            0.5364892482757568,
            0.5211120247840881,
            0.5050381422042847,
            0.49188700318336487
        ],
        "val_accuracy": [
            0.5503095984458923,
            0.5309597253799438,
            0.4674922525882721,
            0.5379257202148438,
            0.5178018808364868,
            0.4930340647697449,
            0.5139318704605103,
            0.495356023311615,
            0.48606809973716736,
            0.49458205699920654,
            0.4868420958518982,
            0.4845201373100281
        ],
        "val_loss": [
            0.7225236892700195,
            0.7090892791748047,
            0.827399730682373,
            0.7252549529075623,
            0.7861853241920471,
            0.7903673648834229,
            0.7666363716125488,
            0.8490639328956604,
            0.901508629322052,
            0.8550723195075989,
            0.9475051164627075,
            0.9076200723648071
        ],
        "learning_rate": [
            0.0010000000474974513,
            0.0010000000474974513,
            0.0010000000474974513,
            0.0010000000474974513,
            0.0010000000474974513,
            0.0010000000474974513,
            0.0010000000474974513,
            0.0005000000237487257,
            0.0005000000237487257,
            0.0005000000237487257,
            0.0005000000237487257,
            0.0005000000237487257
        ]
    },
    "evaluation_metrics": {
        "accuracy": 0.5162538699690402,
        "precision": 0.4512266434336058,
        "recall": 0.5162538699690402,
        "f1": 0.40164354479305797,
        "classification_report": {
            "0": {
                "precision": 0.36363636363636365,
                "recall": 0.05324459234608985,
                "f1-score": 0.09288824383164006,
                "support": 601.0
            },
            "1": {
                "precision": 0.5274086378737541,
                "recall": 0.918958031837916,
                "f1-score": 0.6701846965699209,
                "support": 691.0
            },
            "accuracy": 0.5162538699690402,
            "macro avg": {
                "precision": 0.4455225007550589,
                "recall": 0.4861013120920029,
                "f1-score": 0.38153647020078046,
                "support": 1292.0
            },
            "weighted avg": {
                "precision": 0.4512266434336058,
                "recall": 0.5162538699690402,
                "f1-score": 0.40164354479305797,
                "support": 1292.0
            }
        },
        "confusion_matrix": [
            [
                32,
                569
            ],
            [
                56,
                635
            ]
        ]
    }
}