{
    "timestamp": "2025-04-28 19:16:27",
    "training_history": {
        "accuracy": [
            0.5353631377220154,
            0.5588011145591736,
            0.5849667191505432,
            0.6139866709709167,
            0.6397716403007507,
            0.6656517386436462,
            0.7013638019561768,
            0.7177608609199524,
            0.7313986420631409,
            0.7428480982780457,
            0.7542023658752441
        ],
        "loss": [
            0.7319700717926025,
            0.6982561945915222,
            0.6794463396072388,
            0.6578291058540344,
            0.637241005897522,
            0.6158708333969116,
            0.5761834979057312,
            0.5544537901878357,
            0.5392859578132629,
            0.5256906747817993,
            0.512455940246582
        ],
        "val_accuracy": [
            0.5789473652839661,
            0.5952012538909912,
            0.4845201373100281,
            0.5023219585418701,
            0.48606809973716736,
            0.4674922525882721,
            0.46904024481773376,
            0.45820432901382446,
            0.44117647409439087,
            0.45123839378356934,
            0.42337462306022644
        ],
        "val_loss": [
            0.7635631561279297,
            0.7845555543899536,
            0.9215754866600037,
            0.9356715083122253,
            1.1596406698226929,
            1.3121845722198486,
            1.8593940734863281,
            1.9125564098358154,
            1.8770326375961304,
            1.743326187133789,
            2.8567636013031006
        ],
        "learning_rate": [
            0.0010000000474974513,
            0.0010000000474974513,
            0.0010000000474974513,
            0.0010000000474974513,
            0.0010000000474974513,
            0.0010000000474974513,
            0.0005000000237487257,
            0.0005000000237487257,
            0.0005000000237487257,
            0.0005000000237487257,
            0.0005000000237487257
        ]
    },
    "evaluation_metrics": {
        "accuracy": 0.5498839907192575,
        "precision": 0.5278613648086348,
        "recall": 0.5498839907192575,
        "f1": 0.4035313161029734,
        "classification_report": {
            "0": {
                "precision": 0.5,
                "recall": 0.01718213058419244,
                "f1-score": 0.03322259136212625,
                "support": 582.0
            },
            "1": {
                "precision": 0.5506677140612726,
                "recall": 0.9859353023909986,
                "f1-score": 0.7066532258064516,
                "support": 711.0
            },
            "accuracy": 0.5498839907192575,
            "macro avg": {
                "precision": 0.5253338570306363,
                "recall": 0.5015587164875955,
                "f1-score": 0.36993790858428893,
                "support": 1293.0
            },
            "weighted avg": {
                "precision": 0.5278613648086348,
                "recall": 0.5498839907192575,
                "f1-score": 0.4035313161029734,
                "support": 1293.0
            }
        },
        "confusion_matrix": [
            [
                10,
                572
            ],
            [
                10,
                701
            ]
        ]
    }
}