{
    "timestamp": "2025-04-28 19:04:51",
    "training_history": {
        "accuracy": [
            0.5676205158233643,
            0.6278583407402039,
            0.66921466588974,
            0.7014243006706238,
            0.7316738367080688,
            0.7589834332466125,
            0.7800862193107605,
            0.8154972195625305,
            0.825558602809906,
            0.8411080837249756,
            0.8457467555999756,
            0.8553508520126343
        ],
        "loss": [
            0.7417742609977722,
            0.680919885635376,
            0.6382012963294983,
            0.5983403325080872,
            0.5661783218383789,
            0.5344650149345398,
            0.5054779648780823,
            0.4517728388309479,
            0.42709001898765564,
            0.4082987904548645,
            0.39567655324935913,
            0.38149452209472656
        ],
        "val_accuracy": [
            0.4485815465450287,
            0.48404255509376526,
            0.478723406791687,
            0.44680851697921753,
            0.4645390212535858,
            0.48404255509376526,
            0.4929077923297882,
            0.4521276652812958,
            0.4716311991214752,
            0.46985816955566406,
            0.466312050819397,
            0.46985816955566406
        ],
        "val_loss": [
            0.7794768214225769,
            0.7739237546920776,
            0.8851855397224426,
            1.1338175535202026,
            1.0751559734344482,
            1.172083854675293,
            1.1068806648254395,
            1.6409940719604492,
            1.5186762809753418,
            1.506965160369873,
            1.5813148021697998,
            1.627264142036438
        ],
        "learning_rate": [
            0.0010000000474974513,
            0.0010000000474974513,
            0.0010000000474974513,
            0.0010000000474974513,
            0.0010000000474974513,
            0.0010000000474974513,
            0.0010000000474974513,
            0.0005000000237487257,
            0.0005000000237487257,
            0.0005000000237487257,
            0.0005000000237487257,
            0.0005000000237487257
        ]
    },
    "evaluation_metrics": {
        "accuracy": 0.5274336283185841,
        "precision": 0.5322602421654188,
        "recall": 0.5274336283185841,
        "f1": 0.5169195647146437,
        "classification_report": {
            "0": {
                "precision": 0.5163934426229508,
                "recall": 0.6774193548387096,
                "f1-score": 0.586046511627907,
                "support": 279.0
            },
            "1": {
                "precision": 0.5477386934673367,
                "recall": 0.3811188811188811,
                "f1-score": 0.44948453608247424,
                "support": 286.0
            },
            "accuracy": 0.5274336283185841,
            "macro avg": {
                "precision": 0.5320660680451438,
                "recall": 0.5292691179787954,
                "f1-score": 0.5177655238551906,
                "support": 565.0
            },
            "weighted avg": {
                "precision": 0.5322602421654188,
                "recall": 0.5274336283185841,
                "f1-score": 0.5169195647146437,
                "support": 565.0
            }
        },
        "confusion_matrix": [
            [
                189,
                90
            ],
            [
                177,
                109
            ]
        ]
    }
}