{
    "timestamp": "2025-04-28 19:05:53",
    "training_history": {
        "accuracy": [
            0.5260231494903564,
            0.5502702593803406,
            0.5769626498222351,
            0.6103475093841553,
            0.6367310285568237,
            0.6587902307510376,
            0.6932818293571472,
            0.707927942276001,
            0.7177606225013733,
            0.7289317846298218,
            0.7362934350967407
        ],
        "loss": [
            0.7217879891395569,
            0.6944997310638428,
            0.6824507713317871,
            0.6628689169883728,
            0.6428406238555908,
            0.622954785823822,
            0.5913388133049011,
            0.57296222448349,
            0.5613707900047302,
            0.5504087209701538,
            0.5388363003730774
        ],
        "val_accuracy": [
            0.5267515778541565,
            0.5382165312767029,
            0.5229299068450928,
            0.5458598732948303,
            0.5484076142311096,
            0.5439490675926208,
            0.5464968085289001,
            0.5477706789970398,
            0.5445860028266907,
            0.5477706789970398,
            0.5484076142311096
        ],
        "val_loss": [
            0.7061995267868042,
            0.7206883430480957,
            0.8244161009788513,
            0.8064046502113342,
            1.1671425104141235,
            1.97148597240448,
            1.3408600091934204,
            1.7091724872589111,
            1.7235373258590698,
            1.8612598180770874,
            1.7752344608306885
        ],
        "learning_rate": [
            0.0010000000474974513,
            0.0010000000474974513,
            0.0010000000474974513,
            0.0010000000474974513,
            0.0010000000474974513,
            0.0010000000474974513,
            0.0005000000237487257,
            0.0005000000237487257,
            0.0005000000237487257,
            0.0005000000237487257,
            0.0005000000237487257
        ]
    },
    "evaluation_metrics": {
        "accuracy": 0.5238701464035647,
        "precision": 0.5354431998890642,
        "recall": 0.5238701464035647,
        "f1": 0.5234437681406531,
        "classification_report": {
            "0": {
                "precision": 0.4766248574686431,
                "recall": 0.5912305516265912,
                "f1-score": 0.5277777777777778,
                "support": 707.0
            },
            "1": {
                "precision": 0.5835734870317003,
                "recall": 0.46875,
                "f1-score": 0.5198973042362004,
                "support": 864.0
            },
            "accuracy": 0.5238701464035647,
            "macro avg": {
                "precision": 0.5300991722501717,
                "recall": 0.5299902758132956,
                "f1-score": 0.5238375410069891,
                "support": 1571.0
            },
            "weighted avg": {
                "precision": 0.5354431998890642,
                "recall": 0.5238701464035647,
                "f1-score": 0.5234437681406531,
                "support": 1571.0
            }
        },
        "confusion_matrix": [
            [
                418,
                289
            ],
            [
                459,
                405
            ]
        ]
    }
}