{
    "timestamp": "2025-04-28 19:00:01",
    "training_history": {
        "accuracy": [
            0.5292360782623291,
            0.5867127776145935,
            0.6452897191047668,
            0.6832756996154785,
            0.722623884677887,
            0.7482447624206543,
            0.7851828336715698,
            0.8004820346832275,
            0.8109608888626099,
            0.8209158778190613,
            0.8298752903938293
        ],
        "loss": [
            0.7441838383674622,
            0.6938078999519348,
            0.6509212255477905,
            0.6131670475006104,
            0.5730984807014465,
            0.5447990894317627,
            0.4922073483467102,
            0.47122645378112793,
            0.4498901963233948,
            0.4363187253475189,
            0.4205120801925659
        ],
        "val_accuracy": [
            0.4939434826374054,
            0.44010767340660095,
            0.47779273986816406,
            0.4804845154285431,
            0.48855990171432495,
            0.4589501917362213,
            0.4952893555164337,
            0.46567967534065247,
            0.4683714807033539,
            0.4818304181098938,
            0.4468371570110321
        ],
        "val_loss": [
            0.7453211545944214,
            0.7607622146606445,
            0.795025646686554,
            0.8350621461868286,
            0.9056604504585266,
            1.1058794260025024,
            1.075807809829712,
            1.0716553926467896,
            1.142177700996399,
            1.0916579961776733,
            1.1646944284439087
        ],
        "learning_rate": [
            0.0010000000474974513,
            0.0010000000474974513,
            0.0010000000474974513,
            0.0010000000474974513,
            0.0010000000474974513,
            0.0010000000474974513,
            0.0005000000237487257,
            0.0005000000237487257,
            0.0005000000237487257,
            0.0005000000237487257,
            0.0005000000237487257
        ]
    },
    "evaluation_metrics": {
        "accuracy": 0.5074024226110363,
        "precision": 0.500636416700325,
        "recall": 0.5074024226110363,
        "f1": 0.49356776251938206,
        "classification_report": {
            "0": {
                "precision": 0.47580645161290325,
                "recall": 0.3333333333333333,
                "f1-score": 0.3920265780730897,
                "support": 354.0
            },
            "1": {
                "precision": 0.5232323232323233,
                "recall": 0.6658097686375322,
                "f1-score": 0.5859728506787331,
                "support": 389.0
            },
            "accuracy": 0.5074024226110363,
            "macro avg": {
                "precision": 0.49951938742261326,
                "recall": 0.4995715509854327,
                "f1-score": 0.4889997143759114,
                "support": 743.0
            },
            "weighted avg": {
                "precision": 0.500636416700325,
                "recall": 0.5074024226110363,
                "f1-score": 0.49356776251938206,
                "support": 743.0
            }
        },
        "confusion_matrix": [
            [
                118,
                236
            ],
            [
                130,
                259
            ]
        ]
    }
}