{
    "timestamp": "2025-04-28 19:23:54",
    "training_history": {
        "accuracy": [
            0.5626862049102783,
            0.5895790457725525,
            0.6187638640403748,
            0.6535258889198303,
            0.683016300201416,
            0.7078080773353577,
            0.743945300579071,
            0.7642294764518738,
            0.7768737077713013,
            0.7897089123725891,
            0.7989151477813721
        ],
        "loss": [
            0.7318904399871826,
            0.6855427026748657,
            0.6618446707725525,
            0.6350159645080566,
            0.6089473366737366,
            0.5833061933517456,
            0.5320741534233093,
            0.5094144940376282,
            0.49005797505378723,
            0.47806602716445923,
            0.4594089388847351
        ],
        "val_accuracy": [
            0.5863723754882812,
            0.5863723754882812,
            0.5796545147895813,
            0.5882917642593384,
            0.5863723754882812,
            0.5873320698738098,
            0.5566219091415405,
            0.5508637428283691,
            0.5278310775756836,
            0.5422264933586121,
            0.548944354057312
        ],
        "val_loss": [
            0.7143604159355164,
            0.7507450580596924,
            0.7692543268203735,
            0.9215677380561829,
            1.186322569847107,
            0.9558514356613159,
            0.8395313620567322,
            0.8557510375976562,
            0.9375166296958923,
            0.8103843927383423,
            0.916865348815918
        ],
        "learning_rate": [
            0.0010000000474974513,
            0.0010000000474974513,
            0.0010000000474974513,
            0.0010000000474974513,
            0.0010000000474974513,
            0.0010000000474974513,
            0.0005000000237487257,
            0.0005000000237487257,
            0.0005000000237487257,
            0.0005000000237487257,
            0.0005000000237487257
        ]
    },
    "evaluation_metrics": {
        "accuracy": 0.508637236084453,
        "precision": 0.25871183793163155,
        "recall": 0.508637236084453,
        "f1": 0.34297421771597975,
        "classification_report": {
            "0": {
                "precision": 0.0,
                "recall": 0.0,
                "f1-score": 0.0,
                "support": 512.0
            },
            "1": {
                "precision": 0.508637236084453,
                "recall": 1.0,
                "f1-score": 0.6743002544529262,
                "support": 530.0
            },
            "accuracy": 0.508637236084453,
            "macro avg": {
                "precision": 0.2543186180422265,
                "recall": 0.5,
                "f1-score": 0.3371501272264631,
                "support": 1042.0
            },
            "weighted avg": {
                "precision": 0.25871183793163155,
                "recall": 0.508637236084453,
                "f1-score": 0.34297421771597975,
                "support": 1042.0
            }
        },
        "confusion_matrix": [
            [
                0,
                512
            ],
            [
                0,
                530
            ]
        ]
    }
}