{
    "timestamp": "2025-04-28 19:21:21",
    "training_history": {
        "accuracy": [
            0.5481891632080078,
            0.5896393060684204,
            0.6178751587867737,
            0.6507416367530823,
            0.6755515336990356,
            0.7025449872016907,
            0.716700553894043,
            0.7374444603919983,
            0.7703109979629517,
            0.7808899879455566,
            0.7912808060646057,
            0.8003915548324585,
            0.8044951558113098
        ],
        "loss": [
            0.740689754486084,
            0.6953639984130859,
            0.6692814230918884,
            0.6453011631965637,
            0.621404767036438,
            0.5949153900146484,
            0.5732288360595703,
            0.5543230175971985,
            0.5078880786895752,
            0.4878237843513489,
            0.47486820816993713,
            0.4615577459335327,
            0.45107951760292053
        ],
        "val_accuracy": [
            0.4925093650817871,
            0.47003746032714844,
            0.4906367063522339,
            0.48033708333969116,
            0.5140449404716492,
            0.5018726587295532,
            0.5187265872955322,
            0.5262172222137451,
            0.5131086111068726,
            0.5308988690376282,
            0.5149812698364258,
            0.5,
            0.512172281742096
        ],
        "val_loss": [
            0.9513629078865051,
            0.9418678283691406,
            0.832591712474823,
            0.9948365688323975,
            1.0603746175765991,
            1.0094163417816162,
            1.0408269166946411,
            1.097115159034729,
            1.2133256196975708,
            1.2973898649215698,
            1.307966709136963,
            1.5230133533477783,
            1.441455602645874
        ],
        "learning_rate": [
            0.0010000000474974513,
            0.0010000000474974513,
            0.0010000000474974513,
            0.0010000000474974513,
            0.0010000000474974513,
            0.0010000000474974513,
            0.0010000000474974513,
            0.0010000000474974513,
            0.0005000000237487257,
            0.0005000000237487257,
            0.0005000000237487257,
            0.0005000000237487257,
            0.0005000000237487257
        ]
    },
    "evaluation_metrics": {
        "accuracy": 0.4424695977549111,
        "precision": 0.44204011862168247,
        "recall": 0.4424695977549111,
        "f1": 0.37945795103379826,
        "classification_report": {
            "0": {
                "precision": 0.4426787741203178,
                "recall": 0.7878787878787878,
                "f1-score": 0.5668604651162791,
                "support": 495.0
            },
            "1": {
                "precision": 0.44148936170212766,
                "recall": 0.1445993031358885,
                "f1-score": 0.2178477690288714,
                "support": 574.0
            },
            "accuracy": 0.4424695977549111,
            "macro avg": {
                "precision": 0.44208406791122273,
                "recall": 0.4662390455073382,
                "f1-score": 0.3923541170725752,
                "support": 1069.0
            },
            "weighted avg": {
                "precision": 0.44204011862168247,
                "recall": 0.4424695977549111,
                "f1-score": 0.37945795103379826,
                "support": 1069.0
            }
        },
        "confusion_matrix": [
            [
                390,
                105
            ],
            [
                491,
                83
            ]
        ]
    }
}