{
    "timestamp": "2025-04-28 19:04:24",
    "training_history": {
        "accuracy": [
            0.5552446246147156,
            0.6077425479888916,
            0.6474916934967041,
            0.694807231426239,
            0.7269900441169739,
            0.7419154047966003,
            0.760002076625824,
            0.7887126803398132,
            0.8037416934967041,
            0.8154021501541138,
            0.8229684829711914,
            0.8272180557250977
        ],
        "loss": [
            0.7389468550682068,
            0.6848130822181702,
            0.6460996270179749,
            0.6048073768615723,
            0.5659998059272766,
            0.5415982007980347,
            0.5169746279716492,
            0.4735804796218872,
            0.4502604603767395,
            0.43479278683662415,
            0.4185870587825775,
            0.4068278968334198
        ],
        "val_accuracy": [
            0.4761255085468292,
            0.4802182912826538,
            0.4788540303707123,
            0.472032755613327,
            0.4965893626213074,
            0.4802182912826538,
            0.48567530512809753,
            0.4652114510536194,
            0.48703956604003906,
            0.4924965798854828,
            0.4665757119655609,
            0.4706684947013855
        ],
        "val_loss": [
            0.8094713687896729,
            0.7973232865333557,
            0.8724344372749329,
            0.9331230521202087,
            0.8581769466400146,
            1.0442335605621338,
            0.9560542702674866,
            1.0932974815368652,
            1.066638708114624,
            1.076570749282837,
            1.121078610420227,
            1.2062664031982422
        ],
        "learning_rate": [
            0.0010000000474974513,
            0.0010000000474974513,
            0.0010000000474974513,
            0.0010000000474974513,
            0.0010000000474974513,
            0.0010000000474974513,
            0.0010000000474974513,
            0.0005000000237487257,
            0.0005000000237487257,
            0.0005000000237487257,
            0.0005000000237487257,
            0.0005000000237487257
        ]
    },
    "evaluation_metrics": {
        "accuracy": 0.4373297002724796,
        "precision": 0.19125726674041682,
        "recall": 0.4373297002724796,
        "f1": 0.2661285948577553,
        "classification_report": {
            "0": {
                "precision": 0.4373297002724796,
                "recall": 1.0,
                "f1-score": 0.6085308056872037,
                "support": 321.0
            },
            "1": {
                "precision": 0.0,
                "recall": 0.0,
                "f1-score": 0.0,
                "support": 413.0
            },
            "accuracy": 0.4373297002724796,
            "macro avg": {
                "precision": 0.2186648501362398,
                "recall": 0.5,
                "f1-score": 0.3042654028436019,
                "support": 734.0
            },
            "weighted avg": {
                "precision": 0.19125726674041682,
                "recall": 0.4373297002724796,
                "f1-score": 0.2661285948577553,
                "support": 734.0
            }
        },
        "confusion_matrix": [
            [
                321,
                0
            ],
            [
                413,
                0
            ]
        ]
    }
}