{
    "timestamp": "2025-04-28 19:26:47",
    "training_history": {
        "accuracy": [
            0.5477675199508667,
            0.5882181525230408,
            0.6275879144668579,
            0.6610127091407776,
            0.7014634013175964,
            0.7266151309013367,
            0.7636567950248718,
            0.7797871232032776,
            0.7925916910171509,
            0.8014467358589172,
            0.8090546131134033
        ],
        "loss": [
            0.730400800704956,
            0.687763512134552,
            0.6626789569854736,
            0.6302387714385986,
            0.5925119519233704,
            0.5663026571273804,
            0.5157543420791626,
            0.49201905727386475,
            0.4722495675086975,
            0.45935261249542236,
            0.44637638330459595
        ],
        "val_accuracy": [
            0.6037735939025879,
            0.5796645879745483,
            0.5587002038955688,
            0.5324947834014893,
            0.5786163806915283,
            0.5262054800987244,
            0.5786163806915283,
            0.6006289124488831,
            0.5849056839942932,
            0.5849056839942932,
            0.5870020985603333
        ],
        "val_loss": [
            0.703191339969635,
            0.7268779873847961,
            0.7726485133171082,
            0.8613883852958679,
            0.8508829474449158,
            0.842689573764801,
            0.8323847055435181,
            0.9079269766807556,
            0.9990600943565369,
            1.1104868650436401,
            0.9576009511947632
        ],
        "learning_rate": [
            0.0010000000474974513,
            0.0010000000474974513,
            0.0010000000474974513,
            0.0010000000474974513,
            0.0010000000474974513,
            0.0010000000474974513,
            0.0005000000237487257,
            0.0005000000237487257,
            0.0005000000237487257,
            0.0005000000237487257,
            0.0005000000237487257
        ]
    },
    "evaluation_metrics": {
        "accuracy": 0.6020942408376964,
        "precision": 0.5255688511341308,
        "recall": 0.6020942408376964,
        "f1": 0.5008743229570715,
        "classification_report": {
            "0": {
                "precision": 0.3770491803278688,
                "recall": 0.06301369863013699,
                "f1-score": 0.107981220657277,
                "support": 365.0
            },
            "1": {
                "precision": 0.6174496644295302,
                "recall": 0.9355932203389831,
                "f1-score": 0.7439353099730459,
                "support": 590.0
            },
            "accuracy": 0.6020942408376964,
            "macro avg": {
                "precision": 0.4972494223786995,
                "recall": 0.49930345948456,
                "f1-score": 0.42595826531516146,
                "support": 955.0
            },
            "weighted avg": {
                "precision": 0.5255688511341308,
                "recall": 0.6020942408376964,
                "f1-score": 0.5008743229570715,
                "support": 955.0
            }
        },
        "confusion_matrix": [
            [
                23,
                342
            ],
            [
                38,
                552
            ]
        ]
    }
}