{
    "timestamp": "2025-04-28 19:25:27",
    "training_history": {
        "accuracy": [
            0.5817590355873108,
            0.6528127789497375,
            0.7003568410873413,
            0.7413938045501709,
            0.772250235080719,
            0.7952350974082947,
            0.8267212510108948,
            0.8393157124519348,
            0.8493912816047668,
            0.8685978055000305,
            0.8654491901397705
        ],
        "loss": [
            0.7367826700210571,
            0.6771642565727234,
            0.6239119172096252,
            0.5688511729240417,
            0.5245931148529053,
            0.48737969994544983,
            0.43685629963874817,
            0.4100995361804962,
            0.39028921723365784,
            0.37193334102630615,
            0.36313095688819885
        ],
        "val_accuracy": [
            0.4792899489402771,
            0.49408283829689026,
            0.5384615659713745,
            0.523668646812439,
            0.5532544255256653,
            0.5532544255256653,
            0.5739644765853882,
            0.5828402638435364,
            0.5710059404373169,
            0.5887573957443237,
            0.5976331233978271
        ],
        "val_loss": [
            0.7776049375534058,
            0.8058817386627197,
            0.850236713886261,
            0.8835428357124329,
            0.9307054877281189,
            0.9683091044425964,
            0.9954972267150879,
            0.9919626116752625,
            1.0496243238449097,
            1.042356014251709,
            1.095123052597046
        ],
        "learning_rate": [
            0.0010000000474974513,
            0.0010000000474974513,
            0.0010000000474974513,
            0.0010000000474974513,
            0.0010000000474974513,
            0.0010000000474974513,
            0.0005000000237487257,
            0.0005000000237487257,
            0.0005000000237487257,
            0.0005000000237487257,
            0.0005000000237487257
        ]
    },
    "evaluation_metrics": {
        "accuracy": 0.4408284023668639,
        "precision": 0.598233070348455,
        "recall": 0.4408284023668639,
        "f1": 0.3166163147404829,
        "classification_report": {
            "0": {
                "precision": 0.425,
                "recall": 0.9645390070921985,
                "f1-score": 0.5900216919739697,
                "support": 141.0
            },
            "1": {
                "precision": 0.7222222222222222,
                "recall": 0.06598984771573604,
                "f1-score": 0.12093023255813955,
                "support": 197.0
            },
            "accuracy": 0.4408284023668639,
            "macro avg": {
                "precision": 0.5736111111111111,
                "recall": 0.5152644274039673,
                "f1-score": 0.3554759622660546,
                "support": 338.0
            },
            "weighted avg": {
                "precision": 0.598233070348455,
                "recall": 0.4408284023668639,
                "f1-score": 0.3166163147404829,
                "support": 338.0
            }
        },
        "confusion_matrix": [
            [
                136,
                5
            ],
            [
                184,
                13
            ]
        ]
    }
}