{
    "timestamp": "2025-04-28 18:59:28",
    "training_history": {
        "accuracy": [
            0.5258021950721741,
            0.553574800491333,
            0.5820666551589966,
            0.6119034290313721,
            0.6386439204216003,
            0.6672608852386475,
            0.7061049342155457,
            0.7265278100967407,
            0.7359417080879211,
            0.7472321391105652,
            0.7582098245620728
        ],
        "loss": [
            0.7367908954620361,
            0.6977397799491882,
            0.6829147934913635,
            0.6658644676208496,
            0.6425677537918091,
            0.6180413961410522,
            0.573279619216919,
            0.5524598956108093,
            0.5382971167564392,
            0.5256568193435669,
            0.5100075602531433
        ],
        "val_accuracy": [
            0.5208978056907654,
            0.5108358860015869,
            0.5069659352302551,
            0.49458205699920654,
            0.48142415285110474,
            0.48374614119529724,
            0.4868420958518982,
            0.49226006865501404,
            0.49845200777053833,
            0.4930340647697449,
            0.49071207642555237
        ],
        "val_loss": [
            0.7266361713409424,
            0.8235377073287964,
            0.8164210915565491,
            0.8589362502098083,
            0.9873316287994385,
            0.8722230792045593,
            1.0352237224578857,
            1.016801118850708,
            0.9770845174789429,
            1.0473530292510986,
            1.0734140872955322
        ],
        "learning_rate": [
            0.0010000000474974513,
            0.0010000000474974513,
            0.0010000000474974513,
            0.0010000000474974513,
            0.0010000000474974513,
            0.0010000000474974513,
            0.0005000000237487257,
            0.0005000000237487257,
            0.0005000000237487257,
            0.0005000000237487257,
            0.0005000000237487257
        ]
    },
    "evaluation_metrics": {
        "accuracy": 0.5212683681361175,
        "precision": 0.6066639178886973,
        "recall": 0.5212683681361175,
        "f1": 0.3645966591038033,
        "classification_report": {
            "0": {
                "precision": 0.7,
                "recall": 0.011235955056179775,
                "f1-score": 0.02211690363349131,
                "support": 623.0
            },
            "1": {
                "precision": 0.5198752922837101,
                "recall": 0.9955223880597015,
                "f1-score": 0.6830517153097799,
                "support": 670.0
            },
            "accuracy": 0.5212683681361175,
            "macro avg": {
                "precision": 0.6099376461418551,
                "recall": 0.5033791715579407,
                "f1-score": 0.3525843094716356,
                "support": 1293.0
            },
            "weighted avg": {
                "precision": 0.6066639178886973,
                "recall": 0.5212683681361175,
                "f1-score": 0.3645966591038033,
                "support": 1293.0
            }
        },
        "confusion_matrix": [
            [
                7,
                616
            ],
            [
                3,
                667
            ]
        ]
    }
}