{
    "timestamp": "2025-04-28 19:24:28",
    "training_history": {
        "accuracy": [
            0.5356428623199463,
            0.5739352107048035,
            0.6167766451835632,
            0.6602179408073425,
            0.6960107684135437,
            0.7263047099113464,
            0.7456008791923523,
            0.7796440720558167,
            0.7937412261962891,
            0.8009397983551025,
            0.8115876913070679,
            0.8214356899261475
        ],
        "loss": [
            0.7328037619590759,
            0.6891059279441833,
            0.6602358818054199,
            0.6301308870315552,
            0.5974544882774353,
            0.5673943758010864,
            0.5441604256629944,
            0.49795588850975037,
            0.47319555282592773,
            0.4600001871585846,
            0.4415244460105896,
            0.4276905357837677
        ],
        "val_accuracy": [
            0.5849802494049072,
            0.6007905006408691,
            0.591567873954773,
            0.5876153111457825,
            0.5902503132820129,
            0.5889328122138977,
            0.52173912525177,
            0.573122501373291,
            0.5770751237869263,
            0.5757575631141663,
            0.5546771883964539,
            0.5520421862602234
        ],
        "val_loss": [
            0.8120520114898682,
            0.7395297884941101,
            0.7637379765510559,
            0.819550096988678,
            0.8529748916625977,
            1.1342920064926147,
            0.80516517162323,
            0.9536774754524231,
            1.455521583557129,
            1.472906470298767,
            0.9572434425354004,
            1.5708017349243164
        ],
        "learning_rate": [
            0.0010000000474974513,
            0.0010000000474974513,
            0.0010000000474974513,
            0.0010000000474974513,
            0.0010000000474974513,
            0.0010000000474974513,
            0.0010000000474974513,
            0.0005000000237487257,
            0.0005000000237487257,
            0.0005000000237487257,
            0.0005000000237487257,
            0.0005000000237487257
        ]
    },
    "evaluation_metrics": {
        "accuracy": 0.5855263157894737,
        "precision": 0.6987605575601202,
        "recall": 0.5855263157894737,
        "f1": 0.44997933433690634,
        "classification_report": {
            "0": {
                "precision": 0.8571428571428571,
                "recall": 0.036923076923076927,
                "f1-score": 0.07079646017699115,
                "support": 325.0
            },
            "1": {
                "precision": 0.5804289544235925,
                "recall": 0.9954022988505747,
                "f1-score": 0.7332768839966131,
                "support": 435.0
            },
            "accuracy": 0.5855263157894737,
            "macro avg": {
                "precision": 0.7187859057832249,
                "recall": 0.5161626878868258,
                "f1-score": 0.4020366720868021,
                "support": 760.0
            },
            "weighted avg": {
                "precision": 0.6987605575601202,
                "recall": 0.5855263157894737,
                "f1-score": 0.44997933433690634,
                "support": 760.0
            }
        },
        "confusion_matrix": [
            [
                12,
                313
            ],
            [
                2,
                433
            ]
        ]
    }
}