{
    "timestamp": "2025-04-28 18:58:33",
    "training_history": {
        "accuracy": [
            0.5432007908821106,
            0.5762395858764648,
            0.5979872345924377,
            0.6291114091873169,
            0.6590574383735657,
            0.6819342374801636,
            0.7223367691040039,
            0.7439371347427368,
            0.7557682991027832,
            0.7692685127258301,
            0.7805596590042114
        ],
        "loss": [
            0.7373447418212891,
            0.6947768330574036,
            0.6700146794319153,
            0.6486577987670898,
            0.6211501955986023,
            0.5971477031707764,
            0.5549010038375854,
            0.5328367352485657,
            0.5170155167579651,
            0.49852797389030457,
            0.48524823784828186
        ],
        "val_accuracy": [
            0.41623711585998535,
            0.3956185579299927,
            0.4020618498325348,
            0.4291236996650696,
            0.4201031029224396,
            0.4355670213699341,
            0.47680413722991943,
            0.45876288414001465,
            0.4458763003349304,
            0.43170103430747986,
            0.4664948582649231
        ],
        "val_loss": [
            0.9207670092582703,
            1.4685574769973755,
            1.119827389717102,
            1.282094120979309,
            1.4527223110198975,
            1.7255691289901733,
            1.4128170013427734,
            1.677797794342041,
            1.8934688568115234,
            1.9170358180999756,
            1.5551797151565552
        ],
        "learning_rate": [
            0.0010000000474974513,
            0.0010000000474974513,
            0.0010000000474974513,
            0.0010000000474974513,
            0.0010000000474974513,
            0.0010000000474974513,
            0.0005000000237487257,
            0.0005000000237487257,
            0.0005000000237487257,
            0.0005000000237487257,
            0.0005000000237487257
        ]
    },
    "evaluation_metrics": {
        "accuracy": 0.5057915057915058,
        "precision": 0.519122090992261,
        "recall": 0.5057915057915058,
        "f1": 0.4446316937682831,
        "classification_report": {
            "0": {
                "precision": 0.4992272024729521,
                "recall": 0.8433420365535248,
                "f1-score": 0.6271844660194175,
                "support": 383.0
            },
            "1": {
                "precision": 0.5384615384615384,
                "recall": 0.17766497461928935,
                "f1-score": 0.26717557251908397,
                "support": 394.0
            },
            "accuracy": 0.5057915057915058,
            "macro avg": {
                "precision": 0.5188443704672453,
                "recall": 0.5105035055864071,
                "f1-score": 0.4471800192692507,
                "support": 777.0
            },
            "weighted avg": {
                "precision": 0.519122090992261,
                "recall": 0.5057915057915058,
                "f1-score": 0.4446316937682831,
                "support": 777.0
            }
        },
        "confusion_matrix": [
            [
                323,
                60
            ],
            [
                324,
                70
            ]
        ]
    }
}