{
    "timestamp": "2025-04-28 19:06:40",
    "training_history": {
        "accuracy": [
            0.5708601474761963,
            0.633952260017395,
            0.6827712655067444,
            0.7197802066802979,
            0.7544524669647217,
            0.7755463123321533,
            0.8092080354690552,
            0.8230390548706055,
            0.8357964158058167,
            0.8411014080047607,
            0.8481748104095459
        ],
        "loss": [
            0.7424335479736328,
            0.6755908131599426,
            0.6256332993507385,
            0.5881334543228149,
            0.5479349493980408,
            0.5185843110084534,
            0.4626436233520508,
            0.439569890499115,
            0.4207537770271301,
            0.40827733278274536,
            0.39607852697372437
        ],
        "val_accuracy": [
            0.5291181206703186,
            0.5074875354766846,
            0.41430947184562683,
            0.5590682029724121,
            0.48419299721717834,
            0.5574043393135071,
            0.5257903337478638,
            0.5041597485542297,
            0.4975041449069977,
            0.48419299721717834,
            0.4975041449069977
        ],
        "val_loss": [
            0.7632589340209961,
            0.850688636302948,
            1.138382911682129,
            1.2451192140579224,
            1.2494065761566162,
            0.9538205862045288,
            1.1009291410446167,
            1.03050696849823,
            1.1792489290237427,
            1.1570066213607788,
            0.9575488567352295
        ],
        "learning_rate": [
            0.0010000000474974513,
            0.0010000000474974513,
            0.0010000000474974513,
            0.0010000000474974513,
            0.0010000000474974513,
            0.0010000000474974513,
            0.0005000000237487257,
            0.0005000000237487257,
            0.0005000000237487257,
            0.0005000000237487257,
            0.0005000000237487257
        ]
    },
    "evaluation_metrics": {
        "accuracy": 0.48006644518272423,
        "precision": 0.4846483386480585,
        "recall": 0.48006644518272423,
        "f1": 0.4791521280283394,
        "classification_report": {
            "0": {
                "precision": 0.5111111111111111,
                "recall": 0.43260188087774293,
                "f1-score": 0.4685908319185059,
                "support": 319.0
            },
            "1": {
                "precision": 0.45481927710843373,
                "recall": 0.5335689045936396,
                "f1-score": 0.49105691056910566,
                "support": 283.0
            },
            "accuracy": 0.48006644518272423,
            "macro avg": {
                "precision": 0.4829651941097724,
                "recall": 0.4830853927356913,
                "f1-score": 0.47982387124380577,
                "support": 602.0
            },
            "weighted avg": {
                "precision": 0.4846483386480585,
                "recall": 0.48006644518272423,
                "f1-score": 0.4791521280283394,
                "support": 602.0
            }
        },
        "confusion_matrix": [
            [
                138,
                181
            ],
            [
                132,
                151
            ]
        ]
    }
}