{
    "timestamp": "2025-04-28 22:10:54",
    "training_history": {
        "accuracy": [
            0.5669971704483032,
            0.6354213356971741,
            0.6807120442390442,
            0.7154123187065125,
            0.7485353946685791,
            0.7710680365562439,
            0.7908967733383179,
            0.8323569297790527,
            0.8415201902389526,
            0.85173499584198,
            0.8545140624046326,
            0.8643532991409302
        ],
        "loss": [
            0.7393160462379456,
            0.6777414679527283,
            0.6274939775466919,
            0.5847578048706055,
            0.5539841055870056,
            0.5251590609550476,
            0.49328649044036865,
            0.4287879765033722,
            0.4085771143436432,
            0.396774023771286,
            0.37689459323883057,
            0.36823344230651855
        ],
        "val_accuracy": [
            0.46307384967803955,
            0.5249500870704651,
            0.5129740238189697,
            0.49700599908828735,
            0.5189620852470398,
            0.5069860219955444,
            0.5129740238189697,
            0.5089820623397827,
            0.5089820623397827,
            0.5129740238189697,
            0.5169660449028015,
            0.5029940009117126
        ],
        "val_loss": [
            0.7567914724349976,
            0.7465124726295471,
            0.7700600624084473,
            0.8406186103820801,
            0.7880905866622925,
            0.8482011556625366,
            0.913241982460022,
            1.0364996194839478,
            1.0598456859588623,
            1.1428134441375732,
            1.2243984937667847,
            1.0865535736083984
        ],
        "learning_rate": [
            0.0010000000474974513,
            0.0010000000474974513,
            0.0010000000474974513,
            0.0010000000474974513,
            0.0010000000474974513,
            0.0010000000474974513,
            0.0010000000474974513,
            0.0005000000237487257,
            0.0005000000237487257,
            0.0005000000237487257,
            0.0005000000237487257,
            0.0005000000237487257
        ]
    },
    "evaluation_metrics": {
        "accuracy": 0.547808764940239,
        "precision": 0.5441588342906608,
        "recall": 0.547808764940239,
        "f1": 0.5444014600987821,
        "classification_report": {
            "0": {
                "precision": 0.5073891625615764,
                "recall": 0.44782608695652176,
                "f1-score": 0.4757505773672056,
                "support": 230.0
            },
            "1": {
                "precision": 0.5752508361204013,
                "recall": 0.6323529411764706,
                "f1-score": 0.6024518388791593,
                "support": 272.0
            },
            "accuracy": 0.547808764940239,
            "macro avg": {
                "precision": 0.5413199993409888,
                "recall": 0.5400895140664962,
                "f1-score": 0.5391012081231825,
                "support": 502.0
            },
            "weighted avg": {
                "precision": 0.5441588342906608,
                "recall": 0.547808764940239,
                "f1-score": 0.5444014600987821,
                "support": 502.0
            }
        },
        "confusion_matrix": [
            [
                103,
                127
            ],
            [
                100,
                172
            ]
        ]
    }
}