{
    "timestamp": "2025-04-28 19:27:30",
    "training_history": {
        "accuracy": [
            0.6352871656417847,
            0.730313777923584,
            0.7803434133529663,
            0.819419801235199,
            0.837773859500885,
            0.8549437522888184,
            0.8812907338142395,
            0.8922439217567444,
            0.9067495465278625,
            0.9029011130332947,
            0.9194789528846741
        ],
        "loss": [
            0.7209421992301941,
            0.6218382120132446,
            0.5497930645942688,
            0.4850567877292633,
            0.4394553303718567,
            0.4049209654331207,
            0.36328554153442383,
            0.3388015329837799,
            0.3146418631076813,
            0.3101949691772461,
            0.2886578142642975
        ],
        "val_accuracy": [
            0.39516130089759827,
            0.39516130089759827,
            0.4354838728904724,
            0.42741936445236206,
            0.4354838728904724,
            0.3709677457809448,
            0.3306451737880707,
            0.3467741906642914,
            0.2983871102333069,
            0.3629032373428345,
            0.35483869910240173
        ],
        "val_loss": [
            1.1919634342193604,
            1.5151820182800293,
            1.334412932395935,
            1.405914068222046,
            1.3510702848434448,
            1.6608787775039673,
            1.7873409986495972,
            1.6697003841400146,
            1.7875956296920776,
            1.6482675075531006,
            1.624725341796875
        ],
        "learning_rate": [
            0.0010000000474974513,
            0.0010000000474974513,
            0.0010000000474974513,
            0.0010000000474974513,
            0.0010000000474974513,
            0.0010000000474974513,
            0.0005000000237487257,
            0.0005000000237487257,
            0.0005000000237487257,
            0.0005000000237487257,
            0.0005000000237487257
        ]
    },
    "evaluation_metrics": {
        "accuracy": 0.416,
        "precision": 0.173056,
        "recall": 0.416,
        "f1": 0.24442937853107347,
        "classification_report": {
            "0": {
                "precision": 0.416,
                "recall": 1.0,
                "f1-score": 0.5875706214689266,
                "support": 52.0
            },
            "1": {
                "precision": 0.0,
                "recall": 0.0,
                "f1-score": 0.0,
                "support": 73.0
            },
            "accuracy": 0.416,
            "macro avg": {
                "precision": 0.208,
                "recall": 0.5,
                "f1-score": 0.2937853107344633,
                "support": 125.0
            },
            "weighted avg": {
                "precision": 0.173056,
                "recall": 0.416,
                "f1-score": 0.24442937853107347,
                "support": 125.0
            }
        },
        "confusion_matrix": [
            [
                52,
                0
            ],
            [
                73,
                0
            ]
        ]
    }
}