{
    "timestamp": "2025-04-28 19:13:18",
    "training_history": {
        "accuracy": [
            0.5408624410629272,
            0.5787689089775085,
            0.6131107807159424,
            0.6592766642570496,
            0.692792534828186,
            0.7217440605163574,
            0.7571291923522949,
            0.7730394601821899,
            0.7856894731521606,
            0.7957746386528015,
            0.8049904108047485
        ],
        "loss": [
            0.729468047618866,
            0.6897153854370117,
            0.6647491455078125,
            0.6294615268707275,
            0.5945878028869629,
            0.5663908123970032,
            0.5181697607040405,
            0.4927505850791931,
            0.4779168963432312,
            0.4609827995300293,
            0.450530081987381
        ],
        "val_accuracy": [
            0.44611820578575134,
            0.45075318217277527,
            0.5168018341064453,
            0.5492467880249023,
            0.4924681484699249,
            0.521436870098114,
            0.5133256316184998,
            0.5365005731582642,
            0.5028968453407288,
            0.5365005731582642,
            0.5098493695259094
        ],
        "val_loss": [
            0.7288790345191956,
            0.7568079233169556,
            0.7597121596336365,
            0.7800721526145935,
            0.7587710022926331,
            0.8073886632919312,
            0.781544029712677,
            0.8392781615257263,
            0.8335994482040405,
            0.8848341107368469,
            0.866095781326294
        ],
        "learning_rate": [
            0.0010000000474974513,
            0.0010000000474974513,
            0.0010000000474974513,
            0.0010000000474974513,
            0.0010000000474974513,
            0.0010000000474974513,
            0.0005000000237487257,
            0.0005000000237487257,
            0.0005000000237487257,
            0.0005000000237487257,
            0.0005000000237487257
        ]
    },
    "evaluation_metrics": {
        "accuracy": 0.4646581691772885,
        "precision": 0.5719449788486808,
        "recall": 0.4646581691772885,
        "f1": 0.3227918486784714,
        "classification_report": {
            "0": {
                "precision": 0.458133971291866,
                "recall": 0.9770408163265306,
                "f1-score": 0.6237785016286644,
                "support": 392.0
            },
            "1": {
                "precision": 0.6666666666666666,
                "recall": 0.03821656050955414,
                "f1-score": 0.07228915662650602,
                "support": 471.0
            },
            "accuracy": 0.4646581691772885,
            "macro avg": {
                "precision": 0.5624003189792663,
                "recall": 0.5076286884180424,
                "f1-score": 0.34803382912758524,
                "support": 863.0
            },
            "weighted avg": {
                "precision": 0.5719449788486808,
                "recall": 0.4646581691772885,
                "f1-score": 0.3227918486784714,
                "support": 863.0
            }
        },
        "confusion_matrix": [
            [
                383,
                9
            ],
            [
                453,
                18
            ]
        ]
    }
}