{
    "timestamp": "2025-04-28 19:26:08",
    "training_history": {
        "accuracy": [
            0.5441824197769165,
            0.603489339351654,
            0.6510658860206604,
            0.6761343479156494,
            0.7021555304527283,
            0.7265689969062805,
            0.7505061626434326,
            0.7672383189201355,
            0.7828986644744873,
            0.809098482131958,
            0.822257936000824,
            0.8304156064987183,
            0.8379182815551758,
            0.8449445962905884
        ],
        "loss": [
            0.7491929531097412,
            0.6920913457870483,
            0.6527947187423706,
            0.6242918968200684,
            0.5973029136657715,
            0.5665957927703857,
            0.5414863228797913,
            0.5176823735237122,
            0.49731865525245667,
            0.44762691855430603,
            0.43045759201049805,
            0.41758185625076294,
            0.4039415419101715,
            0.39099159836769104
        ],
        "val_accuracy": [
            0.4454685151576996,
            0.48847925662994385,
            0.4700460731983185,
            0.5176651477813721,
            0.5145929455757141,
            0.5222734212875366,
            0.5023041367530823,
            0.5192012190818787,
            0.5099846124649048,
            0.4915514588356018,
            0.5069124698638916,
            0.49462366104125977,
            0.523809552192688,
            0.5023041367530823
        ],
        "val_loss": [
            0.9209755063056946,
            1.1068700551986694,
            0.9538865685462952,
            0.8642383217811584,
            0.9520474672317505,
            0.889043927192688,
            1.0247515439987183,
            1.1273269653320312,
            1.0527708530426025,
            1.239435076713562,
            1.4209716320037842,
            1.2319411039352417,
            1.3835668563842773,
            1.3129315376281738
        ],
        "learning_rate": [
            0.0010000000474974513,
            0.0010000000474974513,
            0.0010000000474974513,
            0.0010000000474974513,
            0.0010000000474974513,
            0.0010000000474974513,
            0.0010000000474974513,
            0.0010000000474974513,
            0.0010000000474974513,
            0.0005000000237487257,
            0.0005000000237487257,
            0.0005000000237487257,
            0.0005000000237487257,
            0.0005000000237487257
        ]
    },
    "evaluation_metrics": {
        "accuracy": 0.5,
        "precision": 0.5000188189243103,
        "recall": 0.5,
        "f1": 0.500004704775347,
        "classification_report": {
            "0": {
                "precision": 0.5030674846625767,
                "recall": 0.5,
                "f1-score": 0.5015290519877675,
                "support": 328.0
            },
            "1": {
                "precision": 0.49693251533742333,
                "recall": 0.5,
                "f1-score": 0.49846153846153846,
                "support": 324.0
            },
            "accuracy": 0.5,
            "macro avg": {
                "precision": 0.5,
                "recall": 0.5,
                "f1-score": 0.499995295224653,
                "support": 652.0
            },
            "weighted avg": {
                "precision": 0.5000188189243103,
                "recall": 0.5,
                "f1-score": 0.500004704775347,
                "support": 652.0
            }
        },
        "confusion_matrix": [
            [
                164,
                164
            ],
            [
                162,
                162
            ]
        ]
    }
}