{
    "timestamp": "2025-04-28 19:28:41",
    "training_history": {
        "accuracy": [
            0.5307994484901428,
            0.5569753646850586,
            0.5969855785369873,
            0.6264380216598511,
            0.6682321429252625,
            0.6954638361930847,
            0.7390782237052917,
            0.7565894722938538,
            0.7714067101478577,
            0.7812363505363464,
            0.7912116050720215
        ],
        "loss": [
            0.7416711449623108,
            0.6992223858833313,
            0.6784308552742004,
            0.6566723585128784,
            0.6293020844459534,
            0.6009230613708496,
            0.5520045757293701,
            0.526667594909668,
            0.5087502002716064,
            0.49228373169898987,
            0.47872012853622437
        ],
        "val_accuracy": [
            0.45264115929603577,
            0.43533697724342346,
            0.49453550577163696,
            0.43989071249961853,
            0.4854280650615692,
            0.4417122006416321,
            0.45719489455223083,
            0.45355191826820374,
            0.45355191826820374,
            0.45992714166641235,
            0.43624773621559143
        ],
        "val_loss": [
            0.7372071743011475,
            0.8861497640609741,
            0.7994056940078735,
            1.0230046510696411,
            1.0293302536010742,
            1.5500363111495972,
            1.7704904079437256,
            1.7236610651016235,
            2.3166422843933105,
            1.530625820159912,
            1.9672075510025024
        ],
        "learning_rate": [
            0.0010000000474974513,
            0.0010000000474974513,
            0.0010000000474974513,
            0.0010000000474974513,
            0.0010000000474974513,
            0.0010000000474974513,
            0.0005000000237487257,
            0.0005000000237487257,
            0.0005000000237487257,
            0.0005000000237487257,
            0.0005000000237487257
        ]
    },
    "evaluation_metrics": {
        "accuracy": 0.5081967213114754,
        "precision": 0.2582639075517334,
        "recall": 0.5081967213114754,
        "f1": 0.34248039914469,
        "classification_report": {
            "0": {
                "precision": 0.5081967213114754,
                "recall": 1.0,
                "f1-score": 0.673913043478261,
                "support": 558.0
            },
            "1": {
                "precision": 0.0,
                "recall": 0.0,
                "f1-score": 0.0,
                "support": 540.0
            },
            "accuracy": 0.5081967213114754,
            "macro avg": {
                "precision": 0.2540983606557377,
                "recall": 0.5,
                "f1-score": 0.3369565217391305,
                "support": 1098.0
            },
            "weighted avg": {
                "precision": 0.2582639075517334,
                "recall": 0.5081967213114754,
                "f1-score": 0.34248039914469,
                "support": 1098.0
            }
        },
        "confusion_matrix": [
            [
                558,
                0
            ],
            [
                540,
                0
            ]
        ]
    }
}