{
    "timestamp": "2025-04-28 19:12:42",
    "training_history": {
        "accuracy": [
            0.5242748856544495,
            0.5536683797836304,
            0.58465176820755,
            0.6141228675842285,
            0.6459205746650696,
            0.6753141283988953,
            0.7173879146575928,
            0.738056480884552,
            0.7502326369285583,
            0.7644253373146057,
            0.7759035229682922
        ],
        "loss": [
            0.7349216938018799,
            0.6982424259185791,
            0.6778865456581116,
            0.6579039692878723,
            0.6351686120033264,
            0.6123109459877014,
            0.5681037306785583,
            0.5435776710510254,
            0.5267490744590759,
            0.5110988616943359,
            0.49696192145347595
        ],
        "val_accuracy": [
            0.48875856399536133,
            0.5610948204994202,
            0.46138808131217957,
            0.45650050044059753,
            0.4868035316467285,
            0.467253178358078,
            0.5034213066101074,
            0.47800585627555847,
            0.4877810478210449,
            0.4545454680919647,
            0.5034213066101074
        ],
        "val_loss": [
            0.7682178616523743,
            0.8849048018455505,
            1.2254940271377563,
            1.609738826751709,
            1.3183752298355103,
            2.198146104812622,
            1.413156270980835,
            1.7852931022644043,
            1.8854933977127075,
            2.5026705265045166,
            1.694173812866211
        ],
        "learning_rate": [
            0.0010000000474974513,
            0.0010000000474974513,
            0.0010000000474974513,
            0.0010000000474974513,
            0.0010000000474974513,
            0.0010000000474974513,
            0.0005000000237487257,
            0.0005000000237487257,
            0.0005000000237487257,
            0.0005000000237487257,
            0.0005000000237487257
        ]
    },
    "evaluation_metrics": {
        "accuracy": 0.41642228739002934,
        "precision": 0.46512820218232365,
        "recall": 0.41642228739002934,
        "f1": 0.24656422478483106,
        "classification_report": {
            "0": {
                "precision": 0.41625857002938293,
                "recall": 0.9976525821596244,
                "f1-score": 0.5874222529371113,
                "support": 426.0
            },
            "1": {
                "precision": 0.5,
                "recall": 0.0016750418760469012,
                "f1-score": 0.0033388981636060097,
                "support": 597.0
            },
            "accuracy": 0.41642228739002934,
            "macro avg": {
                "precision": 0.45812928501469147,
                "recall": 0.49966381201783566,
                "f1-score": 0.2953805755503586,
                "support": 1023.0
            },
            "weighted avg": {
                "precision": 0.46512820218232365,
                "recall": 0.41642228739002934,
                "f1-score": 0.24656422478483106,
                "support": 1023.0
            }
        },
        "confusion_matrix": [
            [
                425,
                1
            ],
            [
                596,
                1
            ]
        ]
    }
}