{
    "timestamp": "2025-04-28 19:27:23",
    "training_history": {
        "accuracy": [
            0.5389877557754517,
            0.5711346864700317,
            0.5973497629165649,
            0.6340413093566895,
            0.6613088250160217,
            0.690537691116333,
            0.7084290385246277,
            0.7529659271240234,
            0.7661213278770447,
            0.7822904586791992,
            0.7895618081092834,
            0.7987945079803467
        ],
        "loss": [
            0.7498956918716431,
            0.7052195072174072,
            0.6799572706222534,
            0.6516603231430054,
            0.628119707107544,
            0.5953841209411621,
            0.5730636119842529,
            0.5241716504096985,
            0.4999769330024719,
            0.48739245533943176,
            0.470426082611084,
            0.45537322759628296
        ],
        "val_accuracy": [
            0.4843205511569977,
            0.5063879489898682,
            0.5261324048042297,
            0.5110336542129517,
            0.5389082431793213,
            0.5087108016014099,
            0.5098722577095032,
            0.4947735071182251,
            0.5017421841621399,
            0.4947735071182251,
            0.49941927194595337,
            0.49593496322631836
        ],
        "val_loss": [
            0.7355393171310425,
            0.7224805355072021,
            0.7304327487945557,
            0.7512348890304565,
            0.7591462731361389,
            0.8253159523010254,
            0.8098278045654297,
            0.8831858038902283,
            0.8730856776237488,
            0.9284358024597168,
            0.9518181085586548,
            0.9509779810905457
        ],
        "learning_rate": [
            0.0010000000474974513,
            0.0010000000474974513,
            0.0010000000474974513,
            0.0010000000474974513,
            0.0010000000474974513,
            0.0010000000474974513,
            0.0010000000474974513,
            0.0005000000237487257,
            0.0005000000237487257,
            0.0005000000237487257,
            0.0005000000237487257,
            0.0005000000237487257
        ]
    },
    "evaluation_metrics": {
        "accuracy": 0.47447795823665895,
        "precision": 0.48720277778927445,
        "recall": 0.47447795823665895,
        "f1": 0.435289769709417,
        "classification_report": {
            "0": {
                "precision": 0.46444780635400906,
                "recall": 0.7561576354679803,
                "f1-score": 0.5754451733833178,
                "support": 406.0
            },
            "1": {
                "precision": 0.5074626865671642,
                "recall": 0.2236842105263158,
                "f1-score": 0.3105022831050228,
                "support": 456.0
            },
            "accuracy": 0.47447795823665895,
            "macro avg": {
                "precision": 0.48595524646058663,
                "recall": 0.48992092299714807,
                "f1-score": 0.4429737282441703,
                "support": 862.0
            },
            "weighted avg": {
                "precision": 0.48720277778927445,
                "recall": 0.47447795823665895,
                "f1-score": 0.435289769709417,
                "support": 862.0
            }
        },
        "confusion_matrix": [
            [
                307,
                99
            ],
            [
                354,
                102
            ]
        ]
    }
}