{
    "timestamp": "2025-04-28 19:18:02",
    "training_history": {
        "accuracy": [
            0.5505421757698059,
            0.5910574793815613,
            0.62230384349823,
            0.6550076007843018,
            0.6804826855659485,
            0.7038591504096985,
            0.7278769016265869,
            0.7465314269065857,
            0.7813338041305542,
            0.7961991429328918,
            0.8048851490020752,
            0.8195173144340515,
            0.8252885341644287
        ],
        "loss": [
            0.746926486492157,
            0.7017792463302612,
            0.6714001893997192,
            0.641450822353363,
            0.6194344162940979,
            0.590239405632019,
            0.5618358254432678,
            0.5443791151046753,
            0.489402711391449,
            0.4670422673225403,
            0.4512859284877777,
            0.43439361453056335,
            0.42356738448143005
        ],
        "val_accuracy": [
            0.5214723944664001,
            0.5429447889328003,
            0.553680956363678,
            0.5674846768379211,
            0.5889570713043213,
            0.546012282371521,
            0.5368098020553589,
            0.5245398879051208,
            0.4907975494861603,
            0.5138036608695984,
            0.5153374075889587,
            0.5260736346244812,
            0.5414110422134399
        ],
        "val_loss": [
            0.7680013179779053,
            0.7704550623893738,
            0.7287153005599976,
            0.73087477684021,
            0.768408477306366,
            0.7688215970993042,
            0.7680054306983948,
            0.7857581973075867,
            0.8181663751602173,
            0.8478797674179077,
            0.8953880667686462,
            0.8689071536064148,
            0.9082543253898621
        ],
        "learning_rate": [
            0.0010000000474974513,
            0.0010000000474974513,
            0.0010000000474974513,
            0.0010000000474974513,
            0.0010000000474974513,
            0.0010000000474974513,
            0.0010000000474974513,
            0.0010000000474974513,
            0.0005000000237487257,
            0.0005000000237487257,
            0.0005000000237487257,
            0.0005000000237487257,
            0.0005000000237487257
        ]
    },
    "evaluation_metrics": {
        "accuracy": 0.5421133231240429,
        "precision": 0.554567734818127,
        "recall": 0.5421133231240429,
        "f1": 0.525825297662488,
        "classification_report": {
            "0": {
                "precision": 0.5853658536585366,
                "recall": 0.3592814371257485,
                "f1-score": 0.44526901669758806,
                "support": 334.0
            },
            "1": {
                "precision": 0.5223214285714286,
                "recall": 0.7335423197492164,
                "f1-score": 0.6101694915254238,
                "support": 319.0
            },
            "accuracy": 0.5421133231240429,
            "macro avg": {
                "precision": 0.5538436411149825,
                "recall": 0.5464118784374824,
                "f1-score": 0.5277192541115059,
                "support": 653.0
            },
            "weighted avg": {
                "precision": 0.554567734818127,
                "recall": 0.5421133231240429,
                "f1-score": 0.525825297662488,
                "support": 653.0
            }
        },
        "confusion_matrix": [
            [
                120,
                214
            ],
            [
                85,
                234
            ]
        ]
    }
}