{
    "timestamp": "2025-04-28 19:25:36",
    "training_history": {
        "accuracy": [
            0.6019900441169739,
            0.7098880410194397,
            0.77052241563797,
            0.8121890425682068,
            0.8398631811141968,
            0.86784827709198,
            0.8737562298774719,
            0.8914800882339478,
            0.8902363181114197,
            0.8980099558830261,
            0.9101368188858032
        ],
        "loss": [
            0.729876697063446,
            0.619978129863739,
            0.5489510297775269,
            0.48651495575904846,
            0.43638718128204346,
            0.3991273045539856,
            0.3669971823692322,
            0.3362540304660797,
            0.3277837932109833,
            0.3166682720184326,
            0.3069351613521576
        ],
        "val_accuracy": [
            0.420634925365448,
            0.3571428656578064,
            0.3571428656578064,
            0.341269850730896,
            0.3571428656578064,
            0.3333333432674408,
            0.3492063581943512,
            0.3571428656578064,
            0.341269850730896,
            0.341269850730896,
            0.3253968358039856
        ],
        "val_loss": [
            0.7993663549423218,
            0.8945727944374084,
            1.0217002630233765,
            1.1684426069259644,
            1.2977410554885864,
            1.4656505584716797,
            1.5082308053970337,
            1.5756407976150513,
            1.609636902809143,
            1.7009481191635132,
            1.74528968334198
        ],
        "learning_rate": [
            0.0010000000474974513,
            0.0010000000474974513,
            0.0010000000474974513,
            0.0010000000474974513,
            0.0010000000474974513,
            0.0010000000474974513,
            0.0005000000237487257,
            0.0005000000237487257,
            0.0005000000237487257,
            0.0005000000237487257,
            0.0005000000237487257
        ]
    },
    "evaluation_metrics": {
        "accuracy": 0.5238095238095238,
        "precision": 0.5362413116017973,
        "recall": 0.5238095238095238,
        "f1": 0.5252507055785743,
        "classification_report": {
            "0": {
                "precision": 0.4626865671641791,
                "recall": 0.5636363636363636,
                "f1-score": 0.5081967213114753,
                "support": 55.0
            },
            "1": {
                "precision": 0.5932203389830508,
                "recall": 0.49295774647887325,
                "f1-score": 0.5384615384615384,
                "support": 71.0
            },
            "accuracy": 0.5238095238095238,
            "macro avg": {
                "precision": 0.527953453073615,
                "recall": 0.5282970550576185,
                "f1-score": 0.5233291298865068,
                "support": 126.0
            },
            "weighted avg": {
                "precision": 0.5362413116017973,
                "recall": 0.5238095238095238,
                "f1-score": 0.5252507055785743,
                "support": 126.0
            }
        },
        "confusion_matrix": [
            [
                31,
                24
            ],
            [
                36,
                35
            ]
        ]
    }
}