{
    "timestamp": "2025-04-28 19:30:25",
    "training_history": {
        "accuracy": [
            0.5250490307807922,
            0.5506806373596191,
            0.5799607634544373,
            0.6211675405502319,
            0.6469217538833618,
            0.6681690216064453,
            0.687760591506958,
            0.7198920845985413,
            0.7349767088890076,
            0.7480071187019348,
            0.7571437358856201,
            0.7651459574699402
        ],
        "loss": [
            0.7262074947357178,
            0.6946099400520325,
            0.680672287940979,
            0.6606301069259644,
            0.6395279765129089,
            0.6200630068778992,
            0.600332498550415,
            0.5605425238609314,
            0.5426494479179382,
            0.5252817869186401,
            0.5128435492515564,
            0.5001295804977417
        ],
        "val_accuracy": [
            0.5015479922294617,
            0.5309597253799438,
            0.5216718316078186,
            0.5332817435264587,
            0.542569637298584,
            0.5332817435264587,
            0.5448916554450989,
            0.5286377668380737,
            0.5317337512969971,
            0.5356037020683289,
            0.5232198238372803,
            0.5216718316078186
        ],
        "val_loss": [
            0.781477689743042,
            0.7545658946037292,
            0.8358546495437622,
            0.8703614473342896,
            1.055132508277893,
            0.9460878968238831,
            1.017865777015686,
            1.09872567653656,
            1.104081153869629,
            1.126254916191101,
            1.2010581493377686,
            1.260165810585022
        ],
        "learning_rate": [
            0.0010000000474974513,
            0.0010000000474974513,
            0.0010000000474974513,
            0.0010000000474974513,
            0.0010000000474974513,
            0.0010000000474974513,
            0.0010000000474974513,
            0.0005000000237487257,
            0.0005000000237487257,
            0.0005000000237487257,
            0.0005000000237487257,
            0.0005000000237487257
        ]
    },
    "evaluation_metrics": {
        "accuracy": 0.5127610208816705,
        "precision": 0.5123603873272268,
        "recall": 0.5127610208816705,
        "f1": 0.5124614240983939,
        "classification_report": {
            "0": {
                "precision": 0.4975369458128079,
                "recall": 0.48325358851674644,
                "f1-score": 0.49029126213592233,
                "support": 627.0
            },
            "1": {
                "precision": 0.5263157894736842,
                "recall": 0.5405405405405406,
                "f1-score": 0.5333333333333333,
                "support": 666.0
            },
            "accuracy": 0.5127610208816705,
            "macro avg": {
                "precision": 0.5119263676432461,
                "recall": 0.5118970645286435,
                "f1-score": 0.5118122977346278,
                "support": 1293.0
            },
            "weighted avg": {
                "precision": 0.5123603873272268,
                "recall": 0.5127610208816705,
                "f1-score": 0.5124614240983939,
                "support": 1293.0
            }
        },
        "confusion_matrix": [
            [
                303,
                324
            ],
            [
                306,
                360
            ]
        ]
    }
}