{
    "timestamp": "2025-04-28 19:08:43",
    "training_history": {
        "accuracy": [
            0.5298519134521484,
            0.5571588277816772,
            0.5831424593925476,
            0.6137832999229431,
            0.6398941278457642,
            0.664961576461792,
            0.6847101449966431,
            0.7184557318687439,
            0.7345396280288696,
            0.743879497051239,
            0.75332111120224,
            0.7631953954696655
        ],
        "loss": [
            0.7270609140396118,
            0.6941332817077637,
            0.6796126365661621,
            0.6614291071891785,
            0.6427674889564514,
            0.6224108934402466,
            0.602645754814148,
            0.5651527047157288,
            0.542836606502533,
            0.5312126874923706,
            0.5192177295684814,
            0.5061661005020142
        ],
        "val_accuracy": [
            0.4675159156322479,
            0.475159227848053,
            0.4707006514072418,
            0.4885350465774536,
            0.4853503108024597,
            0.5121018886566162,
            0.475159227848053,
            0.48598727583885193,
            0.4643312096595764,
            0.47707006335258484,
            0.4662420451641083,
            0.46878981590270996
        ],
        "val_loss": [
            0.9121981859207153,
            0.74080890417099,
            0.9536189436912537,
            0.8909317851066589,
            0.8547544479370117,
            0.8662251830101013,
            1.2809994220733643,
            0.9492425918579102,
            0.9240723252296448,
            0.8746492862701416,
            1.0195504426956177,
            0.9825584292411804
        ],
        "learning_rate": [
            0.0010000000474974513,
            0.0010000000474974513,
            0.0010000000474974513,
            0.0010000000474974513,
            0.0010000000474974513,
            0.0010000000474974513,
            0.0010000000474974513,
            0.0005000000237487257,
            0.0005000000237487257,
            0.0005000000237487257,
            0.0005000000237487257,
            0.0005000000237487257
        ]
    },
    "evaluation_metrics": {
        "accuracy": 0.46594525779758117,
        "precision": 0.51921053371765,
        "recall": 0.46594525779758117,
        "f1": 0.34681267295077517,
        "classification_report": {
            "0": {
                "precision": 0.45887151597552683,
                "recall": 0.9401114206128134,
                "f1-score": 0.6167199634536318,
                "support": 718.0
            },
            "1": {
                "precision": 0.57,
                "recall": 0.0668229777256741,
                "f1-score": 0.11962224554039874,
                "support": 853.0
            },
            "accuracy": 0.46594525779758117,
            "macro avg": {
                "precision": 0.5144357579877634,
                "recall": 0.5034671991692438,
                "f1-score": 0.3681711044970153,
                "support": 1571.0
            },
            "weighted avg": {
                "precision": 0.51921053371765,
                "recall": 0.46594525779758117,
                "f1-score": 0.34681267295077517,
                "support": 1571.0
            }
        },
        "confusion_matrix": [
            [
                675,
                43
            ],
            [
                796,
                57
            ]
        ]
    }
}