{
    "timestamp": "2025-04-28 18:57:58",
    "training_history": {
        "accuracy": [
            0.589934766292572,
            0.6505125761032104,
            0.6913637518882751,
            0.7162162065505981,
            0.7460391521453857,
            0.7579993605613708,
            0.7817645072937012,
            0.8024231195449829,
            0.8269649147987366,
            0.8324013948440552,
            0.8446722626686096,
            0.8476234674453735,
            0.8521279692649841
        ],
        "loss": [
            0.7359892725944519,
            0.6724795699119568,
            0.6258807182312012,
            0.5895874500274658,
            0.5509597659111023,
            0.5290679335594177,
            0.4972256124019623,
            0.46948057413101196,
            0.4310312867164612,
            0.4085610806941986,
            0.4000380039215088,
            0.3838779926300049,
            0.37643566727638245
        ],
        "val_accuracy": [
            0.5637860298156738,
            0.5144032835960388,
            0.5679012537002563,
            0.49794238805770874,
            0.5596708059310913,
            0.547325074672699,
            0.604938268661499,
            0.6131687164306641,
            0.5679012537002563,
            0.5637860298156738,
            0.5720164775848389,
            0.6090534925460815,
            0.5679012537002563
        ],
        "val_loss": [
            0.756719708442688,
            0.7619851231575012,
            0.7481390833854675,
            0.7970089912414551,
            0.8155584931373596,
            0.875235915184021,
            0.8980633020401001,
            0.8765658736228943,
            0.9160187840461731,
            0.9504207372665405,
            0.9628546237945557,
            0.960146427154541,
            1.0199241638183594
        ],
        "learning_rate": [
            0.0010000000474974513,
            0.0010000000474974513,
            0.0010000000474974513,
            0.0010000000474974513,
            0.0010000000474974513,
            0.0010000000474974513,
            0.0010000000474974513,
            0.0010000000474974513,
            0.0005000000237487257,
            0.0005000000237487257,
            0.0005000000237487257,
            0.0005000000237487257,
            0.0005000000237487257
        ]
    },
    "evaluation_metrics": {
        "accuracy": 0.5778688524590164,
        "precision": 0.6116247613545902,
        "recall": 0.5778688524590164,
        "f1": 0.553810643845834,
        "classification_report": {
            "0": {
                "precision": 0.676923076923077,
                "recall": 0.3492063492063492,
                "f1-score": 0.46073298429319376,
                "support": 126.0
            },
            "1": {
                "precision": 0.5418994413407822,
                "recall": 0.8220338983050848,
                "f1-score": 0.6531986531986532,
                "support": 118.0
            },
            "accuracy": 0.5778688524590164,
            "macro avg": {
                "precision": 0.6094112591319296,
                "recall": 0.585620123755717,
                "f1-score": 0.5569658187459234,
                "support": 244.0
            },
            "weighted avg": {
                "precision": 0.6116247613545902,
                "recall": 0.5778688524590164,
                "f1-score": 0.553810643845834,
                "support": 244.0
            }
        },
        "confusion_matrix": [
            [
                44,
                82
            ],
            [
                21,
                97
            ]
        ]
    }
}