{
    "timestamp": "2025-04-28 19:37:43",
    "training_history": {
        "accuracy": [
            0.5221049785614014,
            0.5463135242462158,
            0.565521776676178,
            0.5869370102882385,
            0.6064556241035461,
            0.6248362064361572,
            0.6560452580451965,
            0.6752534508705139,
            0.6866335868835449,
            0.6941513419151306,
            0.7049106955528259
        ],
        "loss": [
            0.7323969006538391,
            0.6976844072341919,
            0.6854885220527649,
            0.673244833946228,
            0.658890426158905,
            0.6401663422584534,
            0.611356794834137,
            0.5969036817550659,
            0.5817758440971375,
            0.5715845823287964,
            0.5622602701187134
        ],
        "val_accuracy": [
            0.5825852751731873,
            0.5619389414787292,
            0.5574506521224976,
            0.5619389414787292,
            0.53500896692276,
            0.5305206179618835,
            0.5475763082504272,
            0.520646333694458,
            0.514362633228302,
            0.5287253260612488,
            0.5125673413276672
        ],
        "val_loss": [
            0.7087255120277405,
            0.7726708054542542,
            0.7091836333274841,
            0.7362366318702698,
            0.7400949001312256,
            0.7338212728500366,
            0.80489581823349,
            0.8499203324317932,
            0.8739516735076904,
            0.8712502717971802,
            0.9664884209632874
        ],
        "learning_rate": [
            0.0010000000474974513,
            0.0010000000474974513,
            0.0010000000474974513,
            0.0010000000474974513,
            0.0010000000474974513,
            0.0010000000474974513,
            0.0005000000237487257,
            0.0005000000237487257,
            0.0005000000237487257,
            0.0005000000237487257,
            0.0005000000237487257
        ]
    },
    "evaluation_metrics": {
        "accuracy": 0.5206463195691203,
        "precision": 0.5610751957553496,
        "recall": 0.5206463195691203,
        "f1": 0.43804995424108306,
        "classification_report": {
            "0": {
                "precision": 0.6124031007751938,
                "recall": 0.14031971580817051,
                "f1-score": 0.22832369942196531,
                "support": 563.0
            },
            "1": {
                "precision": 0.5086294416243655,
                "recall": 0.9092558983666061,
                "f1-score": 0.65234375,
                "support": 551.0
            },
            "accuracy": 0.5206463195691203,
            "macro avg": {
                "precision": 0.5605162711997796,
                "recall": 0.5247878070873884,
                "f1-score": 0.44033372471098264,
                "support": 1114.0
            },
            "weighted avg": {
                "precision": 0.5610751957553496,
                "recall": 0.5206463195691203,
                "f1-score": 0.43804995424108306,
                "support": 1114.0
            }
        },
        "confusion_matrix": [
            [
                79,
                484
            ],
            [
                50,
                501
            ]
        ]
    }
}