{
    "timestamp": "2025-04-28 19:34:07",
    "training_history": {
        "accuracy": [
            0.5661095380783081,
            0.6320334076881409,
            0.6824512481689453,
            0.7145775556564331,
            0.7521820068359375,
            0.7732590436935425,
            0.7954503297805786,
            0.8232126235961914,
            0.8389043807983398,
            0.844846785068512,
            0.8465180993080139,
            0.8540390133857727
        ],
        "loss": [
            0.7533724308013916,
            0.686526894569397,
            0.6348183751106262,
            0.5854900479316711,
            0.5426703691482544,
            0.5184435844421387,
            0.4828026294708252,
            0.4363102316856384,
            0.41035526990890503,
            0.39646002650260925,
            0.3889979422092438,
            0.37581247091293335
        ],
        "val_accuracy": [
            0.5384615659713745,
            0.5431235432624817,
            0.4825174808502197,
            0.470862478017807,
            0.4825174808502197,
            0.5081585049629211,
            0.5081585049629211,
            0.498834490776062,
            0.5058274865150452,
            0.501165509223938,
            0.5221444964408875,
            0.5058274865150452
        ],
        "val_loss": [
            0.7581503987312317,
            0.7469463348388672,
            0.7866600751876831,
            0.8735270500183105,
            0.9494813680648804,
            0.9791817665100098,
            1.0195987224578857,
            1.1416194438934326,
            1.187101125717163,
            1.2009084224700928,
            1.2054083347320557,
            1.2664035558700562
        ],
        "learning_rate": [
            0.0010000000474974513,
            0.0010000000474974513,
            0.0010000000474974513,
            0.0010000000474974513,
            0.0010000000474974513,
            0.0010000000474974513,
            0.0010000000474974513,
            0.0005000000237487257,
            0.0005000000237487257,
            0.0005000000237487257,
            0.0005000000237487257,
            0.0005000000237487257
        ]
    },
    "evaluation_metrics": {
        "accuracy": 0.4558139534883721,
        "precision": 0.4635883806116363,
        "recall": 0.4558139534883721,
        "f1": 0.4189409844207596,
        "classification_report": {
            "0": {
                "precision": 0.4492307692307692,
                "recall": 0.7263681592039801,
                "f1-score": 0.5551330798479086,
                "support": 201.0
            },
            "1": {
                "precision": 0.47619047619047616,
                "recall": 0.2183406113537118,
                "f1-score": 0.29940119760479045,
                "support": 229.0
            },
            "accuracy": 0.4558139534883721,
            "macro avg": {
                "precision": 0.4627106227106227,
                "recall": 0.472354385278846,
                "f1-score": 0.4272671387263495,
                "support": 430.0
            },
            "weighted avg": {
                "precision": 0.4635883806116363,
                "recall": 0.4558139534883721,
                "f1-score": 0.4189409844207596,
                "support": 430.0
            }
        },
        "confusion_matrix": [
            [
                146,
                55
            ],
            [
                179,
                50
            ]
        ]
    }
}