{
    "timestamp": "2025-04-28 19:38:14",
    "training_history": {
        "accuracy": [
            0.6138888597488403,
            0.7055555582046509,
            0.7615740895271301,
            0.770370364189148,
            0.7976852059364319,
            0.8115741014480591,
            0.8398148417472839,
            0.8486111164093018,
            0.8601852059364319,
            0.8541666865348816,
            0.8652777671813965
        ],
        "loss": [
            0.7266400456428528,
            0.6466948390007019,
            0.5800596475601196,
            0.5457757711410522,
            0.5091296434402466,
            0.48474782705307007,
            0.44201165437698364,
            0.42532435059547424,
            0.4003995954990387,
            0.4002228379249573,
            0.38266250491142273
        ],
        "val_accuracy": [
            0.5632184147834778,
            0.3563218414783478,
            0.3333333432674408,
            0.36781609058380127,
            0.40229883790016174,
            0.36781609058380127,
            0.36781609058380127,
            0.4597701132297516,
            0.4482758641242981,
            0.4482758641242981,
            0.4597701132297516
        ],
        "val_loss": [
            0.7976377606391907,
            0.9987671971321106,
            0.9797559976577759,
            1.0351016521453857,
            1.0679839849472046,
            1.1726933717727661,
            1.087776780128479,
            1.0857188701629639,
            1.151086688041687,
            1.1499735116958618,
            1.1096415519714355
        ],
        "learning_rate": [
            0.0010000000474974513,
            0.0010000000474974513,
            0.0010000000474974513,
            0.0010000000474974513,
            0.0010000000474974513,
            0.0010000000474974513,
            0.0005000000237487257,
            0.0005000000237487257,
            0.0005000000237487257,
            0.0005000000237487257,
            0.0005000000237487257
        ]
    },
    "evaluation_metrics": {
        "accuracy": 0.41379310344827586,
        "precision": 0.41521072796934866,
        "recall": 0.41379310344827586,
        "f1": 0.3319809701996528,
        "classification_report": {
            "0": {
                "precision": 0.41333333333333333,
                "recall": 0.8157894736842105,
                "f1-score": 0.5486725663716814,
                "support": 38.0
            },
            "1": {
                "precision": 0.4166666666666667,
                "recall": 0.10204081632653061,
                "f1-score": 0.16393442622950824,
                "support": 49.0
            },
            "accuracy": 0.41379310344827586,
            "macro avg": {
                "precision": 0.41500000000000004,
                "recall": 0.45891514500537056,
                "f1-score": 0.3563034963005948,
                "support": 87.0
            },
            "weighted avg": {
                "precision": 0.41521072796934866,
                "recall": 0.41379310344827586,
                "f1-score": 0.3319809701996528,
                "support": 87.0
            }
        },
        "confusion_matrix": [
            [
                31,
                7
            ],
            [
                44,
                5
            ]
        ]
    }
}