{
    "timestamp": "2025-04-28 19:32:20",
    "training_history": {
        "accuracy": [
            0.6000000238418579,
            0.7046154141426086,
            0.7643589973449707,
            0.7923076748847961,
            0.8146153688430786,
            0.8199999928474426,
            0.8512820601463318,
            0.8692307472229004,
            0.8682051301002502,
            0.8828204870223999,
            0.8866666555404663
        ],
        "loss": [
            0.7313631176948547,
            0.6243290305137634,
            0.5509018301963806,
            0.5041003227233887,
            0.45884084701538086,
            0.43448948860168457,
            0.3883536159992218,
            0.364266037940979,
            0.34960615634918213,
            0.33442455530166626,
            0.3201391398906708
        ],
        "val_accuracy": [
            0.49673202633857727,
            0.49673202633857727,
            0.5228758454322815,
            0.4771241843700409,
            0.48366013169288635,
            0.4575163424015045,
            0.4771241843700409,
            0.4901960790157318,
            0.4771241843700409,
            0.46405228972435,
            0.46405228972435
        ],
        "val_loss": [
            0.8024279475212097,
            0.8306511640548706,
            0.877781093120575,
            0.9104105830192566,
            0.9850144982337952,
            1.0379090309143066,
            1.0972579717636108,
            1.1319831609725952,
            1.205119013786316,
            1.2571970224380493,
            1.2626920938491821
        ],
        "learning_rate": [
            0.0010000000474974513,
            0.0010000000474974513,
            0.0010000000474974513,
            0.0010000000474974513,
            0.0010000000474974513,
            0.0010000000474974513,
            0.0005000000237487257,
            0.0005000000237487257,
            0.0005000000237487257,
            0.0005000000237487257,
            0.0005000000237487257
        ]
    },
    "evaluation_metrics": {
        "accuracy": 0.5098039215686274,
        "precision": 0.5302726462485821,
        "recall": 0.5098039215686274,
        "f1": 0.4650985827456416,
        "classification_report": {
            "0": {
                "precision": 0.5625,
                "recall": 0.22784810126582278,
                "f1-score": 0.3243243243243243,
                "support": 79.0
            },
            "1": {
                "precision": 0.49586776859504134,
                "recall": 0.8108108108108109,
                "f1-score": 0.6153846153846154,
                "support": 74.0
            },
            "accuracy": 0.5098039215686274,
            "macro avg": {
                "precision": 0.5291838842975207,
                "recall": 0.5193294560383168,
                "f1-score": 0.4698544698544699,
                "support": 153.0
            },
            "weighted avg": {
                "precision": 0.5302726462485821,
                "recall": 0.5098039215686274,
                "f1-score": 0.4650985827456416,
                "support": 153.0
            }
        },
        "confusion_matrix": [
            [
                18,
                61
            ],
            [
                14,
                60
            ]
        ]
    }
}