{
    "timestamp": "2025-04-28 19:42:38",
    "training_history": {
        "accuracy": [
            0.5385730862617493,
            0.5688761472702026,
            0.6004135012626648,
            0.635407030582428,
            0.6619144678115845,
            0.6878046989440918,
            0.7259766459465027,
            0.7447695136070251,
            0.7563722729682922,
            0.7646732330322266,
            0.7707831859588623
        ],
        "loss": [
            0.7404304146766663,
            0.6965227127075195,
            0.6782684326171875,
            0.6523162126541138,
            0.6272080540657043,
            0.6050552725791931,
            0.5622771382331848,
            0.5391478538513184,
            0.5260292291641235,
            0.512177050113678,
            0.5021399855613708
        ],
        "val_accuracy": [
            0.510686993598938,
            0.5259541869163513,
            0.5022900700569153,
            0.5229007601737976,
            0.5137404799461365,
            0.5198473334312439,
            0.5099236369132996,
            0.5137404799461365,
            0.5244274735450745,
            0.5374045968055725,
            0.5190839767456055
        ],
        "val_loss": [
            0.7216112613677979,
            0.8054156303405762,
            0.7434324026107788,
            0.8700818419456482,
            0.8416966199874878,
            1.0600945949554443,
            0.9155431985855103,
            1.0628565549850464,
            1.0646575689315796,
            0.9934970736503601,
            1.0952818393707275
        ],
        "learning_rate": [
            0.0010000000474974513,
            0.0010000000474974513,
            0.0010000000474974513,
            0.0010000000474974513,
            0.0010000000474974513,
            0.0010000000474974513,
            0.0005000000237487257,
            0.0005000000237487257,
            0.0005000000237487257,
            0.0005000000237487257,
            0.0005000000237487257
        ]
    },
    "evaluation_metrics": {
        "accuracy": 0.517162471395881,
        "precision": 0.511587294893331,
        "recall": 0.517162471395881,
        "f1": 0.4612647003090214,
        "classification_report": {
            "0": {
                "precision": 0.502127659574468,
                "recall": 0.1861198738170347,
                "f1-score": 0.2715765247410817,
                "support": 634.0
            },
            "1": {
                "precision": 0.5204460966542751,
                "recall": 0.827178729689808,
                "f1-score": 0.638904734740445,
                "support": 677.0
            },
            "accuracy": 0.517162471395881,
            "macro avg": {
                "precision": 0.5112868781143716,
                "recall": 0.5066493017534214,
                "f1-score": 0.4552406297407633,
                "support": 1311.0
            },
            "weighted avg": {
                "precision": 0.511587294893331,
                "recall": 0.517162471395881,
                "f1-score": 0.4612647003090214,
                "support": 1311.0
            }
        },
        "confusion_matrix": [
            [
                118,
                516
            ],
            [
                117,
                560
            ]
        ]
    }
}