{
    "timestamp": "2025-04-28 19:33:38",
    "training_history": {
        "accuracy": [
            0.5192427635192871,
            0.5528942346572876,
            0.5942490100860596,
            0.6284618377685547,
            0.6632360219955444,
            0.6904004216194153,
            0.730164647102356,
            0.748877227306366,
            0.7616018056869507,
            0.7703343033790588,
            0.7799713015556335
        ],
        "loss": [
            0.7338273525238037,
            0.6965683102607727,
            0.6774646043777466,
            0.6550815105438232,
            0.6264194846153259,
            0.6022158861160278,
            0.5538841485977173,
            0.5307053923606873,
            0.5135678052902222,
            0.4984798729419708,
            0.48590895533561707
        ],
        "val_accuracy": [
            0.5045801401138306,
            0.4175572395324707,
            0.45877861976623535,
            0.4595419764518738,
            0.4282442629337311,
            0.4282442629337311,
            0.45877861976623535,
            0.46717557311058044,
            0.4312977194786072,
            0.45038166642189026,
            0.448091596364975
        ],
        "val_loss": [
            0.7185648083686829,
            0.7511019110679626,
            0.8048762083053589,
            0.9185344576835632,
            0.9103259444236755,
            1.0425723791122437,
            1.078964352607727,
            1.2473944425582886,
            1.1241304874420166,
            1.3249900341033936,
            1.2925734519958496
        ],
        "learning_rate": [
            0.0010000000474974513,
            0.0010000000474974513,
            0.0010000000474974513,
            0.0010000000474974513,
            0.0010000000474974513,
            0.0010000000474974513,
            0.0005000000237487257,
            0.0005000000237487257,
            0.0005000000237487257,
            0.0005000000237487257,
            0.0005000000237487257
        ]
    },
    "evaluation_metrics": {
        "accuracy": 0.4576659038901602,
        "precision": 0.48670359957650133,
        "recall": 0.4576659038901602,
        "f1": 0.44350046941824517,
        "classification_report": {
            "0": {
                "precision": 0.41855203619909503,
                "recall": 0.6525573192239859,
                "f1-score": 0.5099931082012406,
                "support": 567.0
            },
            "1": {
                "precision": 0.5386416861826698,
                "recall": 0.30913978494623656,
                "f1-score": 0.3928266438941076,
                "support": 744.0
            },
            "accuracy": 0.4576659038901602,
            "macro avg": {
                "precision": 0.4785968611908824,
                "recall": 0.48084855208511124,
                "f1-score": 0.4514098760476741,
                "support": 1311.0
            },
            "weighted avg": {
                "precision": 0.48670359957650133,
                "recall": 0.4576659038901602,
                "f1-score": 0.44350046941824517,
                "support": 1311.0
            }
        },
        "confusion_matrix": [
            [
                370,
                197
            ],
            [
                514,
                230
            ]
        ]
    }
}