{
    "timestamp": "2025-04-28 19:32:51",
    "training_history": {
        "accuracy": [
            0.5609976649284363,
            0.6038076877593994,
            0.6412465572357178,
            0.6763986349105835,
            0.7082535624504089,
            0.7301638126373291,
            0.7644650340080261,
            0.7812167406082153,
            0.7881833910942078,
            0.8019038438796997,
            0.8132312297821045
        ],
        "loss": [
            0.7421731352806091,
            0.6896159648895264,
            0.6536849737167358,
            0.6184274554252625,
            0.5883487462997437,
            0.5613023638725281,
            0.5090265870094299,
            0.488097608089447,
            0.47645026445388794,
            0.45584678649902344,
            0.44013848900794983
        ],
        "val_accuracy": [
            0.5006518959999084,
            0.47457626461982727,
            0.5045632123947144,
            0.4576271176338196,
            0.4432855248451233,
            0.4615384638309479,
            0.449804425239563,
            0.4537157714366913,
            0.4537157714366913,
            0.4524120092391968,
            0.4485006630420685
        ],
        "val_loss": [
            0.7450134754180908,
            0.7560967803001404,
            0.7473677396774292,
            0.8605802059173584,
            0.8970192670822144,
            1.0167323350906372,
            1.5112465620040894,
            1.6176124811172485,
            1.4072494506835938,
            1.6085162162780762,
            1.907971739768982
        ],
        "learning_rate": [
            0.0010000000474974513,
            0.0010000000474974513,
            0.0010000000474974513,
            0.0010000000474974513,
            0.0010000000474974513,
            0.0010000000474974513,
            0.0005000000237487257,
            0.0005000000237487257,
            0.0005000000237487257,
            0.0005000000237487257,
            0.0005000000237487257
        ]
    },
    "evaluation_metrics": {
        "accuracy": 0.4380704041720991,
        "precision": 0.7588540542407419,
        "recall": 0.4380704041720991,
        "f1": 0.28415541041481573,
        "classification_report": {
            "0": {
                "precision": 0.4291390728476821,
                "recall": 1.0,
                "f1-score": 0.6005560704355886,
                "support": 324.0
            },
            "1": {
                "precision": 1.0,
                "recall": 0.02708803611738149,
                "f1-score": 0.05274725274725275,
                "support": 443.0
            },
            "accuracy": 0.4380704041720991,
            "macro avg": {
                "precision": 0.714569536423841,
                "recall": 0.5135440180586908,
                "f1-score": 0.3266516615914207,
                "support": 767.0
            },
            "weighted avg": {
                "precision": 0.7588540542407419,
                "recall": 0.4380704041720991,
                "f1-score": 0.28415541041481573,
                "support": 767.0
            }
        },
        "confusion_matrix": [
            [
                324,
                0
            ],
            [
                431,
                12
            ]
        ]
    }
}