{
    "timestamp": "2025-04-28 19:33:47",
    "training_history": {
        "accuracy": [
            0.6310306787490845,
            0.7017543911933899,
            0.7540204524993896,
            0.7876461744308472,
            0.8196271657943726,
            0.8366228342056274,
            0.8693348169326782,
            0.8817616701126099,
            0.890350878238678,
            0.9005848169326782,
            0.902595043182373
        ],
        "loss": [
            0.7173236608505249,
            0.6345316171646118,
            0.5700779557228088,
            0.5159054398536682,
            0.46372267603874207,
            0.4333529472351074,
            0.37887728214263916,
            0.35066407918930054,
            0.3322495222091675,
            0.31784942746162415,
            0.31105759739875793
        ],
        "val_accuracy": [
            0.3282051384449005,
            0.40512821078300476,
            0.4153846204280853,
            0.4615384638309479,
            0.4564102590084076,
            0.4307692348957062,
            0.44102564454078674,
            0.43589743971824646,
            0.47179487347602844,
            0.446153849363327,
            0.43589743971824646
        ],
        "val_loss": [
            1.6616134643554688,
            1.7615950107574463,
            1.8403925895690918,
            2.105725049972534,
            2.6412360668182373,
            2.5473859310150146,
            3.0187554359436035,
            2.8654606342315674,
            2.9793381690979004,
            2.92635440826416,
            3.1903953552246094
        ],
        "learning_rate": [
            0.0010000000474974513,
            0.0010000000474974513,
            0.0010000000474974513,
            0.0010000000474974513,
            0.0010000000474974513,
            0.0010000000474974513,
            0.0005000000237487257,
            0.0005000000237487257,
            0.0005000000237487257,
            0.0005000000237487257,
            0.0005000000237487257
        ]
    },
    "evaluation_metrics": {
        "accuracy": 0.5357142857142857,
        "precision": 0.2869897959183674,
        "recall": 0.5357142857142857,
        "f1": 0.37375415282392027,
        "classification_report": {
            "0": {
                "precision": 0.5357142857142857,
                "recall": 1.0,
                "f1-score": 0.6976744186046512,
                "support": 105.0
            },
            "1": {
                "precision": 0.0,
                "recall": 0.0,
                "f1-score": 0.0,
                "support": 91.0
            },
            "accuracy": 0.5357142857142857,
            "macro avg": {
                "precision": 0.26785714285714285,
                "recall": 0.5,
                "f1-score": 0.3488372093023256,
                "support": 196.0
            },
            "weighted avg": {
                "precision": 0.2869897959183674,
                "recall": 0.5357142857142857,
                "f1-score": 0.37375415282392027,
                "support": 196.0
            }
        },
        "confusion_matrix": [
            [
                105,
                0
            ],
            [
                91,
                0
            ]
        ]
    }
}