{
    "timestamp": "2025-04-28 19:36:08",
    "training_history": {
        "accuracy": [
            0.5394209027290344,
            0.5961102247238159,
            0.6326530575752258,
            0.674777626991272,
            0.7053898572921753,
            0.7329496145248413,
            0.7727193236351013,
            0.7892900705337524,
            0.7953078746795654,
            0.8136228919029236,
            0.8206872344017029
        ],
        "loss": [
            0.7485957741737366,
            0.6947617530822754,
            0.6565956473350525,
            0.6220656037330627,
            0.5900046825408936,
            0.5579020977020264,
            0.5108072757720947,
            0.48550108075141907,
            0.47050565481185913,
            0.44926631450653076,
            0.4342257082462311
        ],
        "val_accuracy": [
            0.47887325286865234,
            0.43661972880363464,
            0.4483568072319031,
            0.44366195797920227,
            0.44131454825401306,
            0.48122066259384155,
            0.44131454825401306,
            0.4577464759349823,
            0.4600938856601715,
            0.49295774102211,
            0.48122066259384155
        ],
        "val_loss": [
            0.7425153255462646,
            0.7791101336479187,
            0.8138121962547302,
            0.851797878742218,
            0.9185656309127808,
            0.8441526889801025,
            0.9363619685173035,
            0.9915615320205688,
            0.9744269251823425,
            0.9610892534255981,
            0.9820898771286011
        ],
        "learning_rate": [
            0.0010000000474974513,
            0.0010000000474974513,
            0.0010000000474974513,
            0.0010000000474974513,
            0.0010000000474974513,
            0.0010000000474974513,
            0.0005000000237487257,
            0.0005000000237487257,
            0.0005000000237487257,
            0.0005000000237487257,
            0.0005000000237487257
        ]
    },
    "evaluation_metrics": {
        "accuracy": 0.4215456674473068,
        "precision": 0.4323942757845793,
        "recall": 0.4215456674473068,
        "f1": 0.3756737740754435,
        "classification_report": {
            "0": {
                "precision": 0.4144144144144144,
                "recall": 0.7263157894736842,
                "f1-score": 0.5277246653919694,
                "support": 190.0
            },
            "1": {
                "precision": 0.44680851063829785,
                "recall": 0.17721518987341772,
                "f1-score": 0.2537764350453173,
                "support": 237.0
            },
            "accuracy": 0.4215456674473068,
            "macro avg": {
                "precision": 0.4306114625263561,
                "recall": 0.451765489673551,
                "f1-score": 0.39075055021864336,
                "support": 427.0
            },
            "weighted avg": {
                "precision": 0.4323942757845793,
                "recall": 0.4215456674473068,
                "f1-score": 0.3756737740754435,
                "support": 427.0
            }
        },
        "confusion_matrix": [
            [
                138,
                52
            ],
            [
                195,
                42
            ]
        ]
    }
}