{
    "timestamp": "2025-04-28 19:36:26",
    "training_history": {
        "accuracy": [
            0.5685310363769531,
            0.6425937414169312,
            0.7018029093742371,
            0.7366318106651306,
            0.7672607898712158,
            0.7861093878746033,
            0.8162261843681335,
            0.8289284706115723,
            0.8389674425125122,
            0.8416308164596558,
            0.8560745716094971
        ],
        "loss": [
            0.7446194291114807,
            0.6767587065696716,
            0.6101194024085999,
            0.5628122687339783,
            0.5250844955444336,
            0.4967251718044281,
            0.4489358067512512,
            0.42350515723228455,
            0.40493839979171753,
            0.3969513773918152,
            0.3781850337982178
        ],
        "val_accuracy": [
            0.44931507110595703,
            0.45205479860305786,
            0.42465752363204956,
            0.4547945261001587,
            0.44109588861465454,
            0.4191780686378479,
            0.465753436088562,
            0.4547945261001587,
            0.42465752363204956,
            0.4547945261001587,
            0.4465753436088562
        ],
        "val_loss": [
            0.8019249439239502,
            0.8616904020309448,
            0.9990134239196777,
            1.0207942724227905,
            1.190366506576538,
            1.4413763284683228,
            1.3227553367614746,
            1.309279441833496,
            1.4488022327423096,
            1.408089280128479,
            1.4808539152145386
        ],
        "learning_rate": [
            0.0010000000474974513,
            0.0010000000474974513,
            0.0010000000474974513,
            0.0010000000474974513,
            0.0010000000474974513,
            0.0010000000474974513,
            0.0005000000237487257,
            0.0005000000237487257,
            0.0005000000237487257,
            0.0005000000237487257,
            0.0005000000237487257
        ]
    },
    "evaluation_metrics": {
        "accuracy": 0.47540983606557374,
        "precision": 0.46929999176494314,
        "recall": 0.47540983606557374,
        "f1": 0.45663034067305386,
        "classification_report": {
            "0": {
                "precision": 0.45217391304347826,
                "recall": 0.287292817679558,
                "f1-score": 0.3513513513513513,
                "support": 181.0
            },
            "1": {
                "precision": 0.4860557768924303,
                "recall": 0.6594594594594595,
                "f1-score": 0.5596330275229359,
                "support": 185.0
            },
            "accuracy": 0.47540983606557374,
            "macro avg": {
                "precision": 0.4691148449679543,
                "recall": 0.4733761385695088,
                "f1-score": 0.4554921894371436,
                "support": 366.0
            },
            "weighted avg": {
                "precision": 0.46929999176494314,
                "recall": 0.47540983606557374,
                "f1-score": 0.45663034067305386,
                "support": 366.0
            }
        },
        "confusion_matrix": [
            [
                52,
                129
            ],
            [
                63,
                122
            ]
        ]
    }
}