{
    "timestamp": "2025-04-28 21:59:27",
    "training_history": {
        "accuracy": [
            0.553043007850647,
            0.5993300080299377,
            0.6420993804931641,
            0.6803461909294128,
            0.7112786173820496,
            0.7360134124755859,
            0.7725293040275574,
            0.7884421944618225,
            0.8012841939926147,
            0.8064209818840027,
            0.8187046051025391
        ],
        "loss": [
            0.7474193572998047,
            0.6954261064529419,
            0.6569894552230835,
            0.6208388209342957,
            0.5870159864425659,
            0.5571115612983704,
            0.5034964680671692,
            0.48385268449783325,
            0.4599216878414154,
            0.4527108073234558,
            0.437749981880188
        ],
        "val_accuracy": [
            0.5202898383140564,
            0.47681158781051636,
            0.4898550808429718,
            0.4797101318836212,
            0.4898550808429718,
            0.45652174949645996,
            0.4463768005371094,
            0.447826087474823,
            0.42898550629615784,
            0.4318840503692627,
            0.4434782564640045
        ],
        "val_loss": [
            0.7472044825553894,
            0.8052324056625366,
            0.7888622283935547,
            0.8589779138565063,
            0.9689549803733826,
            1.0474340915679932,
            1.0948290824890137,
            1.0090720653533936,
            1.1814324855804443,
            1.2914079427719116,
            1.1142021417617798
        ],
        "learning_rate": [
            0.0010000000474974513,
            0.0010000000474974513,
            0.0010000000474974513,
            0.0010000000474974513,
            0.0010000000474974513,
            0.0010000000474974513,
            0.0005000000237487257,
            0.0005000000237487257,
            0.0005000000237487257,
            0.0005000000237487257,
            0.0005000000237487257
        ]
    },
    "evaluation_metrics": {
        "accuracy": 0.5209840810419681,
        "precision": 0.4814457446325871,
        "recall": 0.5209840810419681,
        "f1": 0.42863764561374074,
        "classification_report": {
            "0": {
                "precision": 0.4225352112676056,
                "recall": 0.09375,
                "f1-score": 0.1534526854219949,
                "support": 320.0
            },
            "1": {
                "precision": 0.532258064516129,
                "recall": 0.889487870619946,
                "f1-score": 0.6659939455095862,
                "support": 371.0
            },
            "accuracy": 0.5209840810419681,
            "macro avg": {
                "precision": 0.4773966378918673,
                "recall": 0.491618935309973,
                "f1-score": 0.40972331546579055,
                "support": 691.0
            },
            "weighted avg": {
                "precision": 0.4814457446325871,
                "recall": 0.5209840810419681,
                "f1-score": 0.42863764561374074,
                "support": 691.0
            }
        },
        "confusion_matrix": [
            [
                30,
                290
            ],
            [
                41,
                330
            ]
        ]
    }
}