{
    "timestamp": "2025-04-28 19:39:43",
    "training_history": {
        "accuracy": [
            0.5583712458610535,
            0.6112291216850281,
            0.6489124894142151,
            0.6880627274513245,
            0.716641366481781,
            0.7436014413833618,
            0.7773900032043457,
            0.7947394847869873,
            0.8050075769424438,
            0.8150227665901184,
            0.8192716240882874
        ],
        "loss": [
            0.7391406893730164,
            0.6870981454849243,
            0.6492030024528503,
            0.614380955696106,
            0.5829561948776245,
            0.5556594729423523,
            0.5022922158241272,
            0.4790087938308716,
            0.46509963274002075,
            0.4456363916397095,
            0.4354628026485443
        ],
        "val_accuracy": [
            0.4564676582813263,
            0.45024874806404114,
            0.45895522832870483,
            0.4340795874595642,
            0.447761207818985,
            0.4465174078941345,
            0.4875621795654297,
            0.48009949922561646,
            0.4863184094429016,
            0.47139304876327515,
            0.48383083939552307
        ],
        "val_loss": [
            0.8499497175216675,
            1.0590205192565918,
            1.119341254234314,
            1.4015886783599854,
            1.3407286405563354,
            1.1511774063110352,
            1.4228450059890747,
            1.37582266330719,
            1.8794240951538086,
            1.70570969581604,
            1.5976977348327637
        ],
        "learning_rate": [
            0.0010000000474974513,
            0.0010000000474974513,
            0.0010000000474974513,
            0.0010000000474974513,
            0.0010000000474974513,
            0.0010000000474974513,
            0.0005000000237487257,
            0.0005000000237487257,
            0.0005000000237487257,
            0.0005000000237487257,
            0.0005000000237487257
        ]
    },
    "evaluation_metrics": {
        "accuracy": 0.4925373134328358,
        "precision": 0.750697882160271,
        "recall": 0.4925373134328358,
        "f1": 0.3278265619010186,
        "classification_report": {
            "0": {
                "precision": 0.4912718204488778,
                "recall": 1.0,
                "f1-score": 0.6588628762541806,
                "support": 394.0
            },
            "1": {
                "precision": 1.0,
                "recall": 0.004878048780487805,
                "f1-score": 0.009708737864077669,
                "support": 410.0
            },
            "accuracy": 0.4925373134328358,
            "macro avg": {
                "precision": 0.7456359102244389,
                "recall": 0.5024390243902439,
                "f1-score": 0.33428580705912914,
                "support": 804.0
            },
            "weighted avg": {
                "precision": 0.750697882160271,
                "recall": 0.4925373134328358,
                "f1-score": 0.3278265619010186,
                "support": 804.0
            }
        },
        "confusion_matrix": [
            [
                394,
                0
            ],
            [
                408,
                2
            ]
        ]
    }
}