{
    "timestamp": "2025-04-28 19:31:09",
    "training_history": {
        "accuracy": [
            0.5419833660125732,
            0.5662685632705688,
            0.5838219523429871,
            0.6078899502754211,
            0.6334419250488281,
            0.654976487159729,
            0.6915671229362488,
            0.7066956162452698,
            0.7196163535118103,
            0.7287006974220276,
            0.7421643137931824
        ],
        "loss": [
            0.7331503629684448,
            0.6942785382270813,
            0.6820051670074463,
            0.6691460013389587,
            0.6528380513191223,
            0.6340731382369995,
            0.5978313684463501,
            0.5814791917800903,
            0.5667792558670044,
            0.5535719990730286,
            0.5400959849357605
        ],
        "val_accuracy": [
            0.4729020893573761,
            0.45279720425605774,
            0.43706294894218445,
            0.41258740425109863,
            0.5437062978744507,
            0.46328672766685486,
            0.4720279574394226,
            0.563811182975769,
            0.47814685106277466,
            0.5489510297775269,
            0.567307710647583
        ],
        "val_loss": [
            0.7153156399726868,
            0.7451438903808594,
            0.7785958051681519,
            0.8781654238700867,
            0.7796094417572021,
            1.0285067558288574,
            1.0900776386260986,
            1.2447562217712402,
            1.2021147012710571,
            1.4708293676376343,
            1.25448477268219
        ],
        "learning_rate": [
            0.0010000000474974513,
            0.0010000000474974513,
            0.0010000000474974513,
            0.0010000000474974513,
            0.0010000000474974513,
            0.0010000000474974513,
            0.0005000000237487257,
            0.0005000000237487257,
            0.0005000000237487257,
            0.0005000000237487257,
            0.0005000000237487257
        ]
    },
    "evaluation_metrics": {
        "accuracy": 0.4759825327510917,
        "precision": 0.2265593714841441,
        "recall": 0.4759825327510917,
        "f1": 0.30699465130099995,
        "classification_report": {
            "0": {
                "precision": 0.4759825327510917,
                "recall": 1.0,
                "f1-score": 0.6449704142011834,
                "support": 545.0
            },
            "1": {
                "precision": 0.0,
                "recall": 0.0,
                "f1-score": 0.0,
                "support": 600.0
            },
            "accuracy": 0.4759825327510917,
            "macro avg": {
                "precision": 0.23799126637554585,
                "recall": 0.5,
                "f1-score": 0.3224852071005917,
                "support": 1145.0
            },
            "weighted avg": {
                "precision": 0.2265593714841441,
                "recall": 0.4759825327510917,
                "f1-score": 0.30699465130099995,
                "support": 1145.0
            }
        },
        "confusion_matrix": [
            [
                545,
                0
            ],
            [
                600,
                0
            ]
        ]
    }
}