{
    "timestamp": "2025-04-28 22:56:16",
    "training_history": {
        "accuracy": [
            0.5324138402938843,
            0.5706837177276611,
            0.6097498536109924,
            0.6467097997665405,
            0.6795603036880493,
            0.7038321495056152,
            0.736785352230072,
            0.7543278336524963,
            0.7657060623168945,
            0.7742846608161926,
            0.7815533876419067
        ],
        "loss": [
            0.7282989621162415,
            0.6914776563644409,
            0.6690017580986023,
            0.6429110169410706,
            0.6173809766769409,
            0.5925208330154419,
            0.5477075576782227,
            0.5280072093009949,
            0.511290431022644,
            0.4987795948982239,
            0.4867284297943115
        ],
        "val_accuracy": [
            0.5439490675926208,
            0.5528662204742432,
            0.5484076142311096,
            0.5401273965835571,
            0.49617835879325867,
            0.5445860028266907,
            0.48407644033432007,
            0.4878980815410614,
            0.45668789744377136,
            0.4974522292613983,
            0.4904458522796631
        ],
        "val_loss": [
            0.7149063348770142,
            0.7847884893417358,
            0.9933326244354248,
            1.4218965768814087,
            1.0978134870529175,
            1.206165075302124,
            1.3087602853775024,
            2.12045955657959,
            4.2116265296936035,
            1.7233680486679077,
            2.209555149078369
        ],
        "learning_rate": [
            0.0010000000474974513,
            0.0010000000474974513,
            0.0010000000474974513,
            0.0010000000474974513,
            0.0010000000474974513,
            0.0010000000474974513,
            0.0005000000237487257,
            0.0005000000237487257,
            0.0005000000237487257,
            0.0005000000237487257,
            0.0005000000237487257
        ]
    },
    "evaluation_metrics": {
        "accuracy": 0.4996817313812858,
        "precision": 0.49769758430092964,
        "recall": 0.4996817313812858,
        "f1": 0.4927842185805156,
        "classification_report": {
            "0": {
                "precision": 0.5067079463364293,
                "recall": 0.6145181476846058,
                "f1-score": 0.5554298642533937,
                "support": 799.0
            },
            "1": {
                "precision": 0.4883720930232558,
                "recall": 0.38082901554404147,
                "f1-score": 0.4279475982532751,
                "support": 772.0
            },
            "accuracy": 0.4996817313812858,
            "macro avg": {
                "precision": 0.49754001967984257,
                "recall": 0.4976735816143236,
                "f1-score": 0.4916887312533344,
                "support": 1571.0
            },
            "weighted avg": {
                "precision": 0.49769758430092964,
                "recall": 0.4996817313812858,
                "f1-score": 0.4927842185805156,
                "support": 1571.0
            }
        },
        "confusion_matrix": [
            [
                491,
                308
            ],
            [
                478,
                294
            ]
        ]
    }
}