{
    "timestamp": "2025-04-28 19:35:48",
    "training_history": {
        "accuracy": [
            0.534799337387085,
            0.5842588543891907,
            0.6223900318145752,
            0.6604471802711487,
            0.6905819773674011,
            0.7141270637512207,
            0.7387827634811401,
            0.767436683177948,
            0.7829113006591797,
            0.7943136096000671,
            0.8019399046897888,
            0.8092699646949768
        ],
        "loss": [
            0.740749180316925,
            0.6930903196334839,
            0.6640223860740662,
            0.6324296593666077,
            0.601857602596283,
            0.5753167271614075,
            0.5482639670372009,
            0.5060033202171326,
            0.48410484194755554,
            0.4675244092941284,
            0.4530411660671234,
            0.43944549560546875
        ],
        "val_accuracy": [
            0.5203251838684082,
            0.5365853905677795,
            0.5630081295967102,
            0.5284552574157715,
            0.49593496322631836,
            0.5060975551605225,
            0.4918699264526367,
            0.5101625919342041,
            0.5243902206420898,
            0.5060975551605225,
            0.5284552574157715,
            0.5101625919342041
        ],
        "val_loss": [
            0.7427549362182617,
            0.7358869910240173,
            0.7405438423156738,
            0.8117887377738953,
            0.9018286466598511,
            1.0289233922958374,
            0.9699607491493225,
            1.0444488525390625,
            1.0100257396697998,
            1.0991387367248535,
            1.0420459508895874,
            1.107005000114441
        ],
        "learning_rate": [
            0.0010000000474974513,
            0.0010000000474974513,
            0.0010000000474974513,
            0.0010000000474974513,
            0.0010000000474974513,
            0.0010000000474974513,
            0.0010000000474974513,
            0.0005000000237487257,
            0.0005000000237487257,
            0.0005000000237487257,
            0.0005000000237487257,
            0.0005000000237487257
        ]
    },
    "evaluation_metrics": {
        "accuracy": 0.5476673427991886,
        "precision": 0.5788714542454466,
        "recall": 0.5476673427991886,
        "f1": 0.5446819193082598,
        "classification_report": {
            "0": {
                "precision": 0.48,
                "recall": 0.6824644549763034,
                "f1-score": 0.563600782778865,
                "support": 211.0
            },
            "1": {
                "precision": 0.6528497409326425,
                "recall": 0.44680851063829785,
                "f1-score": 0.5305263157894736,
                "support": 282.0
            },
            "accuracy": 0.5476673427991886,
            "macro avg": {
                "precision": 0.5664248704663213,
                "recall": 0.5646364828073006,
                "f1-score": 0.5470635492841693,
                "support": 493.0
            },
            "weighted avg": {
                "precision": 0.5788714542454466,
                "recall": 0.5476673427991886,
                "f1-score": 0.5446819193082598,
                "support": 493.0
            }
        },
        "confusion_matrix": [
            [
                144,
                67
            ],
            [
                156,
                126
            ]
        ]
    }
}