{
    "timestamp": "2025-04-28 19:36:57",
    "training_history": {
        "accuracy": [
            0.5427228808403015,
            0.589564859867096,
            0.6263730525970459,
            0.6630228161811829,
            0.6908534169197083,
            0.7117659449577332,
            0.749366283416748,
            0.7719687223434448,
            0.7794677019119263,
            0.786861002445221,
            0.7978981733322144
        ],
        "loss": [
            0.7501638531684875,
            0.7012876868247986,
            0.6687688231468201,
            0.6346395611763,
            0.6045863032341003,
            0.5839211344718933,
            0.5359822511672974,
            0.5090389847755432,
            0.49774491786956787,
            0.4817764461040497,
            0.47085627913475037
        ],
        "val_accuracy": [
            0.47482994198799133,
            0.5278911590576172,
            0.5047619342803955,
            0.5401360392570496,
            0.4952380955219269,
            0.5115646123886108,
            0.5061224699020386,
            0.5088435411453247,
            0.5088435411453247,
            0.5156462788581848,
            0.5061224699020386
        ],
        "val_loss": [
            0.7612480521202087,
            0.7655869126319885,
            0.7673665285110474,
            0.7980055212974548,
            0.8705777525901794,
            0.862831175327301,
            1.0070648193359375,
            0.9754771590232849,
            0.9640861749649048,
            0.9798888564109802,
            1.0329842567443848
        ],
        "learning_rate": [
            0.0010000000474974513,
            0.0010000000474974513,
            0.0010000000474974513,
            0.0010000000474974513,
            0.0010000000474974513,
            0.0010000000474974513,
            0.0005000000237487257,
            0.0005000000237487257,
            0.0005000000237487257,
            0.0005000000237487257,
            0.0005000000237487257
        ]
    },
    "evaluation_metrics": {
        "accuracy": 0.5095108695652174,
        "precision": 0.5052152633388657,
        "recall": 0.5095108695652174,
        "f1": 0.49640366767915767,
        "classification_report": {
            "0": {
                "precision": 0.5195071868583162,
                "recall": 0.6657894736842105,
                "f1-score": 0.5836216839677048,
                "support": 380.0
            },
            "1": {
                "precision": 0.4899598393574297,
                "recall": 0.34269662921348315,
                "f1-score": 0.403305785123967,
                "support": 356.0
            },
            "accuracy": 0.5095108695652174,
            "macro avg": {
                "precision": 0.504733513107873,
                "recall": 0.5042430514488468,
                "f1-score": 0.49346373454583586,
                "support": 736.0
            },
            "weighted avg": {
                "precision": 0.5052152633388657,
                "recall": 0.5095108695652174,
                "f1-score": 0.49640366767915767,
                "support": 736.0
            }
        },
        "confusion_matrix": [
            [
                253,
                127
            ],
            [
                234,
                122
            ]
        ]
    }
}