{
    "timestamp": "2025-04-28 20:22:54",
    "training_history": {
        "accuracy": [
            0.5258238911628723,
            0.5572475790977478,
            0.5796067714691162,
            0.6167109608650208,
            0.6441463232040405,
            0.6690838932991028,
            0.6943840384483337,
            0.7245588302612305,
            0.7390218377113342,
            0.7539682388305664,
            0.7659737467765808,
            0.775320291519165
        ],
        "loss": [
            0.7403206825256348,
            0.7022379040718079,
            0.6827744245529175,
            0.6627466678619385,
            0.6439892053604126,
            0.6222843527793884,
            0.5991514325141907,
            0.5596005916595459,
            0.5406169891357422,
            0.5250433683395386,
            0.5095075368881226,
            0.4955078661441803
        ],
        "val_accuracy": [
            0.47352340817451477,
            0.48472505807876587,
            0.4501018226146698,
            0.49898168444633484,
            0.4541751444339752,
            0.4745417535305023,
            0.45112016797065735,
            0.45824846625328064,
            0.45315682888031006,
            0.4480651617050171,
            0.4572301506996155,
            0.4450101852416992
        ],
        "val_loss": [
            0.749218225479126,
            0.7398247718811035,
            0.7936444878578186,
            0.816291332244873,
            0.8395220637321472,
            0.9389909505844116,
            1.031717300415039,
            1.1026719808578491,
            1.2358362674713135,
            1.3100731372833252,
            1.3048220872879028,
            1.394181251525879
        ],
        "learning_rate": [
            0.0010000000474974513,
            0.0010000000474974513,
            0.0010000000474974513,
            0.0010000000474974513,
            0.0010000000474974513,
            0.0010000000474974513,
            0.0010000000474974513,
            0.0005000000237487257,
            0.0005000000237487257,
            0.0005000000237487257,
            0.0005000000237487257,
            0.0005000000237487257
        ]
    },
    "evaluation_metrics": {
        "accuracy": 0.5493387589013224,
        "precision": 0.549342742916358,
        "recall": 0.5493387589013224,
        "f1": 0.5492127931208889,
        "classification_report": {
            "0": {
                "precision": 0.5494736842105263,
                "recall": 0.5326530612244897,
                "f1-score": 0.5409326424870466,
                "support": 490.0
            },
            "1": {
                "precision": 0.5492125984251969,
                "recall": 0.565922920892495,
                "f1-score": 0.5574425574425574,
                "support": 493.0
            },
            "accuracy": 0.5493387589013224,
            "macro avg": {
                "precision": 0.5493431413178615,
                "recall": 0.5492879910584924,
                "f1-score": 0.549187599964802,
                "support": 983.0
            },
            "weighted avg": {
                "precision": 0.549342742916358,
                "recall": 0.5493387589013224,
                "f1-score": 0.5492127931208889,
                "support": 983.0
            }
        },
        "confusion_matrix": [
            [
                261,
                229
            ],
            [
                214,
                279
            ]
        ]
    }
}