{
    "timestamp": "2025-04-28 19:39:02",
    "training_history": {
        "accuracy": [
            0.5339332222938538,
            0.5842729210853577,
            0.6267707347869873,
            0.6573431491851807,
            0.6832899451255798,
            0.7092006206512451,
            0.7235834002494812,
            0.7583839297294617,
            0.7750072479248047,
            0.7838248014450073,
            0.7946299314498901,
            0.8014238476753235
        ],
        "loss": [
            0.7338035106658936,
            0.6881282925605774,
            0.6573395729064941,
            0.6306344866752625,
            0.6059352159500122,
            0.57856285572052,
            0.5586119890213013,
            0.5104423761367798,
            0.4886491298675537,
            0.4779469072818756,
            0.4600948989391327,
            0.45023155212402344
        ],
        "val_accuracy": [
            0.46947935223579407,
            0.5269299745559692,
            0.48384201526641846,
            0.5385996699333191,
            0.4973070025444031,
            0.541292667388916,
            0.4955116808414459,
            0.4847396910190582,
            0.4685816764831543,
            0.472172349691391,
            0.47396767139434814,
            0.479353666305542
        ],
        "val_loss": [
            0.7874632477760315,
            0.7304089069366455,
            0.7692363262176514,
            0.9039302468299866,
            0.8452557921409607,
            1.055901050567627,
            1.160094141960144,
            1.1949949264526367,
            1.673238754272461,
            1.4358124732971191,
            1.5775953531265259,
            1.9602879285812378
        ],
        "learning_rate": [
            0.0010000000474974513,
            0.0010000000474974513,
            0.0010000000474974513,
            0.0010000000474974513,
            0.0010000000474974513,
            0.0010000000474974513,
            0.0010000000474974513,
            0.0005000000237487257,
            0.0005000000237487257,
            0.0005000000237487257,
            0.0005000000237487257,
            0.0005000000237487257
        ]
    },
    "evaluation_metrics": {
        "accuracy": 0.5511669658886894,
        "precision": 0.5396152485021186,
        "recall": 0.5511669658886894,
        "f1": 0.5261879294727896,
        "classification_report": {
            "0": {
                "precision": 0.5050167224080268,
                "recall": 0.30019880715705766,
                "f1-score": 0.3765586034912718,
                "support": 503.0
            },
            "1": {
                "precision": 0.5680981595092025,
                "recall": 0.7577741407528642,
                "f1-score": 0.6493688639551193,
                "support": 611.0
            },
            "accuracy": 0.5511669658886894,
            "macro avg": {
                "precision": 0.5365574409586147,
                "recall": 0.5289864739549609,
                "f1-score": 0.5129637337231956,
                "support": 1114.0
            },
            "weighted avg": {
                "precision": 0.5396152485021186,
                "recall": 0.5511669658886894,
                "f1-score": 0.5261879294727896,
                "support": 1114.0
            }
        },
        "confusion_matrix": [
            [
                151,
                352
            ],
            [
                148,
                463
            ]
        ]
    }
}