{
    "timestamp": "2025-04-28 19:39:08",
    "training_history": {
        "accuracy": [
            0.6038690209388733,
            0.6860119104385376,
            0.7553571462631226,
            0.7755952477455139,
            0.8029761910438538,
            0.8238095045089722,
            0.8601190447807312,
            0.8595238327980042,
            0.8764880895614624,
            0.8872023820877075,
            0.8901785612106323
        ],
        "loss": [
            0.732978105545044,
            0.6485618352890015,
            0.5813865661621094,
            0.5257106423377991,
            0.488665908575058,
            0.45130786299705505,
            0.39471524953842163,
            0.38568198680877686,
            0.35865023732185364,
            0.3401389420032501,
            0.3247775137424469
        ],
        "val_accuracy": [
            0.5384615659713745,
            0.5538461804389954,
            0.5692307949066162,
            0.5769230723381042,
            0.5615384578704834,
            0.5923076868057251,
            0.5692307949066162,
            0.5846154093742371,
            0.5615384578704834,
            0.5846154093742371,
            0.5923076868057251
        ],
        "val_loss": [
            0.7596833109855652,
            0.7836681604385376,
            0.766236424446106,
            0.8843863010406494,
            0.8994717597961426,
            0.8562830090522766,
            0.9190906286239624,
            0.9277149438858032,
            0.9463505744934082,
            0.9742588400840759,
            1.0284359455108643
        ],
        "learning_rate": [
            0.0010000000474974513,
            0.0010000000474974513,
            0.0010000000474974513,
            0.0010000000474974513,
            0.0010000000474974513,
            0.0010000000474974513,
            0.0005000000237487257,
            0.0005000000237487257,
            0.0005000000237487257,
            0.0005000000237487257,
            0.0005000000237487257
        ]
    },
    "evaluation_metrics": {
        "accuracy": 0.48091603053435117,
        "precision": 0.5760267966245454,
        "recall": 0.48091603053435117,
        "f1": 0.49970192657215556,
        "classification_report": {
            "0": {
                "precision": 0.6949152542372882,
                "recall": 0.45054945054945056,
                "f1-score": 0.5466666666666666,
                "support": 91.0
            },
            "1": {
                "precision": 0.3055555555555556,
                "recall": 0.55,
                "f1-score": 0.39285714285714285,
                "support": 40.0
            },
            "accuracy": 0.48091603053435117,
            "macro avg": {
                "precision": 0.5002354048964219,
                "recall": 0.5002747252747253,
                "f1-score": 0.4697619047619047,
                "support": 131.0
            },
            "weighted avg": {
                "precision": 0.5760267966245454,
                "recall": 0.48091603053435117,
                "f1-score": 0.49970192657215556,
                "support": 131.0
            }
        },
        "confusion_matrix": [
            [
                41,
                50
            ],
            [
                18,
                22
            ]
        ]
    }
}