{
    "timestamp": "2025-04-28 19:38:08",
    "training_history": {
        "accuracy": [
            0.5481350421905518,
            0.5828542113304138,
            0.6242812871932983,
            0.6471325159072876,
            0.6765443086624146,
            0.6895179152488708,
            0.719298243522644,
            0.7582190632820129,
            0.7702344059944153,
            0.7815126180648804,
            0.7933804988861084,
            0.8009729981422424
        ],
        "loss": [
            0.7507842779159546,
            0.7064968943595886,
            0.6707516312599182,
            0.6456374526023865,
            0.6230992078781128,
            0.6042137742042542,
            0.5745356678962708,
            0.5329012870788574,
            0.5108513832092285,
            0.4989018440246582,
            0.48012682795524597,
            0.46248289942741394
        ],
        "val_accuracy": [
            0.4860000014305115,
            0.5120000243186951,
            0.4959999918937683,
            0.49399998784065247,
            0.5120000243186951,
            0.4860000014305115,
            0.4779999852180481,
            0.5379999876022339,
            0.5139999985694885,
            0.4779999852180481,
            0.5139999985694885,
            0.5440000295639038
        ],
        "val_loss": [
            0.7471368908882141,
            0.7321420907974243,
            0.7334599494934082,
            0.7364273071289062,
            0.7390498518943787,
            0.7422760725021362,
            0.7524010539054871,
            0.7543168663978577,
            0.7679286003112793,
            0.7901074290275574,
            0.7936496734619141,
            0.7833935022354126
        ],
        "learning_rate": [
            0.0010000000474974513,
            0.0010000000474974513,
            0.0010000000474974513,
            0.0010000000474974513,
            0.0010000000474974513,
            0.0010000000474974513,
            0.0010000000474974513,
            0.0005000000237487257,
            0.0005000000237487257,
            0.0005000000237487257,
            0.0005000000237487257,
            0.0005000000237487257
        ]
    },
    "evaluation_metrics": {
        "accuracy": 0.456,
        "precision": 0.4631970893601916,
        "recall": 0.456,
        "f1": 0.416517316017316,
        "classification_report": {
            "0": {
                "precision": 0.450261780104712,
                "recall": 0.7350427350427351,
                "f1-score": 0.5584415584415585,
                "support": 234.0
            },
            "1": {
                "precision": 0.4745762711864407,
                "recall": 0.21052631578947367,
                "f1-score": 0.29166666666666663,
                "support": 266.0
            },
            "accuracy": 0.456,
            "macro avg": {
                "precision": 0.46241902564557635,
                "recall": 0.4727845254161044,
                "f1-score": 0.4250541125541126,
                "support": 500.0
            },
            "weighted avg": {
                "precision": 0.4631970893601916,
                "recall": 0.456,
                "f1-score": 0.416517316017316,
                "support": 500.0
            }
        },
        "confusion_matrix": [
            [
                172,
                62
            ],
            [
                210,
                56
            ]
        ]
    }
}