{
    "timestamp": "2025-04-28 19:31:42",
    "training_history": {
        "accuracy": [
            0.5599551200866699,
            0.6201773881912231,
            0.6542161107063293,
            0.6895906925201416,
            0.7131559252738953,
            0.7436144351959229,
            0.7631185054779053,
            0.8007374405860901,
            0.8123329877853394,
            0.8261194825172424,
            0.8366463780403137,
            0.8375013470649719
        ],
        "loss": [
            0.737131655216217,
            0.6803988814353943,
            0.6489229202270508,
            0.6160295009613037,
            0.5894635915756226,
            0.5525891184806824,
            0.5324108600616455,
            0.47613924741744995,
            0.46057215332984924,
            0.4389965236186981,
            0.4221816062927246,
            0.41541075706481934
        ],
        "val_accuracy": [
            0.5430916547775269,
            0.5444596409797668,
            0.5430916547775269,
            0.5143638849258423,
            0.5321477651596069,
            0.5403556823730469,
            0.5348837375640869,
            0.5348837375640869,
            0.5389876961708069,
            0.5512995719909668,
            0.5321477651596069,
            0.5184678435325623
        ],
        "val_loss": [
            0.7514309287071228,
            0.7468889355659485,
            0.8218695521354675,
            0.8249013423919678,
            0.8062003254890442,
            0.9569792151451111,
            0.9001923203468323,
            1.0997601747512817,
            1.0257775783538818,
            1.120230793952942,
            1.1228095293045044,
            1.120390772819519
        ],
        "learning_rate": [
            0.0010000000474974513,
            0.0010000000474974513,
            0.0010000000474974513,
            0.0010000000474974513,
            0.0010000000474974513,
            0.0010000000474974513,
            0.0010000000474974513,
            0.0005000000237487257,
            0.0005000000237487257,
            0.0005000000237487257,
            0.0005000000237487257,
            0.0005000000237487257
        ]
    },
    "evaluation_metrics": {
        "accuracy": 0.49247606019151846,
        "precision": 0.4964758445479234,
        "recall": 0.49247606019151846,
        "f1": 0.4912421316389279,
        "classification_report": {
            "0": {
                "precision": 0.47044334975369456,
                "recall": 0.5504322766570605,
                "f1-score": 0.5073041168658698,
                "support": 347.0
            },
            "1": {
                "precision": 0.52,
                "recall": 0.4401041666666667,
                "f1-score": 0.4767277856135402,
                "support": 384.0
            },
            "accuracy": 0.49247606019151846,
            "macro avg": {
                "precision": 0.4952216748768473,
                "recall": 0.4952682216618636,
                "f1-score": 0.492015951239705,
                "support": 731.0
            },
            "weighted avg": {
                "precision": 0.4964758445479234,
                "recall": 0.49247606019151846,
                "f1-score": 0.4912421316389279,
                "support": 731.0
            }
        },
        "confusion_matrix": [
            [
                191,
                156
            ],
            [
                215,
                169
            ]
        ]
    }
}