{
    "timestamp": "2025-04-28 19:40:53",
    "training_history": {
        "accuracy": [
            0.5426619648933411,
            0.5739456415176392,
            0.6032003164291382,
            0.6272409558296204,
            0.6524374485015869,
            0.6750655174255371,
            0.6910412311553955,
            0.7202959060668945,
            0.7324446439743042,
            0.7424873113632202,
            0.7504751682281494,
            0.7601325511932373
        ],
        "loss": [
            0.7248674631118774,
            0.6891108751296997,
            0.6690157055854797,
            0.6504968404769897,
            0.6325821876525879,
            0.6104575395584106,
            0.5943133234977722,
            0.5560959577560425,
            0.5401020646095276,
            0.5284519791603088,
            0.5158690810203552,
            0.5042681097984314
        ],
        "val_accuracy": [
            0.5796178579330444,
            0.5796178579330444,
            0.6146496534347534,
            0.5789808630943298,
            0.5878980755805969,
            0.5770700573921204,
            0.5745223164558411,
            0.6050955653190613,
            0.5770700573921204,
            0.5821655988693237,
            0.5821655988693237,
            0.5891719460487366
        ],
        "val_loss": [
            0.733594536781311,
            0.7119278907775879,
            0.7464200258255005,
            1.235918402671814,
            0.8011060953140259,
            1.1591147184371948,
            1.0900263786315918,
            1.1413733959197998,
            2.3159596920013428,
            1.2684102058410645,
            1.6181644201278687,
            1.3821933269500732
        ],
        "learning_rate": [
            0.0010000000474974513,
            0.0010000000474974513,
            0.0010000000474974513,
            0.0010000000474974513,
            0.0010000000474974513,
            0.0010000000474974513,
            0.0010000000474974513,
            0.0005000000237487257,
            0.0005000000237487257,
            0.0005000000237487257,
            0.0005000000237487257,
            0.0005000000237487257
        ]
    },
    "evaluation_metrics": {
        "accuracy": 0.5512412476129853,
        "precision": 0.5374797407407713,
        "recall": 0.5512412476129853,
        "f1": 0.40558646727397374,
        "classification_report": {
            "0": {
                "precision": 0.52,
                "recall": 0.018413597733711047,
                "f1-score": 0.035567715458276326,
                "support": 706.0
            },
            "1": {
                "precision": 0.5517464424320828,
                "recall": 0.9861271676300578,
                "f1-score": 0.7075902115304853,
                "support": 865.0
            },
            "accuracy": 0.5512412476129853,
            "macro avg": {
                "precision": 0.5358732212160414,
                "recall": 0.5022703826818844,
                "f1-score": 0.3715789634943808,
                "support": 1571.0
            },
            "weighted avg": {
                "precision": 0.5374797407407713,
                "recall": 0.5512412476129853,
                "f1-score": 0.40558646727397374,
                "support": 1571.0
            }
        },
        "confusion_matrix": [
            [
                13,
                693
            ],
            [
                12,
                853
            ]
        ]
    }
}