{
    "timestamp": "2025-04-28 19:41:44",
    "training_history": {
        "accuracy": [
            0.5286033153533936,
            0.5601716041564941,
            0.5905888080596924,
            0.6228198409080505,
            0.6548416614532471,
            0.6849797964096069,
            0.7233500480651855,
            0.7421166300773621,
            0.7604297399520874,
            0.7668131589889526,
            0.7789172530174255
        ],
        "loss": [
            0.7333258986473083,
            0.6935200095176697,
            0.6764209270477295,
            0.6552015542984009,
            0.6282690167427063,
            0.6019818782806396,
            0.5607210397720337,
            0.5357978343963623,
            0.5175886750221252,
            0.5031387209892273,
            0.48922574520111084
        ],
        "val_accuracy": [
            0.5861759185791016,
            0.5547576546669006,
            0.48025134205818176,
            0.4829443395137787,
            0.5251346230506897,
            0.47755834460258484,
            0.4829443395137787,
            0.48025134205818176,
            0.479353666305542,
            0.4856373369693756,
            0.49102333188056946
        ],
        "val_loss": [
            0.7221486568450928,
            0.7423247694969177,
            0.8152804374694824,
            1.0261809825897217,
            0.8498369455337524,
            1.1240878105163574,
            1.0187022686004639,
            1.2413644790649414,
            1.312292218208313,
            1.3869378566741943,
            1.3341364860534668
        ],
        "learning_rate": [
            0.0010000000474974513,
            0.0010000000474974513,
            0.0010000000474974513,
            0.0010000000474974513,
            0.0010000000474974513,
            0.0010000000474974513,
            0.0005000000237487257,
            0.0005000000237487257,
            0.0005000000237487257,
            0.0005000000237487257,
            0.0005000000237487257
        ]
    },
    "evaluation_metrics": {
        "accuracy": 0.5457809694793537,
        "precision": 0.550291078519545,
        "recall": 0.5457809694793537,
        "f1": 0.5468494956591125,
        "classification_report": {
            "0": {
                "precision": 0.4972972972972973,
                "recall": 0.5487077534791253,
                "f1-score": 0.5217391304347826,
                "support": 503.0
            },
            "1": {
                "precision": 0.59391771019678,
                "recall": 0.5433715220949263,
                "f1-score": 0.5675213675213675,
                "support": 611.0
            },
            "accuracy": 0.5457809694793537,
            "macro avg": {
                "precision": 0.5456075037470387,
                "recall": 0.5460396377870258,
                "f1-score": 0.544630248978075,
                "support": 1114.0
            },
            "weighted avg": {
                "precision": 0.550291078519545,
                "recall": 0.5457809694793537,
                "f1-score": 0.5468494956591125,
                "support": 1114.0
            }
        },
        "confusion_matrix": [
            [
                276,
                227
            ],
            [
                279,
                332
            ]
        ]
    }
}