{
    "timestamp": "2025-04-28 19:32:12",
    "training_history": {
        "accuracy": [
            0.546813428401947,
            0.5946670770645142,
            0.6362790465354919,
            0.6702803373336792,
            0.7022557854652405,
            0.7274967432022095,
            0.7595816850662231,
            0.7767192125320435,
            0.7841655611991882,
            0.7970871925354004,
            0.8068330883979797
        ],
        "loss": [
            0.7382700443267822,
            0.6889463067054749,
            0.6524982452392578,
            0.6223495006561279,
            0.5927597284317017,
            0.56704181432724,
            0.521847665309906,
            0.4963141083717346,
            0.48389413952827454,
            0.46558889746665955,
            0.45295363664627075
        ],
        "val_accuracy": [
            0.4742698073387146,
            0.47148817777633667,
            0.46453407406806946,
            0.4339360296726227,
            0.45340749621391296,
            0.46870654821395874,
            0.4381084740161896,
            0.4367176592350006,
            0.45340749621391296,
            0.4394993185997009,
            0.4450625777244568
        ],
        "val_loss": [
            0.7755059003829956,
            0.8159976601600647,
            0.9996918439865112,
            1.1726055145263672,
            1.2376657724380493,
            1.2122888565063477,
            1.2559354305267334,
            1.4837843179702759,
            1.351670742034912,
            1.3499412536621094,
            1.3867098093032837
        ],
        "learning_rate": [
            0.0010000000474974513,
            0.0010000000474974513,
            0.0010000000474974513,
            0.0010000000474974513,
            0.0010000000474974513,
            0.0010000000474974513,
            0.0005000000237487257,
            0.0005000000237487257,
            0.0005000000237487257,
            0.0005000000237487257,
            0.0005000000237487257
        ]
    },
    "evaluation_metrics": {
        "accuracy": 0.44506258692628653,
        "precision": 0.4735441988095778,
        "recall": 0.44506258692628653,
        "f1": 0.39882091653505647,
        "classification_report": {
            "0": {
                "precision": 0.4275618374558304,
                "recall": 0.7634069400630915,
                "f1-score": 0.5481313703284258,
                "support": 317.0
            },
            "1": {
                "precision": 0.5098039215686274,
                "recall": 0.19402985074626866,
                "f1-score": 0.28108108108108104,
                "support": 402.0
            },
            "accuracy": 0.44506258692628653,
            "macro avg": {
                "precision": 0.46868287951222887,
                "recall": 0.4787183954046801,
                "f1-score": 0.4146062257047535,
                "support": 719.0
            },
            "weighted avg": {
                "precision": 0.4735441988095778,
                "recall": 0.44506258692628653,
                "f1-score": 0.39882091653505647,
                "support": 719.0
            }
        },
        "confusion_matrix": [
            [
                242,
                75
            ],
            [
                324,
                78
            ]
        ]
    }
}