{
    "timestamp": "2025-04-28 19:34:48",
    "training_history": {
        "accuracy": [
            0.5466450452804565,
            0.5953687429428101,
            0.6275879144668579,
            0.6622599363327026,
            0.6932734847068787,
            0.7122724056243896,
            0.743452250957489,
            0.7626590132713318,
            0.7761287093162537,
            0.7829882502555847,
            0.7901804447174072
        ],
        "loss": [
            0.7366652488708496,
            0.6904217004776001,
            0.662692129611969,
            0.6326807141304016,
            0.6047817468643188,
            0.5840883851051331,
            0.5332658290863037,
            0.5114123225212097,
            0.493736207485199,
            0.4837817847728729,
            0.4702439606189728
        ],
        "val_accuracy": [
            0.5071721076965332,
            0.49897539615631104,
            0.5297130942344666,
            0.5,
            0.5143442749977112,
            0.5184426307678223,
            0.5379098653793335,
            0.5163934230804443,
            0.5163934230804443,
            0.5297130942344666,
            0.5297130942344666
        ],
        "val_loss": [
            0.7514905333518982,
            0.833258867263794,
            0.8554788827896118,
            1.043428659439087,
            0.9992166757583618,
            1.055692434310913,
            1.1637063026428223,
            1.1690555810928345,
            1.1027885675430298,
            1.323076844215393,
            1.1973780393600464
        ],
        "learning_rate": [
            0.0010000000474974513,
            0.0010000000474974513,
            0.0010000000474974513,
            0.0010000000474974513,
            0.0010000000474974513,
            0.0010000000474974513,
            0.0005000000237487257,
            0.0005000000237487257,
            0.0005000000237487257,
            0.0005000000237487257,
            0.0005000000237487257
        ]
    },
    "evaluation_metrics": {
        "accuracy": 0.507172131147541,
        "precision": 0.48487759108908357,
        "recall": 0.507172131147541,
        "f1": 0.4439754802525108,
        "classification_report": {
            "0": {
                "precision": 0.4472049689440994,
                "recall": 0.15517241379310345,
                "f1-score": 0.2304,
                "support": 464.0
            },
            "1": {
                "precision": 0.5190184049079755,
                "recall": 0.826171875,
                "f1-score": 0.6375282592313488,
                "support": 512.0
            },
            "accuracy": 0.507172131147541,
            "macro avg": {
                "precision": 0.48311168692603745,
                "recall": 0.4906721443965517,
                "f1-score": 0.43396412961567443,
                "support": 976.0
            },
            "weighted avg": {
                "precision": 0.48487759108908357,
                "recall": 0.507172131147541,
                "f1-score": 0.4439754802525108,
                "support": 976.0
            }
        },
        "confusion_matrix": [
            [
                72,
                392
            ],
            [
                89,
                423
            ]
        ]
    }
}