{
    "timestamp": "2025-04-28 19:35:10",
    "training_history": {
        "accuracy": [
            0.5544514656066895,
            0.6182743310928345,
            0.669575035572052,
            0.707626461982727,
            0.7349329590797424,
            0.7646631002426147,
            0.8020681738853455,
            0.8145903944969177,
            0.8265470862388611,
            0.8346259593963623,
            0.8391501307487488
        ],
        "loss": [
            0.750581681728363,
            0.6903622150421143,
            0.6392945647239685,
            0.5995639562606812,
            0.5594663023948669,
            0.528022050857544,
            0.4687754809856415,
            0.44760534167289734,
            0.4285232126712799,
            0.41147005558013916,
            0.3984494209289551
        ],
        "val_accuracy": [
            0.5738045573234558,
            0.5467775464057922,
            0.5280665159225464,
            0.5280665159225464,
            0.5093554854393005,
            0.5322245359420776,
            0.5384615659713745,
            0.530145525932312,
            0.5093554854393005,
            0.5155925154685974,
            0.5010395050048828
        ],
        "val_loss": [
            0.7565957903862,
            0.7796894311904907,
            0.8894855976104736,
            0.8807724118232727,
            0.9354007840156555,
            1.140236496925354,
            1.1886966228485107,
            1.0787456035614014,
            1.2762404680252075,
            1.173600196838379,
            1.2544502019882202
        ],
        "learning_rate": [
            0.0010000000474974513,
            0.0010000000474974513,
            0.0010000000474974513,
            0.0010000000474974513,
            0.0010000000474974513,
            0.0010000000474974513,
            0.0005000000237487257,
            0.0005000000237487257,
            0.0005000000237487257,
            0.0005000000237487257,
            0.0005000000237487257
        ]
    },
    "evaluation_metrics": {
        "accuracy": 0.5613305613305614,
        "precision": 0.5793155356069263,
        "recall": 0.5613305613305614,
        "f1": 0.5457980501450633,
        "classification_report": {
            "0": {
                "precision": 0.6225165562913907,
                "recall": 0.3790322580645161,
                "f1-score": 0.47117794486215536,
                "support": 248.0
            },
            "1": {
                "precision": 0.5333333333333333,
                "recall": 0.7553648068669528,
                "f1-score": 0.6252220248667851,
                "support": 233.0
            },
            "accuracy": 0.5613305613305614,
            "macro avg": {
                "precision": 0.577924944812362,
                "recall": 0.5671985324657345,
                "f1-score": 0.5481999848644703,
                "support": 481.0
            },
            "weighted avg": {
                "precision": 0.5793155356069263,
                "recall": 0.5613305613305614,
                "f1-score": 0.5457980501450633,
                "support": 481.0
            }
        },
        "confusion_matrix": [
            [
                94,
                154
            ],
            [
                57,
                176
            ]
        ]
    }
}