{
    "timestamp": "2025-04-28 19:47:34",
    "training_history": {
        "accuracy": [
            0.5350711345672607,
            0.5611831545829773,
            0.578876256942749,
            0.6056185960769653,
            0.6257428526878357,
            0.6400594115257263,
            0.6673870086669922,
            0.6793625354766846,
            0.7073653936386108,
            0.7198361158370972,
            0.7272195219993591,
            0.7367188930511475,
            0.7462182641029358
        ],
        "loss": [
            0.7454613447189331,
            0.7023345828056335,
            0.6796634197235107,
            0.6618988513946533,
            0.6395278573036194,
            0.6237509846687317,
            0.6043434143066406,
            0.5900569558143616,
            0.5474826097488403,
            0.5302188992500305,
            0.521301805973053,
            0.5079686045646667,
            0.5000778436660767
        ],
        "val_accuracy": [
            0.4730813205242157,
            0.5360824465751648,
            0.5589919686317444,
            0.5292096138000488,
            0.5395188927650452,
            0.4936998784542084,
            0.45704466104507446,
            0.4810996651649475,
            0.46277204155921936,
            0.44329896569252014,
            0.452462762594223,
            0.4902634620666504,
            0.49713632464408875
        ],
        "val_loss": [
            0.7422680258750916,
            0.73091059923172,
            0.722949743270874,
            0.7745361924171448,
            0.7613143920898438,
            0.7981134057044983,
            0.7943835258483887,
            0.7956671714782715,
            0.8001973032951355,
            0.8064402341842651,
            0.8772598505020142,
            0.8455962538719177,
            0.8606865406036377
        ],
        "learning_rate": [
            0.0010000000474974513,
            0.0010000000474974513,
            0.0010000000474974513,
            0.0010000000474974513,
            0.0010000000474974513,
            0.0010000000474974513,
            0.0010000000474974513,
            0.0010000000474974513,
            0.0005000000237487257,
            0.0005000000237487257,
            0.0005000000237487257,
            0.0005000000237487257,
            0.0005000000237487257
        ]
    },
    "evaluation_metrics": {
        "accuracy": 0.5160183066361556,
        "precision": 0.5030711909819804,
        "recall": 0.5160183066361556,
        "f1": 0.49753841614661787,
        "classification_report": {
            "0": {
                "precision": 0.45692883895131087,
                "recall": 0.305,
                "f1-score": 0.3658170914542729,
                "support": 400.0
            },
            "1": {
                "precision": 0.5420098846787479,
                "recall": 0.6940928270042194,
                "f1-score": 0.6086956521739131,
                "support": 474.0
            },
            "accuracy": 0.5160183066361556,
            "macro avg": {
                "precision": 0.4994693618150294,
                "recall": 0.4995464135021097,
                "f1-score": 0.487256371814093,
                "support": 874.0
            },
            "weighted avg": {
                "precision": 0.5030711909819804,
                "recall": 0.5160183066361556,
                "f1-score": 0.49753841614661787,
                "support": 874.0
            }
        },
        "confusion_matrix": [
            [
                122,
                278
            ],
            [
                145,
                329
            ]
        ]
    }
}