{
    "timestamp": "2025-04-28 19:44:42",
    "training_history": {
        "accuracy": [
            0.5424873232841492,
            0.576799213886261,
            0.6158800721168518,
            0.6525455117225647,
            0.6800445914268494,
            0.7094636559486389,
            0.7264957427978516,
            0.762603759765625,
            0.7788306474685669,
            0.786882221698761,
            0.797225296497345,
            0.8058962225914001
        ],
        "loss": [
            0.7387699484825134,
            0.6979387998580933,
            0.6677334308624268,
            0.635118305683136,
            0.6069272756576538,
            0.5822856426239014,
            0.5578398108482361,
            0.5129186511039734,
            0.48976293206214905,
            0.47367602586746216,
            0.45874857902526855,
            0.4480536878108978
        ],
        "val_accuracy": [
            0.525581419467926,
            0.5643410682678223,
            0.5147286653518677,
            0.5317829251289368,
            0.5705426335334778,
            0.5379844903945923,
            0.5426356792449951,
            0.525581419467926,
            0.5472868084907532,
            0.5193798542022705,
            0.5333333611488342,
            0.5100775361061096
        ],
        "val_loss": [
            0.8163737058639526,
            0.7308810353279114,
            0.7901915907859802,
            0.8065642714500427,
            0.8470418453216553,
            0.797252357006073,
            0.9040452837944031,
            0.8877350687980652,
            0.877591609954834,
            0.9097828269004822,
            1.0422531366348267,
            1.004372000694275
        ],
        "learning_rate": [
            0.0010000000474974513,
            0.0010000000474974513,
            0.0010000000474974513,
            0.0010000000474974513,
            0.0010000000474974513,
            0.0010000000474974513,
            0.0010000000474974513,
            0.0005000000237487257,
            0.0005000000237487257,
            0.0005000000237487257,
            0.0005000000237487257,
            0.0005000000237487257
        ]
    },
    "evaluation_metrics": {
        "accuracy": 0.4938080495356037,
        "precision": 0.5046523303489249,
        "recall": 0.4938080495356037,
        "f1": 0.4944959372629355,
        "classification_report": {
            "0": {
                "precision": 0.44285714285714284,
                "recall": 0.5400696864111498,
                "f1-score": 0.4866562009419152,
                "support": 287.0
            },
            "1": {
                "precision": 0.5540540540540541,
                "recall": 0.4568245125348189,
                "f1-score": 0.5007633587786259,
                "support": 359.0
            },
            "accuracy": 0.4938080495356037,
            "macro avg": {
                "precision": 0.49845559845559845,
                "recall": 0.4984470994729844,
                "f1-score": 0.49370977986027054,
                "support": 646.0
            },
            "weighted avg": {
                "precision": 0.5046523303489249,
                "recall": 0.4938080495356037,
                "f1-score": 0.4944959372629355,
                "support": 646.0
            }
        },
        "confusion_matrix": [
            [
                155,
                132
            ],
            [
                195,
                164
            ]
        ]
    }
}