{
    "timestamp": "2025-04-28 19:45:38",
    "training_history": {
        "accuracy": [
            0.5250579714775085,
            0.5548769235610962,
            0.5830357670783997,
            0.6182422041893005,
            0.6487815380096436,
            0.6825471520423889,
            0.7050366401672363,
            0.7474159002304077,
            0.7656768560409546,
            0.7740399837493896,
            0.7863183617591858,
            0.7956210970878601
        ],
        "loss": [
            0.7334175109863281,
            0.6985594034194946,
            0.6816564798355103,
            0.6620360612869263,
            0.6425967812538147,
            0.6147392988204956,
            0.5899032354354858,
            0.5399940013885498,
            0.5161517858505249,
            0.4993980824947357,
            0.48473793268203735,
            0.4719664752483368
        ],
        "val_accuracy": [
            0.45588234066963196,
            0.5069659352302551,
            0.45123839378356934,
            0.4930340647697449,
            0.42569658160209656,
            0.5804953575134277,
            0.5503095984458923,
            0.5232198238372803,
            0.5054179430007935,
            0.4636223018169403,
            0.5162538886070251,
            0.5100619196891785
        ],
        "val_loss": [
            0.7219208478927612,
            0.7053419947624207,
            0.7892838716506958,
            0.7419512867927551,
            0.8048142194747925,
            0.816950261592865,
            0.7485922574996948,
            0.7661443948745728,
            0.7770701050758362,
            0.8362330198287964,
            0.8637735843658447,
            0.8421769738197327
        ],
        "learning_rate": [
            0.0010000000474974513,
            0.0010000000474974513,
            0.0010000000474974513,
            0.0010000000474974513,
            0.0010000000474974513,
            0.0010000000474974513,
            0.0010000000474974513,
            0.0005000000237487257,
            0.0005000000237487257,
            0.0005000000237487257,
            0.0005000000237487257,
            0.0005000000237487257
        ]
    },
    "evaluation_metrics": {
        "accuracy": 0.49767801857585137,
        "precision": 0.5121368822312093,
        "recall": 0.49767801857585137,
        "f1": 0.497048120393231,
        "classification_report": {
            "0": {
                "precision": 0.44747612551159616,
                "recall": 0.5734265734265734,
                "f1-score": 0.5026819923371647,
                "support": 572.0
            },
            "1": {
                "precision": 0.5635062611806798,
                "recall": 0.4375,
                "f1-score": 0.4925723221266614,
                "support": 720.0
            },
            "accuracy": 0.49767801857585137,
            "macro avg": {
                "precision": 0.505491193346138,
                "recall": 0.5054632867132867,
                "f1-score": 0.4976271572319131,
                "support": 1292.0
            },
            "weighted avg": {
                "precision": 0.5121368822312093,
                "recall": 0.49767801857585137,
                "f1-score": 0.497048120393231,
                "support": 1292.0
            }
        },
        "confusion_matrix": [
            [
                328,
                244
            ],
            [
                405,
                315
            ]
        ]
    }
}