{
    "timestamp": "2025-04-28 19:22:32",
    "training_history": {
        "accuracy": [
            0.5301491618156433,
            0.5539246797561646,
            0.5757166743278503,
            0.5925896763801575,
            0.6114460825920105,
            0.6325240731239319,
            0.6545541286468506,
            0.6692055463790894,
            0.685787558555603,
            0.717391312122345,
            0.7317517995834351,
            0.7469586133956909,
            0.7514281272888184,
            0.7586745023727417
        ],
        "loss": [
            0.7307940125465393,
            0.6966431140899658,
            0.6872773170471191,
            0.6748055219650269,
            0.6629515290260315,
            0.6473631858825684,
            0.6328146457672119,
            0.6192440390586853,
            0.6038900017738342,
            0.5662166476249695,
            0.5483062863349915,
            0.5383931398391724,
            0.5238655805587769,
            0.5162936449050903
        ],
        "val_accuracy": [
            0.45923566818237305,
            0.4872611463069916,
            0.48025476932525635,
            0.5280254483222961,
            0.4643312096595764,
            0.4878980815410614,
            0.5044586062431335,
            0.49617835879325867,
            0.5694267749786377,
            0.5108280181884766,
            0.5560509562492371,
            0.5057324767112732,
            0.5108280181884766,
            0.5261146426200867
        ],
        "val_loss": [
            0.743708610534668,
            0.7090064287185669,
            0.7084929943084717,
            0.7077054977416992,
            0.7759698629379272,
            0.7880024313926697,
            0.7295976281166077,
            0.8011519908905029,
            0.7430925965309143,
            0.8238918781280518,
            0.8595830798149109,
            0.8255109190940857,
            0.9591163396835327,
            0.8191147446632385
        ],
        "learning_rate": [
            0.0010000000474974513,
            0.0010000000474974513,
            0.0010000000474974513,
            0.0010000000474974513,
            0.0010000000474974513,
            0.0010000000474974513,
            0.0010000000474974513,
            0.0010000000474974513,
            0.0010000000474974513,
            0.0005000000237487257,
            0.0005000000237487257,
            0.0005000000237487257,
            0.0005000000237487257,
            0.0005000000237487257
        ]
    },
    "evaluation_metrics": {
        "accuracy": 0.4449395289624443,
        "precision": 0.45524420636792057,
        "recall": 0.4449395289624443,
        "f1": 0.429865619019222,
        "classification_report": {
            "0": {
                "precision": 0.42857142857142855,
                "recall": 0.6232686980609419,
                "f1-score": 0.5079006772009028,
                "support": 722.0
            },
            "1": {
                "precision": 0.4779270633397313,
                "recall": 0.29328621908127206,
                "f1-score": 0.36350364963503645,
                "support": 849.0
            },
            "accuracy": 0.4449395289624443,
            "macro avg": {
                "precision": 0.4532492459555799,
                "recall": 0.45827745857110697,
                "f1-score": 0.43570216341796963,
                "support": 1571.0
            },
            "weighted avg": {
                "precision": 0.45524420636792057,
                "recall": 0.4449395289624443,
                "f1-score": 0.429865619019222,
                "support": 1571.0
            }
        },
        "confusion_matrix": [
            [
                450,
                272
            ],
            [
                600,
                249
            ]
        ]
    }
}