{
    "timestamp": "2025-04-28 19:52:24",
    "training_history": {
        "accuracy": [
            0.5252172350883484,
            0.5642438530921936,
            0.6011866927146912,
            0.6419792175292969,
            0.6765910983085632,
            0.7036095261573792,
            0.7378681898117065,
            0.7539026737213135,
            0.7688775658607483,
            0.7844529151916504,
            0.7850180268287659
        ],
        "loss": [
            0.7377786636352539,
            0.6961037516593933,
            0.6737130880355835,
            0.6437332034111023,
            0.6157923340797424,
            0.5875966548919678,
            0.543180525302887,
            0.5217859745025635,
            0.5039311647415161,
            0.48525339365005493,
            0.47769513726234436
        ],
        "val_accuracy": [
            0.5390835404396057,
            0.5579515099525452,
            0.5256064534187317,
            0.5022462010383606,
            0.5058400630950928,
            0.4716981053352356,
            0.48158130049705505,
            0.5013477206230164,
            0.47259658575057983,
            0.4914644956588745,
            0.4609164297580719
        ],
        "val_loss": [
            0.7631862163543701,
            0.7737489342689514,
            0.807525098323822,
            0.8982152938842773,
            0.9029242992401123,
            0.972037672996521,
            1.06382155418396,
            1.2032992839813232,
            1.2528891563415527,
            1.151200771331787,
            1.1701637506484985
        ],
        "learning_rate": [
            0.0010000000474974513,
            0.0010000000474974513,
            0.0010000000474974513,
            0.0010000000474974513,
            0.0010000000474974513,
            0.0010000000474974513,
            0.0005000000237487257,
            0.0005000000237487257,
            0.0005000000237487257,
            0.0005000000237487257,
            0.0005000000237487257
        ]
    },
    "evaluation_metrics": {
        "accuracy": 0.5220125786163522,
        "precision": 0.5157118612644219,
        "recall": 0.5220125786163522,
        "f1": 0.40245668089121883,
        "classification_report": {
            "0": {
                "precision": 0.5079365079365079,
                "recall": 0.0600375234521576,
                "f1-score": 0.10738255033557047,
                "support": 533.0
            },
            "1": {
                "precision": 0.5228571428571429,
                "recall": 0.946551724137931,
                "f1-score": 0.6736196319018405,
                "support": 580.0
            },
            "accuracy": 0.5220125786163522,
            "macro avg": {
                "precision": 0.5153968253968254,
                "recall": 0.5032946237950443,
                "f1-score": 0.39050109111870546,
                "support": 1113.0
            },
            "weighted avg": {
                "precision": 0.5157118612644219,
                "recall": 0.5220125786163522,
                "f1-score": 0.40245668089121883,
                "support": 1113.0
            }
        },
        "confusion_matrix": [
            [
                32,
                501
            ],
            [
                31,
                549
            ]
        ]
    }
}