{
    "timestamp": "2025-04-28 19:55:41",
    "training_history": {
        "accuracy": [
            0.5523731708526611,
            0.590070903301239,
            0.6257501244544983,
            0.6639934778213501,
            0.6948172450065613,
            0.7240589261054993,
            0.7392798662185669,
            0.7588106989860535,
            0.791653037071228,
            0.8009819984436035,
            0.8153300881385803,
            0.8209492564201355,
            0.8315330147743225
        ],
        "loss": [
            0.743923544883728,
            0.6942008137702942,
            0.6604828238487244,
            0.6210868954658508,
            0.5927146673202515,
            0.560257613658905,
            0.5391867160797119,
            0.5150754451751709,
            0.4677254259586334,
            0.4483095407485962,
            0.42966556549072266,
            0.4208777844905853,
            0.40159985423088074
        ],
        "val_accuracy": [
            0.4965325891971588,
            0.5686546564102173,
            0.49791955947875977,
            0.49791955947875977,
            0.5381414890289307,
            0.5117892026901245,
            0.4965325891971588,
            0.507628321647644,
            0.529819667339325,
            0.558945894241333,
            0.5006935000419617,
            0.5201109647750854,
            0.5325936079025269
        ],
        "val_loss": [
            0.7929399013519287,
            0.761467695236206,
            0.7348074316978455,
            0.7753507494926453,
            0.7976178526878357,
            0.793367326259613,
            0.820140540599823,
            0.9156500101089478,
            0.9221495985984802,
            0.8718793392181396,
            0.9994451999664307,
            1.0455161333084106,
            1.053465723991394
        ],
        "learning_rate": [
            0.0010000000474974513,
            0.0010000000474974513,
            0.0010000000474974513,
            0.0010000000474974513,
            0.0010000000474974513,
            0.0010000000474974513,
            0.0010000000474974513,
            0.0010000000474974513,
            0.0005000000237487257,
            0.0005000000237487257,
            0.0005000000237487257,
            0.0005000000237487257,
            0.0005000000237487257
        ]
    },
    "evaluation_metrics": {
        "accuracy": 0.4147018030513176,
        "precision": 0.4181381818189296,
        "recall": 0.4147018030513176,
        "f1": 0.39018474402630776,
        "classification_report": {
            "0": {
                "precision": 0.4106090373280943,
                "recall": 0.6314199395770392,
                "f1-score": 0.4976190476190476,
                "support": 331.0
            },
            "1": {
                "precision": 0.42452830188679247,
                "recall": 0.23076923076923078,
                "f1-score": 0.2990033222591362,
                "support": 390.0
            },
            "accuracy": 0.4147018030513176,
            "macro avg": {
                "precision": 0.4175686696074434,
                "recall": 0.43109458517313504,
                "f1-score": 0.3983111849390919,
                "support": 721.0
            },
            "weighted avg": {
                "precision": 0.4181381818189296,
                "recall": 0.4147018030513176,
                "f1-score": 0.39018474402630776,
                "support": 721.0
            }
        },
        "confusion_matrix": [
            [
                209,
                122
            ],
            [
                300,
                90
            ]
        ]
    }
}