{
    "timestamp": "2025-04-28 19:46:30",
    "training_history": {
        "accuracy": [
            0.5232622027397156,
            0.5565894246101379,
            0.5875752568244934,
            0.6175880432128906,
            0.6503679156303406,
            0.6727178692817688,
            0.71075838804245,
            0.730432391166687,
            0.7455148100852966,
            0.7556102871894836,
            0.7684121131896973
        ],
        "loss": [
            0.7262386679649353,
            0.6937083005905151,
            0.6789724826812744,
            0.6603947281837463,
            0.6383006572723389,
            0.6184709072113037,
            0.5773233771324158,
            0.5535835027694702,
            0.5361035466194153,
            0.521450936794281,
            0.5062458515167236
        ],
        "val_accuracy": [
            0.5384615659713745,
            0.5641025900840759,
            0.5617715716362,
            0.559440553188324,
            0.5641025900840759,
            0.5547785758972168,
            0.560994565486908,
            0.560217559337616,
            0.5540015697479248,
            0.557109534740448,
            0.5524475574493408
        ],
        "val_loss": [
            0.722886860370636,
            0.7491381168365479,
            0.964183509349823,
            1.0767459869384766,
            1.2351975440979004,
            1.1823667287826538,
            1.7908234596252441,
            1.6486921310424805,
            1.6638928651809692,
            1.594791054725647,
            1.8861318826675415
        ],
        "learning_rate": [
            0.0010000000474974513,
            0.0010000000474974513,
            0.0010000000474974513,
            0.0010000000474974513,
            0.0010000000474974513,
            0.0010000000474974513,
            0.0005000000237487257,
            0.0005000000237487257,
            0.0005000000237487257,
            0.0005000000237487257,
            0.0005000000237487257
        ]
    },
    "evaluation_metrics": {
        "accuracy": 0.5357142857142857,
        "precision": 0.5386532242035983,
        "recall": 0.5357142857142857,
        "f1": 0.5364409815016931,
        "classification_report": {
            "0": {
                "precision": 0.4960998439937597,
                "recall": 0.5362563237774031,
                "f1-score": 0.5153970826580226,
                "support": 593.0
            },
            "1": {
                "precision": 0.5749613601236476,
                "recall": 0.5352517985611511,
                "f1-score": 0.5543964232488823,
                "support": 695.0
            },
            "accuracy": 0.5357142857142857,
            "macro avg": {
                "precision": 0.5355306020587036,
                "recall": 0.535754061169277,
                "f1-score": 0.5348967529534525,
                "support": 1288.0
            },
            "weighted avg": {
                "precision": 0.5386532242035983,
                "recall": 0.5357142857142857,
                "f1-score": 0.5364409815016931,
                "support": 1288.0
            }
        },
        "confusion_matrix": [
            [
                318,
                275
            ],
            [
                323,
                372
            ]
        ]
    }
}