{
    "timestamp": "2025-04-28 19:55:07",
    "training_history": {
        "accuracy": [
            0.5565699338912964,
            0.6093359589576721,
            0.6469405293464661,
            0.6862841248512268,
            0.7212802767753601,
            0.7456797957420349,
            0.7869253158569336,
            0.7939897775650024,
            0.8086621165275574,
            0.8183892965316772,
            0.8250190019607544
        ],
        "loss": [
            0.7378888726234436,
            0.6851932406425476,
            0.6493152379989624,
            0.6161537170410156,
            0.5811203122138977,
            0.5506488680839539,
            0.49393323063850403,
            0.47355082631111145,
            0.45287594199180603,
            0.4349406957626343,
            0.4236825108528137
        ],
        "val_accuracy": [
            0.5383542776107788,
            0.5536959767341614,
            0.5481171607971191,
            0.5536959767341614,
            0.5383542776107788,
            0.5564853549003601,
            0.5425383448600769,
            0.5481171607971191,
            0.5481171607971191,
            0.5550906658172607,
            0.5425383448600769
        ],
        "val_loss": [
            0.8039195537567139,
            1.265250325202942,
            1.5886003971099854,
            1.913558006286621,
            1.305083155632019,
            1.6999881267547607,
            1.5912834405899048,
            1.9613964557647705,
            1.8642525672912598,
            1.991820216178894,
            2.40924072265625
        ],
        "learning_rate": [
            0.0010000000474974513,
            0.0010000000474974513,
            0.0010000000474974513,
            0.0010000000474974513,
            0.0010000000474974513,
            0.0010000000474974513,
            0.0005000000237487257,
            0.0005000000237487257,
            0.0005000000237487257,
            0.0005000000237487257,
            0.0005000000237487257
        ]
    },
    "evaluation_metrics": {
        "accuracy": 0.43454038997214484,
        "precision": 0.4799409180700088,
        "recall": 0.43454038997214484,
        "f1": 0.3946183583682608,
        "classification_report": {
            "0": {
                "precision": 0.5337423312883436,
                "recall": 0.20863309352517986,
                "f1-score": 0.3,
                "support": 417.0
            },
            "1": {
                "precision": 0.40540540540540543,
                "recall": 0.7475083056478405,
                "f1-score": 0.5257009345794393,
                "support": 301.0
            },
            "accuracy": 0.43454038997214484,
            "macro avg": {
                "precision": 0.46957386834687453,
                "recall": 0.4780706995865102,
                "f1-score": 0.41285046728971964,
                "support": 718.0
            },
            "weighted avg": {
                "precision": 0.4799409180700088,
                "recall": 0.43454038997214484,
                "f1-score": 0.3946183583682608,
                "support": 718.0
            }
        },
        "confusion_matrix": [
            [
                87,
                330
            ],
            [
                76,
                225
            ]
        ]
    }
}