{
    "timestamp": "2025-04-28 19:47:59",
    "training_history": {
        "accuracy": [
            0.5466455221176147,
            0.5971946716308594,
            0.6446341276168823,
            0.6984914541244507,
            0.7299854159355164,
            0.7572449445724487,
            0.8034272789955139,
            0.8185126185417175,
            0.8335980176925659,
            0.8386264443397522,
            0.8496096134185791
        ],
        "loss": [
            0.7409232258796692,
            0.6918877363204956,
            0.6508687138557434,
            0.6049187779426575,
            0.5695840120315552,
            0.5324097275733948,
            0.47282615303993225,
            0.44574031233787537,
            0.42551159858703613,
            0.4119527339935303,
            0.3945199251174927
        ],
        "val_accuracy": [
            0.4964788854122162,
            0.4665493071079254,
            0.47007042169570923,
            0.48063379526138306,
            0.4242957830429077,
            0.43838027119636536,
            0.4489436745643616,
            0.48239436745643616,
            0.4947183132171631,
            0.44014084339141846,
            0.4647887349128723
        ],
        "val_loss": [
            0.8475890755653381,
            0.8852347135543823,
            1.1378068923950195,
            1.1976882219314575,
            1.3747763633728027,
            1.5062872171401978,
            1.5908641815185547,
            1.3271408081054688,
            1.7034484148025513,
            1.7354414463043213,
            1.7968381643295288
        ],
        "learning_rate": [
            0.0010000000474974513,
            0.0010000000474974513,
            0.0010000000474974513,
            0.0010000000474974513,
            0.0010000000474974513,
            0.0010000000474974513,
            0.0005000000237487257,
            0.0005000000237487257,
            0.0005000000237487257,
            0.0005000000237487257,
            0.0005000000237487257
        ]
    },
    "evaluation_metrics": {
        "accuracy": 0.4894366197183099,
        "precision": 0.4911620326725319,
        "recall": 0.4894366197183099,
        "f1": 0.4873418314464625,
        "classification_report": {
            "0": {
                "precision": 0.4797507788161994,
                "recall": 0.555956678700361,
                "f1-score": 0.5150501672240803,
                "support": 277.0
            },
            "1": {
                "precision": 0.5020242914979757,
                "recall": 0.4261168384879725,
                "f1-score": 0.46096654275092935,
                "support": 291.0
            },
            "accuracy": 0.4894366197183099,
            "macro avg": {
                "precision": 0.4908875351570875,
                "recall": 0.49103675859416673,
                "f1-score": 0.48800835498750483,
                "support": 568.0
            },
            "weighted avg": {
                "precision": 0.4911620326725319,
                "recall": 0.4894366197183099,
                "f1-score": 0.4873418314464625,
                "support": 568.0
            }
        },
        "confusion_matrix": [
            [
                154,
                123
            ],
            [
                167,
                124
            ]
        ]
    }
}