{
    "timestamp": "2025-04-28 19:43:11",
    "training_history": {
        "accuracy": [
            0.5497955083847046,
            0.6061349511146545,
            0.6495910286903381,
            0.6827709674835205,
            0.7162576913833618,
            0.73594069480896,
            0.7713190317153931,
            0.7778629660606384,
            0.7935582995414734,
            0.796881377696991,
            0.801942765712738
        ],
        "loss": [
            0.7346721291542053,
            0.6823384761810303,
            0.6422880291938782,
            0.6084254384040833,
            0.5770606398582458,
            0.550118625164032,
            0.4995746314525604,
            0.4855497181415558,
            0.4694780707359314,
            0.4568980932235718,
            0.4443240165710449
        ],
        "val_accuracy": [
            0.48694518208503723,
            0.5156657695770264,
            0.4725848436355591,
            0.502610981464386,
            0.5248041749000549,
            0.5443864464759827,
            0.5261096358299255,
            0.5430809259414673,
            0.5300261378288269,
            0.5352480411529541,
            0.5248041749000549
        ],
        "val_loss": [
            0.7474584579467773,
            0.7695999145507812,
            0.7947377562522888,
            0.851203441619873,
            0.8211418390274048,
            0.9580305218696594,
            1.0076817274093628,
            0.9154074192047119,
            0.975304365158081,
            1.1401009559631348,
            1.0750339031219482
        ],
        "learning_rate": [
            0.0010000000474974513,
            0.0010000000474974513,
            0.0010000000474974513,
            0.0010000000474974513,
            0.0010000000474974513,
            0.0010000000474974513,
            0.0005000000237487257,
            0.0005000000237487257,
            0.0005000000237487257,
            0.0005000000237487257,
            0.0005000000237487257
        ]
    },
    "evaluation_metrics": {
        "accuracy": 0.49022164276401564,
        "precision": 0.48920382907796695,
        "recall": 0.49022164276401564,
        "f1": 0.443066892138674,
        "classification_report": {
            "0": {
                "precision": 0.4875,
                "recall": 0.20155038759689922,
                "f1-score": 0.28519195612431447,
                "support": 387.0
            },
            "1": {
                "precision": 0.49093904448105435,
                "recall": 0.7842105263157895,
                "f1-score": 0.6038500506585612,
                "support": 380.0
            },
            "accuracy": 0.49022164276401564,
            "macro avg": {
                "precision": 0.48921952224052717,
                "recall": 0.49288045695634436,
                "f1-score": 0.44452100339143785,
                "support": 767.0
            },
            "weighted avg": {
                "precision": 0.48920382907796695,
                "recall": 0.49022164276401564,
                "f1-score": 0.443066892138674,
                "support": 767.0
            }
        },
        "confusion_matrix": [
            [
                78,
                309
            ],
            [
                82,
                298
            ]
        ]
    }
}