{
    "timestamp": "2025-04-28 19:48:53",
    "training_history": {
        "accuracy": [
            0.5413455963134766,
            0.5689719915390015,
            0.598853588104248,
            0.6237236261367798,
            0.6500031352043152,
            0.673996090888977,
            0.6945436596870422,
            0.7260853052139282,
            0.7386769652366638,
            0.7487940788269043,
            0.756718635559082,
            0.7706571221351624
        ],
        "loss": [
            0.7364277243614197,
            0.6968108415603638,
            0.6791373491287231,
            0.6585037708282471,
            0.6376829147338867,
            0.6154798269271851,
            0.5914161205291748,
            0.5517014265060425,
            0.533940315246582,
            0.5190370678901672,
            0.5073429346084595,
            0.4930895268917084
        ],
        "val_accuracy": [
            0.5358778834342957,
            0.5412213802337646,
            0.5351145267486572,
            0.5213740468025208,
            0.5213740468025208,
            0.5213740468025208,
            0.5519083738327026,
            0.5587786436080933,
            0.5274809002876282,
            0.5427480936050415,
            0.5259541869163513,
            0.523664116859436
        ],
        "val_loss": [
            0.717937707901001,
            0.710128664970398,
            0.7119849920272827,
            0.7329224348068237,
            0.730339765548706,
            0.7496405243873596,
            0.7541777491569519,
            0.783808708190918,
            0.8288337588310242,
            0.8340967297554016,
            0.8793940544128418,
            0.8436881303787231
        ],
        "learning_rate": [
            0.0010000000474974513,
            0.0010000000474974513,
            0.0010000000474974513,
            0.0010000000474974513,
            0.0010000000474974513,
            0.0010000000474974513,
            0.0010000000474974513,
            0.0005000000237487257,
            0.0005000000237487257,
            0.0005000000237487257,
            0.0005000000237487257,
            0.0005000000237487257
        ]
    },
    "evaluation_metrics": {
        "accuracy": 0.4927536231884058,
        "precision": 0.5133736505662979,
        "recall": 0.4927536231884058,
        "f1": 0.4779296567813425,
        "classification_report": {
            "0": {
                "precision": 0.46214689265536724,
                "recall": 0.6839464882943144,
                "f1-score": 0.5515846257585973,
                "support": 598.0
            },
            "1": {
                "precision": 0.5563380281690141,
                "recall": 0.332398316970547,
                "f1-score": 0.41615452151009663,
                "support": 713.0
            },
            "accuracy": 0.4927536231884058,
            "macro avg": {
                "precision": 0.5092424604121907,
                "recall": 0.5081724026324307,
                "f1-score": 0.483869573634347,
                "support": 1311.0
            },
            "weighted avg": {
                "precision": 0.5133736505662979,
                "recall": 0.4927536231884058,
                "f1-score": 0.4779296567813425,
                "support": 1311.0
            }
        },
        "confusion_matrix": [
            [
                409,
                189
            ],
            [
                476,
                237
            ]
        ]
    }
}