{
    "timestamp": "2025-04-28 19:49:08",
    "training_history": {
        "accuracy": [
            0.5919230580329895,
            0.6593589782714844,
            0.697948694229126,
            0.7439743876457214,
            0.7614102363586426,
            0.7869230508804321,
            0.824999988079071,
            0.8397436141967773,
            0.8423076868057251,
            0.8508974313735962,
            0.8591025471687317
        ],
        "loss": [
            0.7387945055961609,
            0.6712856292724609,
            0.618159830570221,
            0.5706660151481628,
            0.5327582955360413,
            0.49948200583457947,
            0.4477858245372772,
            0.41360539197921753,
            0.40770983695983887,
            0.3906804919242859,
            0.3724166750907898
        ],
        "val_accuracy": [
            0.5311475396156311,
            0.4852459132671356,
            0.5245901346206665,
            0.5114753842353821,
            0.534426212310791,
            0.5377049446105957,
            0.5278688669204712,
            0.5409836173057556,
            0.5409836173057556,
            0.49836066365242004,
            0.5606557130813599
        ],
        "val_loss": [
            0.819649338722229,
            0.92206871509552,
            0.9677631258964539,
            1.0349284410476685,
            1.1611171960830688,
            1.3956242799758911,
            1.3201035261154175,
            1.5577203035354614,
            1.4056212902069092,
            1.6585098505020142,
            1.6402167081832886
        ],
        "learning_rate": [
            0.0010000000474974513,
            0.0010000000474974513,
            0.0010000000474974513,
            0.0010000000474974513,
            0.0010000000474974513,
            0.0010000000474974513,
            0.0005000000237487257,
            0.0005000000237487257,
            0.0005000000237487257,
            0.0005000000237487257,
            0.0005000000237487257
        ]
    },
    "evaluation_metrics": {
        "accuracy": 0.49019607843137253,
        "precision": 0.49691876750700287,
        "recall": 0.49019607843137253,
        "f1": 0.4866557734204794,
        "classification_report": {
            "0": {
                "precision": 0.5238095238095238,
                "recall": 0.4074074074074074,
                "f1-score": 0.4583333333333333,
                "support": 162.0
            },
            "1": {
                "precision": 0.4666666666666667,
                "recall": 0.5833333333333334,
                "f1-score": 0.5185185185185186,
                "support": 144.0
            },
            "accuracy": 0.49019607843137253,
            "macro avg": {
                "precision": 0.49523809523809526,
                "recall": 0.49537037037037035,
                "f1-score": 0.48842592592592593,
                "support": 306.0
            },
            "weighted avg": {
                "precision": 0.49691876750700287,
                "recall": 0.49019607843137253,
                "f1-score": 0.4866557734204794,
                "support": 306.0
            }
        },
        "confusion_matrix": [
            [
                66,
                96
            ],
            [
                60,
                84
            ]
        ]
    }
}