{
    "timestamp": "2025-04-28 19:50:38",
    "training_history": {
        "accuracy": [
            0.5451169013977051,
            0.5917010307312012,
            0.6275561451911926,
            0.6657955050468445,
            0.6846859455108643,
            0.7101329565048218,
            0.7265474796295166,
            0.7637322545051575,
            0.7742778658866882,
            0.7892709970474243,
            0.7988537549972534,
            0.8040807247161865
        ],
        "loss": [
            0.7422194480895996,
            0.6901559233665466,
            0.6541162729263306,
            0.6203392744064331,
            0.5989198088645935,
            0.5715113878250122,
            0.5479809045791626,
            0.5004594326019287,
            0.4832213819026947,
            0.4651850461959839,
            0.4528663754463196,
            0.44074639678001404
        ],
        "val_accuracy": [
            0.5068807601928711,
            0.5676605701446533,
            0.48967888951301575,
            0.5435779690742493,
            0.5034403800964355,
            0.5206422209739685,
            0.5229358077049255,
            0.5183486342430115,
            0.521789014339447,
            0.5103210806846619,
            0.5183486342430115,
            0.5183486342430115
        ],
        "val_loss": [
            0.7394600510597229,
            0.7299279570579529,
            0.7466700077056885,
            0.7866801619529724,
            0.8072590827941895,
            0.8006018400192261,
            0.8595409393310547,
            0.8652687668800354,
            0.9098498821258545,
            0.920194149017334,
            1.0059388875961304,
            1.0587031841278076
        ],
        "learning_rate": [
            0.0010000000474974513,
            0.0010000000474974513,
            0.0010000000474974513,
            0.0010000000474974513,
            0.0010000000474974513,
            0.0010000000474974513,
            0.0010000000474974513,
            0.0005000000237487257,
            0.0005000000237487257,
            0.0005000000237487257,
            0.0005000000237487257,
            0.0005000000237487257
        ]
    },
    "evaluation_metrics": {
        "accuracy": 0.5292096219931272,
        "precision": 0.5097582028492411,
        "recall": 0.5292096219931272,
        "f1": 0.4343570559971464,
        "classification_report": {
            "0": {
                "precision": 0.4819277108433735,
                "recall": 0.09803921568627451,
                "f1-score": 0.1629327902240326,
                "support": 408.0
            },
            "1": {
                "precision": 0.5341772151898734,
                "recall": 0.9075268817204301,
                "f1-score": 0.6725099601593625,
                "support": 465.0
            },
            "accuracy": 0.5292096219931272,
            "macro avg": {
                "precision": 0.5080524630166234,
                "recall": 0.5027830487033523,
                "f1-score": 0.41772137519169755,
                "support": 873.0
            },
            "weighted avg": {
                "precision": 0.5097582028492411,
                "recall": 0.5292096219931272,
                "f1-score": 0.4343570559971464,
                "support": 873.0
            }
        },
        "confusion_matrix": [
            [
                40,
                368
            ],
            [
                43,
                422
            ]
        ]
    }
}