{
    "timestamp": "2025-04-28 19:50:56",
    "training_history": {
        "accuracy": [
            0.5430583953857422,
            0.5886162519454956,
            0.6330379247665405,
            0.6637127995491028,
            0.6924562454223633,
            0.7147239446640015,
            0.7263122200965881,
            0.7489206790924072,
            0.7778913974761963,
            0.7908430099487305,
            0.7987957000732422,
            0.8018631935119629,
            0.8079981803894043
        ],
        "loss": [
            0.754306435585022,
            0.7008126974105835,
            0.6618282198905945,
            0.6332535743713379,
            0.5966469645500183,
            0.5774549245834351,
            0.5596992373466492,
            0.5416142344474792,
            0.4969710111618042,
            0.4683482050895691,
            0.4585172235965729,
            0.44567033648490906,
            0.43328049778938293
        ],
        "val_accuracy": [
            0.5404530763626099,
            0.4983818829059601,
            0.5889967679977417,
            0.5177993774414062,
            0.5275080800056458,
            0.5339806079864502,
            0.49514561891555786,
            0.491909384727478,
            0.47249191999435425,
            0.47249191999435425,
            0.47249191999435425,
            0.48220065236091614,
            0.469255656003952
        ],
        "val_loss": [
            0.7452458739280701,
            0.7317611575126648,
            0.7277652025222778,
            0.7477617263793945,
            0.7537479996681213,
            0.7887744903564453,
            0.8473212718963623,
            0.8560680150985718,
            0.9191696047782898,
            0.9470798373222351,
            1.047794222831726,
            1.0128023624420166,
            1.0630478858947754
        ],
        "learning_rate": [
            0.0010000000474974513,
            0.0010000000474974513,
            0.0010000000474974513,
            0.0010000000474974513,
            0.0010000000474974513,
            0.0010000000474974513,
            0.0010000000474974513,
            0.0010000000474974513,
            0.0005000000237487257,
            0.0005000000237487257,
            0.0005000000237487257,
            0.0005000000237487257,
            0.0005000000237487257
        ]
    },
    "evaluation_metrics": {
        "accuracy": 0.5372168284789643,
        "precision": 0.5321407167685485,
        "recall": 0.5372168284789643,
        "f1": 0.5340116039988965,
        "classification_report": {
            "0": {
                "precision": 0.5925925925925926,
                "recall": 0.6292134831460674,
                "f1-score": 0.6103542234332425,
                "support": 178.0
            },
            "1": {
                "precision": 0.45,
                "recall": 0.4122137404580153,
                "f1-score": 0.43027888446215146,
                "support": 131.0
            },
            "accuracy": 0.5372168284789643,
            "macro avg": {
                "precision": 0.5212962962962963,
                "recall": 0.5207136118020413,
                "f1-score": 0.520316553947697,
                "support": 309.0
            },
            "weighted avg": {
                "precision": 0.5321407167685485,
                "recall": 0.5372168284789643,
                "f1-score": 0.5340116039988965,
                "support": 309.0
            }
        },
        "confusion_matrix": [
            [
                112,
                66
            ],
            [
                77,
                54
            ]
        ]
    }
}