{
    "timestamp": "2025-04-28 19:52:58",
    "training_history": {
        "accuracy": [
            0.5658826231956482,
            0.6119751930236816,
            0.649595320224762,
            0.6836115121841431,
            0.70257967710495,
            0.7234446406364441,
            0.7453843951225281,
            0.7635306119918823,
            0.7730779051780701,
            0.7839529514312744,
            0.7994436025619507,
            0.8199924230575562,
            0.8335230350494385,
            0.8402883410453796,
            0.8400986194610596,
            0.8493930101394653
        ],
        "loss": [
            0.7387703061103821,
            0.686889111995697,
            0.651954710483551,
            0.6194722652435303,
            0.5924612879753113,
            0.5678781270980835,
            0.5447763204574585,
            0.5180412530899048,
            0.5023184418678284,
            0.4870840311050415,
            0.46454736590385437,
            0.4266233444213867,
            0.4067009389400482,
            0.39458614587783813,
            0.38979440927505493,
            0.3772711753845215
        ],
        "val_accuracy": [
            0.47826087474823,
            0.47993311285972595,
            0.4665551781654358,
            0.46989965438842773,
            0.47826087474823,
            0.47324416041374207,
            0.4882943034172058,
            0.4949832856655121,
            0.46989965438842773,
            0.4715718924999237,
            0.48494982719421387,
            0.48662206530570984,
            0.476588636636734,
            0.4933110475540161,
            0.48662206530570984,
            0.4882943034172058
        ],
        "val_loss": [
            0.8782811760902405,
            0.8155253529548645,
            0.8755706548690796,
            0.8634164929389954,
            0.789901852607727,
            0.7475904226303101,
            0.7497215867042542,
            0.7922446727752686,
            0.8274254202842712,
            0.7705892324447632,
            0.8805050253868103,
            0.8521140217781067,
            0.8998441696166992,
            0.8789852261543274,
            0.8239084482192993,
            0.8310688734054565
        ],
        "learning_rate": [
            0.0010000000474974513,
            0.0010000000474974513,
            0.0010000000474974513,
            0.0010000000474974513,
            0.0010000000474974513,
            0.0010000000474974513,
            0.0010000000474974513,
            0.0010000000474974513,
            0.0010000000474974513,
            0.0010000000474974513,
            0.0010000000474974513,
            0.0005000000237487257,
            0.0005000000237487257,
            0.0005000000237487257,
            0.0005000000237487257,
            0.0005000000237487257
        ]
    },
    "evaluation_metrics": {
        "accuracy": 0.46153846153846156,
        "precision": 0.3677571470674919,
        "recall": 0.46153846153846156,
        "f1": 0.3137378574125562,
        "classification_report": {
            "0": {
                "precision": 0.4672413793103448,
                "recall": 0.954225352112676,
                "f1-score": 0.6273148148148148,
                "support": 284.0
            },
            "1": {
                "precision": 0.2777777777777778,
                "recall": 0.01592356687898089,
                "f1-score": 0.030120481927710843,
                "support": 314.0
            },
            "accuracy": 0.46153846153846156,
            "macro avg": {
                "precision": 0.3725095785440613,
                "recall": 0.48507445949582845,
                "f1-score": 0.3287176483712628,
                "support": 598.0
            },
            "weighted avg": {
                "precision": 0.3677571470674919,
                "recall": 0.46153846153846156,
                "f1-score": 0.3137378574125562,
                "support": 598.0
            }
        },
        "confusion_matrix": [
            [
                271,
                13
            ],
            [
                309,
                5
            ]
        ]
    }
}