{
    "timestamp": "2025-04-28 19:53:29",
    "training_history": {
        "accuracy": [
            0.5540499687194824,
            0.5942487120628357,
            0.6242597699165344,
            0.6520124673843384,
            0.675148069858551,
            0.6999899744987488,
            0.7304024696350098,
            0.7503764033317566,
            0.7622703909873962,
            0.7694971561431885,
            0.7814915180206299
        ],
        "loss": [
            0.7378854751586914,
            0.6886459589004517,
            0.6588155627250671,
            0.6294826865196228,
            0.6060018539428711,
            0.5795077085494995,
            0.5320837497711182,
            0.5134831666946411,
            0.4966830313205719,
            0.4845854341983795,
            0.46649983525276184
        ],
        "val_accuracy": [
            0.4348387122154236,
            0.4580645263195038,
            0.4232258200645447,
            0.42967742681503296,
            0.42451614141464233,
            0.42967742681503296,
            0.41548386216163635,
            0.41806450486183167,
            0.420645147562027,
            0.421935498714447,
            0.416774183511734
        ],
        "val_loss": [
            0.7773820757865906,
            0.9154128432273865,
            1.006307601928711,
            1.248378872871399,
            1.2770808935165405,
            1.2709470987319946,
            1.8124979734420776,
            1.7894572019577026,
            1.545324444770813,
            1.6865423917770386,
            1.744809865951538
        ],
        "learning_rate": [
            0.0010000000474974513,
            0.0010000000474974513,
            0.0010000000474974513,
            0.0010000000474974513,
            0.0010000000474974513,
            0.0010000000474974513,
            0.0005000000237487257,
            0.0005000000237487257,
            0.0005000000237487257,
            0.0005000000237487257,
            0.0005000000237487257
        ]
    },
    "evaluation_metrics": {
        "accuracy": 0.5161290322580645,
        "precision": 0.5947594307657557,
        "recall": 0.5161290322580645,
        "f1": 0.4248346520236488,
        "classification_report": {
            "0": {
                "precision": 0.4978540772532189,
                "recall": 0.9354838709677419,
                "f1-score": 0.6498599439775911,
                "support": 372.0
            },
            "1": {
                "precision": 0.6842105263157895,
                "recall": 0.12903225806451613,
                "f1-score": 0.2171189979123173,
                "support": 403.0
            },
            "accuracy": 0.5161290322580645,
            "macro avg": {
                "precision": 0.5910323017845042,
                "recall": 0.532258064516129,
                "f1-score": 0.43348947094495416,
                "support": 775.0
            },
            "weighted avg": {
                "precision": 0.5947594307657557,
                "recall": 0.5161290322580645,
                "f1-score": 0.4248346520236488,
                "support": 775.0
            }
        },
        "confusion_matrix": [
            [
                348,
                24
            ],
            [
                351,
                52
            ]
        ]
    }
}