{
    "timestamp": "2025-04-28 19:51:39",
    "training_history": {
        "accuracy": [
            0.5378920435905457,
            0.5680890083312988,
            0.5968636274337769,
            0.6097009778022766,
            0.6327497959136963,
            0.6560539603233337,
            0.6951130628585815,
            0.7152078747749329,
            0.7316557168960571,
            0.7419402003288269,
            0.7568928003311157
        ],
        "loss": [
            0.7354191541671753,
            0.6954246163368225,
            0.6772899627685547,
            0.665102481842041,
            0.6469250917434692,
            0.6304583549499512,
            0.5936650037765503,
            0.5694849491119385,
            0.5541989207267761,
            0.5404626131057739,
            0.5240288972854614
        ],
        "val_accuracy": [
            0.47666066884994507,
            0.4892280101776123,
            0.48025134205818176,
            0.47666066884994507,
            0.46499103307724,
            0.4865350127220154,
            0.46947935223579407,
            0.45870736241340637,
            0.48384201526641846,
            0.4712746739387512,
            0.4569120407104492
        ],
        "val_loss": [
            0.7250481843948364,
            0.7863594889640808,
            0.7773178815841675,
            0.7803161144256592,
            0.8510632514953613,
            1.1350234746932983,
            1.1452219486236572,
            1.4130444526672363,
            1.341200351715088,
            1.2799125909805298,
            1.510798454284668
        ],
        "learning_rate": [
            0.0010000000474974513,
            0.0010000000474974513,
            0.0010000000474974513,
            0.0010000000474974513,
            0.0010000000474974513,
            0.0010000000474974513,
            0.0005000000237487257,
            0.0005000000237487257,
            0.0005000000237487257,
            0.0005000000237487257,
            0.0005000000237487257
        ]
    },
    "evaluation_metrics": {
        "accuracy": 0.5350089766606823,
        "precision": 0.2862346051075105,
        "recall": 0.5350089766606823,
        "f1": 0.3729419299295516,
        "classification_report": {
            "0": {
                "precision": 0.0,
                "recall": 0.0,
                "f1-score": 0.0,
                "support": 518.0
            },
            "1": {
                "precision": 0.5350089766606823,
                "recall": 1.0,
                "f1-score": 0.6970760233918128,
                "support": 596.0
            },
            "accuracy": 0.5350089766606823,
            "macro avg": {
                "precision": 0.26750448833034113,
                "recall": 0.5,
                "f1-score": 0.3485380116959064,
                "support": 1114.0
            },
            "weighted avg": {
                "precision": 0.2862346051075105,
                "recall": 0.5350089766606823,
                "f1-score": 0.3729419299295516,
                "support": 1114.0
            }
        },
        "confusion_matrix": [
            [
                0,
                518
            ],
            [
                0,
                596
            ]
        ]
    }
}