{
    "timestamp": "2025-04-28 19:54:01",
    "training_history": {
        "accuracy": [
            0.5507036447525024,
            0.5983994007110596,
            0.6329895853996277,
            0.6592544913291931,
            0.676119863986969,
            0.6993232369422913,
            0.7164034843444824,
            0.7500268816947937,
            0.7572242021560669,
            0.7726393938064575,
            0.7849929928779602,
            0.7945536375045776
        ],
        "loss": [
            0.733048677444458,
            0.6848459243774414,
            0.6573837995529175,
            0.6333966851234436,
            0.6133317947387695,
            0.5946543216705322,
            0.575701892375946,
            0.5336660146713257,
            0.5182053446769714,
            0.5015270113945007,
            0.4892105460166931,
            0.47905537486076355
        ],
        "val_accuracy": [
            0.46666666865348816,
            0.4680555462837219,
            0.4694444537162781,
            0.4763889014720917,
            0.4819444417953491,
            0.4833333194255829,
            0.4791666567325592,
            0.47777777910232544,
            0.4763889014720917,
            0.4763889014720917,
            0.4763889014720917,
            0.4763889014720917
        ],
        "val_loss": [
            1.0480118989944458,
            0.9958457350730896,
            1.0063575506210327,
            1.1343605518341064,
            1.1899540424346924,
            1.68943190574646,
            2.7305331230163574,
            2.5153744220733643,
            2.5066349506378174,
            2.443544864654541,
            3.021502733230591,
            3.2735934257507324
        ],
        "learning_rate": [
            0.0010000000474974513,
            0.0010000000474974513,
            0.0010000000474974513,
            0.0010000000474974513,
            0.0010000000474974513,
            0.0010000000474974513,
            0.0010000000474974513,
            0.0005000000237487257,
            0.0005000000237487257,
            0.0005000000237487257,
            0.0005000000237487257,
            0.0005000000237487257
        ]
    },
    "evaluation_metrics": {
        "accuracy": 0.5672676837725381,
        "precision": 0.4509825462435286,
        "recall": 0.5672676837725381,
        "f1": 0.4261427607230006,
        "classification_report": {
            "0": {
                "precision": 0.2857142857142857,
                "recall": 0.013071895424836602,
                "f1-score": 0.024999999999999998,
                "support": 306.0
            },
            "1": {
                "precision": 0.5728429985855729,
                "recall": 0.9759036144578314,
                "f1-score": 0.7219251336898397,
                "support": 415.0
            },
            "accuracy": 0.5672676837725381,
            "macro avg": {
                "precision": 0.4292786421499293,
                "recall": 0.49448775494133396,
                "f1-score": 0.37346256684491985,
                "support": 721.0
            },
            "weighted avg": {
                "precision": 0.4509825462435286,
                "recall": 0.5672676837725381,
                "f1-score": 0.4261427607230006,
                "support": 721.0
            }
        },
        "confusion_matrix": [
            [
                4,
                302
            ],
            [
                10,
                405
            ]
        ]
    }
}