{
    "timestamp": "2025-04-28 19:57:33",
    "training_history": {
        "accuracy": [
            0.5559449195861816,
            0.5873903036117554,
            0.6192776560783386,
            0.6487339735031128,
            0.6778114438056946,
            0.6994380354881287,
            0.7220748662948608,
            0.7567721009254456,
            0.7701269388198853,
            0.7840815782546997,
            0.7912799119949341,
            0.7983519434928894
        ],
        "loss": [
            0.7334328889846802,
            0.6907374858856201,
            0.6636861562728882,
            0.6419285535812378,
            0.6150518655776978,
            0.5936115384101868,
            0.5712587833404541,
            0.5257759094238281,
            0.5067193508148193,
            0.4880913197994232,
            0.47601601481437683,
            0.46490153670310974
        ],
        "val_accuracy": [
            0.5681114792823792,
            0.5750774145126343,
            0.5154798626899719,
            0.5812693238258362,
            0.5325077176094055,
            0.5131579041481018,
            0.5650154948234558,
            0.5851393342018127,
            0.5835913419723511,
            0.5534055829048157,
            0.5642414689064026,
            0.5619195103645325
        ],
        "val_loss": [
            0.7140052914619446,
            0.7047303318977356,
            0.8481085300445557,
            0.7120501399040222,
            0.733485758304596,
            0.7272658348083496,
            0.8300275802612305,
            0.8333374857902527,
            0.7862846851348877,
            0.8307237029075623,
            0.9098197817802429,
            0.9028247594833374
        ],
        "learning_rate": [
            0.0010000000474974513,
            0.0010000000474974513,
            0.0010000000474974513,
            0.0010000000474974513,
            0.0010000000474974513,
            0.0010000000474974513,
            0.0010000000474974513,
            0.0005000000237487257,
            0.0005000000237487257,
            0.0005000000237487257,
            0.0005000000237487257,
            0.0005000000237487257
        ]
    },
    "evaluation_metrics": {
        "accuracy": 0.5104408352668214,
        "precision": 0.5056902983287384,
        "recall": 0.5104408352668214,
        "f1": 0.39389284390369456,
        "classification_report": {
            "0": {
                "precision": 0.5,
                "recall": 0.06477093206951026,
                "f1-score": 0.11468531468531468,
                "support": 633.0
            },
            "1": {
                "precision": 0.5111478117258464,
                "recall": 0.9378787878787879,
                "f1-score": 0.6616782469267771,
                "support": 660.0
            },
            "accuracy": 0.5104408352668214,
            "macro avg": {
                "precision": 0.5055739058629232,
                "recall": 0.5013248599741491,
                "f1-score": 0.38818178080604593,
                "support": 1293.0
            },
            "weighted avg": {
                "precision": 0.5056902983287384,
                "recall": 0.5104408352668214,
                "f1-score": 0.39389284390369456,
                "support": 1293.0
            }
        },
        "confusion_matrix": [
            [
                41,
                592
            ],
            [
                41,
                619
            ]
        ]
    }
}