{
    "timestamp": "2025-04-28 19:54:38",
    "training_history": {
        "accuracy": [
            0.5422347187995911,
            0.5646611452102661,
            0.5873345136642456,
            0.6189982295036316,
            0.6326318979263306,
            0.6555028557777405,
            0.6679015755653381,
            0.6861292123794556,
            0.7192748188972473,
            0.7342916131019592,
            0.7454060316085815,
            0.7554337382316589,
            0.7617071866989136
        ],
        "loss": [
            0.7441796064376831,
            0.7031688690185547,
            0.681784451007843,
            0.6616088151931763,
            0.6433746218681335,
            0.6261659860610962,
            0.605769693851471,
            0.5920565128326416,
            0.5518454909324646,
            0.5315111875534058,
            0.5184390544891357,
            0.5071194171905518,
            0.49755915999412537
        ],
        "val_accuracy": [
            0.441644549369812,
            0.5649867653846741,
            0.5066313147544861,
            0.4920424520969391,
            0.5318302512168884,
            0.4920424520969391,
            0.5,
            0.4761273264884949,
            0.5092838406562805,
            0.4986737370491028,
            0.5026525259017944,
            0.5079575777053833,
            0.48143234848976135
        ],
        "val_loss": [
            0.7334915399551392,
            0.7176864743232727,
            0.7152827382087708,
            0.7343485355377197,
            0.7479812502861023,
            0.780057966709137,
            0.7592037320137024,
            0.862097442150116,
            0.8546651005744934,
            0.8954206109046936,
            0.9231950044631958,
            0.9794718623161316,
            1.0988363027572632
        ],
        "learning_rate": [
            0.0010000000474974513,
            0.0010000000474974513,
            0.0010000000474974513,
            0.0010000000474974513,
            0.0010000000474974513,
            0.0010000000474974513,
            0.0010000000474974513,
            0.0010000000474974513,
            0.0005000000237487257,
            0.0005000000237487257,
            0.0005000000237487257,
            0.0005000000237487257,
            0.0005000000237487257
        ]
    },
    "evaluation_metrics": {
        "accuracy": 0.552317880794702,
        "precision": 0.5481336043538129,
        "recall": 0.552317880794702,
        "f1": 0.5394704910603336,
        "classification_report": {
            "0": {
                "precision": 0.532,
                "recall": 0.3757062146892655,
                "f1-score": 0.4403973509933774,
                "support": 354.0
            },
            "1": {
                "precision": 0.5623762376237624,
                "recall": 0.7082294264339152,
                "f1-score": 0.6269315673289184,
                "support": 401.0
            },
            "accuracy": 0.552317880794702,
            "macro avg": {
                "precision": 0.5471881188118812,
                "recall": 0.5419678205615903,
                "f1-score": 0.5336644591611479,
                "support": 755.0
            },
            "weighted avg": {
                "precision": 0.5481336043538129,
                "recall": 0.552317880794702,
                "f1-score": 0.5394704910603336,
                "support": 755.0
            }
        },
        "confusion_matrix": [
            [
                133,
                221
            ],
            [
                117,
                284
            ]
        ]
    }
}