{
    "timestamp": "2025-04-28 19:44:10",
    "training_history": {
        "accuracy": [
            0.5428571701049805,
            0.5770041942596436,
            0.6235081553459167,
            0.6606088280677795,
            0.6916515827178955,
            0.7193791270256042,
            0.740988552570343,
            0.7749849557876587,
            0.7913803458213806,
            0.8013562560081482,
            0.8105485439300537,
            0.8154008388519287
        ],
        "loss": [
            0.7239976525306702,
            0.6918342113494873,
            0.6658574342727661,
            0.6323820948600769,
            0.6017885208129883,
            0.5749167799949646,
            0.549647867679596,
            0.5008732676506042,
            0.4778769016265869,
            0.4603700041770935,
            0.4486255645751953,
            0.4365341365337372
        ],
        "val_accuracy": [
            0.494656503200531,
            0.5015267133712769,
            0.4687022864818573,
            0.49618321657180786,
            0.5022900700569153,
            0.510686993598938,
            0.4938931167125702,
            0.4885496199131012,
            0.48091602325439453,
            0.48396947979927063,
            0.4977099299430847,
            0.505343496799469
        ],
        "val_loss": [
            0.7237634062767029,
            0.7211287617683411,
            0.776919960975647,
            0.8293205499649048,
            0.8116739392280579,
            1.0537517070770264,
            0.9881474375724792,
            1.135794997215271,
            1.0509066581726074,
            1.082979679107666,
            1.0164403915405273,
            1.0691758394241333
        ],
        "learning_rate": [
            0.0010000000474974513,
            0.0010000000474974513,
            0.0010000000474974513,
            0.0010000000474974513,
            0.0010000000474974513,
            0.0010000000474974513,
            0.0010000000474974513,
            0.0005000000237487257,
            0.0005000000237487257,
            0.0005000000237487257,
            0.0005000000237487257,
            0.0005000000237487257
        ]
    },
    "evaluation_metrics": {
        "accuracy": 0.4241037376048818,
        "precision": 0.5059023693416848,
        "recall": 0.4241037376048818,
        "f1": 0.3173852908887627,
        "classification_report": {
            "0": {
                "precision": 0.4104912572855953,
                "recall": 0.912962962962963,
                "f1-score": 0.5663411832280298,
                "support": 540.0
            },
            "1": {
                "precision": 0.5727272727272728,
                "recall": 0.08171206225680934,
                "f1-score": 0.14301929625425652,
                "support": 771.0
            },
            "accuracy": 0.4241037376048818,
            "macro avg": {
                "precision": 0.49160926500643404,
                "recall": 0.4973375126098862,
                "f1-score": 0.35468023974114316,
                "support": 1311.0
            },
            "weighted avg": {
                "precision": 0.5059023693416848,
                "recall": 0.4241037376048818,
                "f1-score": 0.3173852908887627,
                "support": 1311.0
            }
        },
        "confusion_matrix": [
            [
                493,
                47
            ],
            [
                708,
                63
            ]
        ]
    }
}