{
    "timestamp": "2025-04-28 19:50:00",
    "training_history": {
        "accuracy": [
            0.5381286144256592,
            0.5590725541114807,
            0.5850076079368591,
            0.6173869371414185,
            0.6396259665489197,
            0.6629706621170044,
            0.6979087591171265,
            0.7200846672058105,
            0.7265921235084534,
            0.7423553466796875,
            0.7488312125205994
        ],
        "loss": [
            0.7316267490386963,
            0.6955970525741577,
            0.6800103187561035,
            0.6629936099052429,
            0.642992377281189,
            0.625716507434845,
            0.5871573686599731,
            0.5658764243125916,
            0.5532314777374268,
            0.5364607572555542,
            0.5239969491958618
        ],
        "val_accuracy": [
            0.5145038366317749,
            0.5251908302307129,
            0.5519083738327026,
            0.512977123260498,
            0.5587786436080933,
            0.5404580235481262,
            0.5358778834342957,
            0.5389313101768494,
            0.5259541869163513,
            0.5175572633743286,
            0.5435114502906799
        ],
        "val_loss": [
            0.7192903161048889,
            0.7224234938621521,
            0.7724316120147705,
            0.8100594282150269,
            0.8131052255630493,
            0.85595703125,
            0.8914622664451599,
            0.9002994894981384,
            0.9637651443481445,
            0.9862647652626038,
            1.015008568763733
        ],
        "learning_rate": [
            0.0010000000474974513,
            0.0010000000474974513,
            0.0010000000474974513,
            0.0010000000474974513,
            0.0010000000474974513,
            0.0010000000474974513,
            0.0005000000237487257,
            0.0005000000237487257,
            0.0005000000237487257,
            0.0005000000237487257,
            0.0005000000237487257
        ]
    },
    "evaluation_metrics": {
        "accuracy": 0.45080091533180777,
        "precision": 0.47366851319049574,
        "recall": 0.45080091533180777,
        "f1": 0.4086226172081765,
        "classification_report": {
            "0": {
                "precision": 0.43503937007874016,
                "recall": 0.7517006802721088,
                "f1-score": 0.5511221945137157,
                "support": 588.0
            },
            "1": {
                "precision": 0.5050847457627119,
                "recall": 0.20608575380359612,
                "f1-score": 0.2927308447937132,
                "support": 723.0
            },
            "accuracy": 0.45080091533180777,
            "macro avg": {
                "precision": 0.47006205792072603,
                "recall": 0.4788932170378525,
                "f1-score": 0.4219265196537144,
                "support": 1311.0
            },
            "weighted avg": {
                "precision": 0.47366851319049574,
                "recall": 0.45080091533180777,
                "f1-score": 0.4086226172081765,
                "support": 1311.0
            }
        },
        "confusion_matrix": [
            [
                442,
                146
            ],
            [
                574,
                149
            ]
        ]
    }
}