{
    "timestamp": "2025-04-28 19:56:33",
    "training_history": {
        "accuracy": [
            0.5257682800292969,
            0.5503913164138794,
            0.5799134969711304,
            0.6135076880455017,
            0.6415982842445374,
            0.6760514378547668,
            0.7128268480300903,
            0.7288922667503357,
            0.7421581745147705,
            0.7525927424430847,
            0.7617548108100891
        ],
        "loss": [
            0.7359839081764221,
            0.6978615522384644,
            0.6794676184654236,
            0.6579738259315491,
            0.6362453103065491,
            0.6120896339416504,
            0.5725358128547668,
            0.5512473583221436,
            0.5368859171867371,
            0.5239539742469788,
            0.5104983448982239
        ],
        "val_accuracy": [
            0.5054179430007935,
            0.5356037020683289,
            0.5232198238372803,
            0.5572755336761475,
            0.5332817435264587,
            0.5495356321334839,
            0.5464396476745605,
            0.5441176295280457,
            0.5216718316078186,
            0.5417956709861755,
            0.5394737124443054
        ],
        "val_loss": [
            0.7320926189422607,
            0.7470247745513916,
            0.7701441049575806,
            0.962040364742279,
            0.8750332593917847,
            1.0272167921066284,
            1.272351861000061,
            1.3213927745819092,
            1.3704625368118286,
            1.229856252670288,
            1.3779481649398804
        ],
        "learning_rate": [
            0.0010000000474974513,
            0.0010000000474974513,
            0.0010000000474974513,
            0.0010000000474974513,
            0.0010000000474974513,
            0.0010000000474974513,
            0.0005000000237487257,
            0.0005000000237487257,
            0.0005000000237487257,
            0.0005000000237487257,
            0.0005000000237487257
        ]
    },
    "evaluation_metrics": {
        "accuracy": 0.4911059551430781,
        "precision": 0.5274341455765003,
        "recall": 0.4911059551430781,
        "f1": 0.46318746240439984,
        "classification_report": {
            "0": {
                "precision": 0.4579831932773109,
                "recall": 0.754325259515571,
                "f1-score": 0.5699346405228759,
                "support": 578.0
            },
            "1": {
                "precision": 0.5835777126099707,
                "recall": 0.2783216783216783,
                "f1-score": 0.3768939393939394,
                "support": 715.0
            },
            "accuracy": 0.4911059551430781,
            "macro avg": {
                "precision": 0.5207804529436408,
                "recall": 0.5163234689186247,
                "f1-score": 0.4734142899584076,
                "support": 1293.0
            },
            "weighted avg": {
                "precision": 0.5274341455765003,
                "recall": 0.4911059551430781,
                "f1-score": 0.46318746240439984,
                "support": 1293.0
            }
        },
        "confusion_matrix": [
            [
                436,
                142
            ],
            [
                516,
                199
            ]
        ]
    }
}