{
    "timestamp": "2025-04-28 19:46:54",
    "training_history": {
        "accuracy": [
            0.5556564927101135,
            0.6104651093482971,
            0.6526162624359131,
            0.685562014579773,
            0.716266930103302,
            0.7444888353347778,
            0.781552791595459,
            0.7994791865348816,
            0.8133478760719299,
            0.8195857405662537,
            0.8279433250427246
        ],
        "loss": [
            0.7449488043785095,
            0.692175030708313,
            0.6529954075813293,
            0.6221722960472107,
            0.5859817862510681,
            0.552173376083374,
            0.5020074248313904,
            0.4720104932785034,
            0.4554537832736969,
            0.4420340061187744,
            0.4244239330291748
        ],
        "val_accuracy": [
            0.4555920958518982,
            0.4490131437778473,
            0.47697368264198303,
            0.4884868562221527,
            0.47039473056793213,
            0.47203946113586426,
            0.4555920958518982,
            0.47697368264198303,
            0.4802631437778473,
            0.4934210479259491,
            0.5016447305679321
        ],
        "val_loss": [
            0.7575884461402893,
            0.8084037899971008,
            0.8371573090553284,
            0.9403387308120728,
            0.7941015958786011,
            0.9132040143013,
            0.9273895621299744,
            0.9202991127967834,
            1.0466235876083374,
            0.8808565735816956,
            0.8817568421363831
        ],
        "learning_rate": [
            0.0010000000474974513,
            0.0010000000474974513,
            0.0010000000474974513,
            0.0010000000474974513,
            0.0010000000474974513,
            0.0010000000474974513,
            0.0005000000237487257,
            0.0005000000237487257,
            0.0005000000237487257,
            0.0005000000237487257,
            0.0005000000237487257
        ]
    },
    "evaluation_metrics": {
        "accuracy": 0.4407894736842105,
        "precision": 0.44313441400214487,
        "recall": 0.4407894736842105,
        "f1": 0.4346085332690785,
        "classification_report": {
            "0": {
                "precision": 0.43360433604336046,
                "recall": 0.5498281786941581,
                "f1-score": 0.48484848484848486,
                "support": 291.0
            },
            "1": {
                "precision": 0.45188284518828453,
                "recall": 0.34069400630914826,
                "f1-score": 0.38848920863309355,
                "support": 317.0
            },
            "accuracy": 0.4407894736842105,
            "macro avg": {
                "precision": 0.44274359061582247,
                "recall": 0.4452610925016532,
                "f1-score": 0.4366688467407892,
                "support": 608.0
            },
            "weighted avg": {
                "precision": 0.44313441400214487,
                "recall": 0.4407894736842105,
                "f1-score": 0.4346085332690785,
                "support": 608.0
            }
        },
        "confusion_matrix": [
            [
                160,
                131
            ],
            [
                209,
                108
            ]
        ]
    }
}