{
    "timestamp": "2025-04-28 19:58:29",
    "training_history": {
        "accuracy": [
            0.5229266881942749,
            0.5447646379470825,
            0.5664425492286682,
            0.5942363142967224,
            0.6227985620498657,
            0.6438040137290955,
            0.6600704193115234,
            0.6911623477935791,
            0.7048351168632507,
            0.711527407169342,
            0.7233109474182129,
            0.7282100319862366
        ],
        "loss": [
            0.7285693883895874,
            0.6983242034912109,
            0.6838202476501465,
            0.6685726642608643,
            0.648319661617279,
            0.6304760575294495,
            0.6150178909301758,
            0.5827193260192871,
            0.5693053007125854,
            0.5565805435180664,
            0.5456037521362305,
            0.53638756275177
        ],
        "val_accuracy": [
            0.5120435357093811,
            0.5135974884033203,
            0.5135974884033203,
            0.5066044926643372,
            0.5089355111122131,
            0.4871794879436493,
            0.5097125172615051,
            0.4825174808502197,
            0.49106448888778687,
            0.4902874827384949,
            0.48174047470092773,
            0.4763014614582062
        ],
        "val_loss": [
            0.7109308838844299,
            0.7051845192909241,
            0.7344735264778137,
            0.7673697471618652,
            0.8174651265144348,
            0.8323948979377747,
            0.8309464454650879,
            0.9496052861213684,
            0.9644054770469666,
            1.0305635929107666,
            1.0098580121994019,
            1.019006371498108
        ],
        "learning_rate": [
            0.0010000000474974513,
            0.0010000000474974513,
            0.0010000000474974513,
            0.0010000000474974513,
            0.0010000000474974513,
            0.0010000000474974513,
            0.0010000000474974513,
            0.0005000000237487257,
            0.0005000000237487257,
            0.0005000000237487257,
            0.0005000000237487257,
            0.0005000000237487257
        ]
    },
    "evaluation_metrics": {
        "accuracy": 0.5458074534161491,
        "precision": 0.5142711720438482,
        "recall": 0.5458074534161491,
        "f1": 0.4935281923465808,
        "classification_report": {
            "0": {
                "precision": 0.44396551724137934,
                "recall": 0.18425760286225404,
                "f1-score": 0.2604298356510746,
                "support": 559.0
            },
            "1": {
                "precision": 0.5681818181818182,
                "recall": 0.823045267489712,
                "f1-score": 0.6722689075630253,
                "support": 729.0
            },
            "accuracy": 0.5458074534161491,
            "macro avg": {
                "precision": 0.5060736677115988,
                "recall": 0.503651435175983,
                "f1-score": 0.4663493716070499,
                "support": 1288.0
            },
            "weighted avg": {
                "precision": 0.5142711720438482,
                "recall": 0.5458074534161491,
                "f1-score": 0.4935281923465808,
                "support": 1288.0
            }
        },
        "confusion_matrix": [
            [
                103,
                456
            ],
            [
                129,
                600
            ]
        ]
    }
}