{
    "timestamp": "2025-04-28 19:58:35",
    "training_history": {
        "accuracy": [
            0.605042040348053,
            0.7100840210914612,
            0.769374430179596,
            0.7917833924293518,
            0.8281979560852051,
            0.8398692607879639,
            0.8800186514854431,
            0.8902894258499146,
            0.891223132610321,
            0.8935574293136597,
            0.9103641510009766
        ],
        "loss": [
            0.7414492964744568,
            0.6308928728103638,
            0.5571737289428711,
            0.5100329518318176,
            0.4524426758289337,
            0.4284254312515259,
            0.38024723529815674,
            0.3552280366420746,
            0.3407863676548004,
            0.3281730115413666,
            0.30944791436195374
        ],
        "val_accuracy": [
            0.5487805008888245,
            0.5853658318519592,
            0.6097561120986938,
            0.6219512224197388,
            0.6585366129875183,
            0.6585366129875183,
            0.6707317233085632,
            0.6585366129875183,
            0.6463414430618286,
            0.6463414430618286,
            0.6219512224197388
        ],
        "val_loss": [
            0.7843941450119019,
            0.788078784942627,
            0.7937683463096619,
            0.8745108842849731,
            0.8040749430656433,
            0.868846595287323,
            0.9017417430877686,
            0.9671743512153625,
            1.0117430686950684,
            1.041199803352356,
            1.0153608322143555
        ],
        "learning_rate": [
            0.0010000000474974513,
            0.0010000000474974513,
            0.0010000000474974513,
            0.0010000000474974513,
            0.0010000000474974513,
            0.0010000000474974513,
            0.0005000000237487257,
            0.0005000000237487257,
            0.0005000000237487257,
            0.0005000000237487257,
            0.0005000000237487257
        ]
    },
    "evaluation_metrics": {
        "accuracy": 0.3373493975903614,
        "precision": 0.40734148716076424,
        "recall": 0.3373493975903614,
        "f1": 0.2592242542141146,
        "classification_report": {
            "0": {
                "precision": 0.3194444444444444,
                "recall": 0.7931034482758621,
                "f1-score": 0.4554455445544554,
                "support": 29.0
            },
            "1": {
                "precision": 0.45454545454545453,
                "recall": 0.09259259259259259,
                "f1-score": 0.15384615384615383,
                "support": 54.0
            },
            "accuracy": 0.3373493975903614,
            "macro avg": {
                "precision": 0.3869949494949495,
                "recall": 0.44284802043422733,
                "f1-score": 0.30464584920030463,
                "support": 83.0
            },
            "weighted avg": {
                "precision": 0.40734148716076424,
                "recall": 0.3373493975903614,
                "f1-score": 0.2592242542141146,
                "support": 83.0
            }
        },
        "confusion_matrix": [
            [
                23,
                6
            ],
            [
                49,
                5
            ]
        ]
    }
}