{
    "timestamp": "2025-04-28 19:59:40",
    "training_history": {
        "accuracy": [
            0.5293828248977661,
            0.5742152333259583,
            0.6013441681861877,
            0.6326530575752258,
            0.653471052646637,
            0.6766658425331116,
            0.7122367024421692,
            0.7288336753845215,
            0.7399803400039673,
            0.754036545753479,
            0.761904776096344
        ],
        "loss": [
            0.7360521554946899,
            0.6947547197341919,
            0.6712778806686401,
            0.6496633291244507,
            0.6277159452438354,
            0.6061398983001709,
            0.567574679851532,
            0.5477724075317383,
            0.5335759520530701,
            0.5175465941429138,
            0.5076974630355835
        ],
        "val_accuracy": [
            0.5075528621673584,
            0.5246726870536804,
            0.5458207726478577,
            0.5276938676834106,
            0.5458207726478577,
            0.5589123964309692,
            0.5347431898117065,
            0.5528700947761536,
            0.5448136925697327,
            0.556898295879364,
            0.5498489141464233
        ],
        "val_loss": [
            0.7557358145713806,
            0.8229604959487915,
            0.7855625152587891,
            0.9414239525794983,
            0.8128706812858582,
            0.9055920839309692,
            0.9225372076034546,
            0.9371969699859619,
            1.0393425226211548,
            1.0187914371490479,
            1.026795506477356
        ],
        "learning_rate": [
            0.0010000000474974513,
            0.0010000000474974513,
            0.0010000000474974513,
            0.0010000000474974513,
            0.0010000000474974513,
            0.0010000000474974513,
            0.0005000000237487257,
            0.0005000000237487257,
            0.0005000000237487257,
            0.0005000000237487257,
            0.0005000000237487257
        ]
    },
    "evaluation_metrics": {
        "accuracy": 0.47183098591549294,
        "precision": 0.4828994371686538,
        "recall": 0.47183098591549294,
        "f1": 0.3806832474849798,
        "classification_report": {
            "0": {
                "precision": 0.46885617214043035,
                "recall": 0.8808510638297873,
                "f1-score": 0.6119733924611974,
                "support": 470.0
            },
            "1": {
                "precision": 0.4954954954954955,
                "recall": 0.1049618320610687,
                "f1-score": 0.17322834645669288,
                "support": 524.0
            },
            "accuracy": 0.47183098591549294,
            "macro avg": {
                "precision": 0.4821758338179629,
                "recall": 0.492906447945428,
                "f1-score": 0.3926008694589451,
                "support": 994.0
            },
            "weighted avg": {
                "precision": 0.4828994371686538,
                "recall": 0.47183098591549294,
                "f1-score": 0.3806832474849798,
                "support": 994.0
            }
        },
        "confusion_matrix": [
            [
                414,
                56
            ],
            [
                469,
                55
            ]
        ]
    }
}