{
    "timestamp": "2025-04-28 19:58:59",
    "training_history": {
        "accuracy": [
            0.5747154355049133,
            0.6356910467147827,
            0.6685366034507751,
            0.7149593234062195,
            0.7417073249816895,
            0.7656097412109375,
            0.7855284810066223,
            0.8016260266304016,
            0.8313820958137512,
            0.8404877781867981,
            0.8514634370803833,
            0.8573170900344849,
            0.8635772466659546
        ],
        "loss": [
            0.7417166233062744,
            0.6759967803955078,
            0.632129967212677,
            0.5938647389411926,
            0.5569292902946472,
            0.5230118036270142,
            0.5020992755889893,
            0.4706803262233734,
            0.42284095287323,
            0.4068628251552582,
            0.38896051049232483,
            0.3786095380783081,
            0.36517268419265747
        ],
        "val_accuracy": [
            0.5780590772628784,
            0.5485231876373291,
            0.5886076092720032,
            0.5421940684318542,
            0.5569620132446289,
            0.5358649492263794,
            0.5590717196464539,
            0.5274261832237244,
            0.5358649492263794,
            0.554852306842804,
            0.5316455960273743,
            0.5485231876373291,
            0.5189873576164246
        ],
        "val_loss": [
            0.7376139163970947,
            0.739300549030304,
            0.7287060022354126,
            0.7538512945175171,
            0.7876482009887695,
            0.805690586566925,
            0.830905020236969,
            0.8624423742294312,
            0.8928954601287842,
            0.9774082899093628,
            1.0012366771697998,
            1.022162675857544,
            1.034806489944458
        ],
        "learning_rate": [
            0.0010000000474974513,
            0.0010000000474974513,
            0.0010000000474974513,
            0.0010000000474974513,
            0.0010000000474974513,
            0.0010000000474974513,
            0.0010000000474974513,
            0.0010000000474974513,
            0.0005000000237487257,
            0.0005000000237487257,
            0.0005000000237487257,
            0.0005000000237487257,
            0.0005000000237487257
        ]
    },
    "evaluation_metrics": {
        "accuracy": 0.5253164556962026,
        "precision": 0.5432219570691786,
        "recall": 0.5253164556962026,
        "f1": 0.5191030365019991,
        "classification_report": {
            "0": {
                "precision": 0.4847457627118644,
                "recall": 0.6620370370370371,
                "f1-score": 0.5596868884540117,
                "support": 216.0
            },
            "1": {
                "precision": 0.5921787709497207,
                "recall": 0.4108527131782946,
                "f1-score": 0.48512585812356984,
                "support": 258.0
            },
            "accuracy": 0.5253164556962026,
            "macro avg": {
                "precision": 0.5384622668307926,
                "recall": 0.5364448751076658,
                "f1-score": 0.5224063732887908,
                "support": 474.0
            },
            "weighted avg": {
                "precision": 0.5432219570691786,
                "recall": 0.5253164556962026,
                "f1-score": 0.5191030365019991,
                "support": 474.0
            }
        },
        "confusion_matrix": [
            [
                143,
                73
            ],
            [
                152,
                106
            ]
        ]
    }
}