{
    "timestamp": "2025-04-28 20:00:05",
    "training_history": {
        "accuracy": [
            0.5457761883735657,
            0.5958278179168701,
            0.6370337605476379,
            0.6720477938652039,
            0.7125902771949768,
            0.7360312342643738,
            0.7586613297462463,
            0.8000147342681885,
            0.8116614818572998,
            0.8192540407180786,
            0.8300161957740784,
            0.8353973031044006
        ],
        "loss": [
            0.7519119381904602,
            0.7012051343917847,
            0.6641289591789246,
            0.6285973787307739,
            0.5865834355354309,
            0.552824854850769,
            0.5290510654449463,
            0.46801552176475525,
            0.4473363161087036,
            0.43479710817337036,
            0.42101290822029114,
            0.4090496003627777
        ],
        "val_accuracy": [
            0.5674044489860535,
            0.5694165229797363,
            0.5694165229797363,
            0.5130784511566162,
            0.5794768333435059,
            0.5895372033119202,
            0.5814889073371887,
            0.5613682270050049,
            0.5674044489860535,
            0.5513078570365906,
            0.5573440790176392,
            0.5472837090492249
        ],
        "val_loss": [
            0.8103640079498291,
            0.7589433193206787,
            1.156537652015686,
            0.8571984171867371,
            1.0529916286468506,
            1.470749020576477,
            1.1213383674621582,
            1.1604353189468384,
            1.2113494873046875,
            1.1981230974197388,
            1.2426958084106445,
            1.2368950843811035
        ],
        "learning_rate": [
            0.0010000000474974513,
            0.0010000000474974513,
            0.0010000000474974513,
            0.0010000000474974513,
            0.0010000000474974513,
            0.0010000000474974513,
            0.0010000000474974513,
            0.0005000000237487257,
            0.0005000000237487257,
            0.0005000000237487257,
            0.0005000000237487257,
            0.0005000000237487257
        ]
    },
    "evaluation_metrics": {
        "accuracy": 0.4718875502008032,
        "precision": 0.4715215702050569,
        "recall": 0.4718875502008032,
        "f1": 0.4687976956989675,
        "classification_report": {
            "0": {
                "precision": 0.46919431279620855,
                "recall": 0.396,
                "f1-score": 0.4295010845986985,
                "support": 250.0
            },
            "1": {
                "precision": 0.4738675958188153,
                "recall": 0.5483870967741935,
                "f1-score": 0.5084112149532709,
                "support": 248.0
            },
            "accuracy": 0.4718875502008032,
            "macro avg": {
                "precision": 0.4715309543075119,
                "recall": 0.47219354838709676,
                "f1-score": 0.4689561497759847,
                "support": 498.0
            },
            "weighted avg": {
                "precision": 0.4715215702050569,
                "recall": 0.4718875502008032,
                "f1-score": 0.4687976956989675,
                "support": 498.0
            }
        },
        "confusion_matrix": [
            [
                99,
                151
            ],
            [
                112,
                136
            ]
        ]
    }
}