{
    "timestamp": "2025-04-28 20:09:12",
    "training_history": {
        "accuracy": [
            0.5286690592765808,
            0.5614834427833557,
            0.5902791023254395,
            0.6238212585449219,
            0.6473324298858643,
            0.6736915111541748,
            0.7093222141265869,
            0.7257135510444641,
            0.7380545735359192,
            0.7528954148292542,
            0.7603949308395386
        ],
        "loss": [
            0.7291243672370911,
            0.6950331330299377,
            0.676184356212616,
            0.6557036638259888,
            0.6351462006568909,
            0.613124668598175,
            0.5746965408325195,
            0.554340124130249,
            0.5411020517349243,
            0.5241365432739258,
            0.5119597911834717
        ],
        "val_accuracy": [
            0.5160305500030518,
            0.5083969235420227,
            0.4916030466556549,
            0.5190839767456055,
            0.5320610404014587,
            0.5305343270301819,
            0.5297709703445435,
            0.5076335668563843,
            0.5198473334312439,
            0.5259541869163513,
            0.5206106901168823
        ],
        "val_loss": [
            0.7129522562026978,
            0.7243617177009583,
            0.8334264755249023,
            0.8311576843261719,
            0.8831719756126404,
            0.8452917337417603,
            0.9333110451698303,
            0.9692030549049377,
            0.9900122284889221,
            1.0727465152740479,
            1.1181930303573608
        ],
        "learning_rate": [
            0.0010000000474974513,
            0.0010000000474974513,
            0.0010000000474974513,
            0.0010000000474974513,
            0.0010000000474974513,
            0.0010000000474974513,
            0.0005000000237487257,
            0.0005000000237487257,
            0.0005000000237487257,
            0.0005000000237487257,
            0.0005000000237487257
        ]
    },
    "evaluation_metrics": {
        "accuracy": 0.5011441647597255,
        "precision": 0.5210070221371681,
        "recall": 0.5011441647597255,
        "f1": 0.44888278108196256,
        "classification_report": {
            "0": {
                "precision": 0.4896421845574388,
                "recall": 0.8227848101265823,
                "f1-score": 0.6139315230224321,
                "support": 632.0
            },
            "1": {
                "precision": 0.5502008032128514,
                "recall": 0.20176730486008837,
                "f1-score": 0.2952586206896552,
                "support": 679.0
            },
            "accuracy": 0.5011441647597255,
            "macro avg": {
                "precision": 0.5199214938851451,
                "recall": 0.5122760574933354,
                "f1-score": 0.45459507185604364,
                "support": 1311.0
            },
            "weighted avg": {
                "precision": 0.5210070221371681,
                "recall": 0.5011441647597255,
                "f1-score": 0.44888278108196256,
                "support": 1311.0
            }
        },
        "confusion_matrix": [
            [
                520,
                112
            ],
            [
                542,
                137
            ]
        ]
    }
}