{
    "timestamp": "2025-04-28 19:35:24",
    "training_history": {
        "accuracy": [
            0.5894213318824768,
            0.6537051796913147,
            0.7065985798835754,
            0.7409007549285889,
            0.7652527093887329,
            0.7902592420578003,
            0.7978528141975403,
            0.8343807458877563,
            0.8390939831733704,
            0.8520554900169373,
            0.8587326407432556,
            0.8648861050605774
        ],
        "loss": [
            0.7341687083244324,
            0.6555063724517822,
            0.6056647896766663,
            0.5545641779899597,
            0.5256227850914001,
            0.48927557468414307,
            0.47375795245170593,
            0.41925865411758423,
            0.4076091945171356,
            0.38720494508743286,
            0.3766336441040039,
            0.3619358539581299
        ],
        "val_accuracy": [
            0.4280821979045868,
            0.45205479860305786,
            0.43150684237480164,
            0.4178082048892975,
            0.43493151664733887,
            0.4212328791618347,
            0.4109589159488678,
            0.4383561611175537,
            0.44863012433052063,
            0.4623287618160248,
            0.465753436088562,
            0.45890411734580994
        ],
        "val_loss": [
            1.0841220617294312,
            1.0174087285995483,
            1.2313826084136963,
            1.2319066524505615,
            1.1973406076431274,
            1.3906941413879395,
            1.4596314430236816,
            1.5613833665847778,
            1.584165334701538,
            1.6988824605941772,
            1.7526583671569824,
            1.6412440538406372
        ],
        "learning_rate": [
            0.0010000000474974513,
            0.0010000000474974513,
            0.0010000000474974513,
            0.0010000000474974513,
            0.0010000000474974513,
            0.0010000000474974513,
            0.0010000000474974513,
            0.0005000000237487257,
            0.0005000000237487257,
            0.0005000000237487257,
            0.0005000000237487257,
            0.0005000000237487257
        ]
    },
    "evaluation_metrics": {
        "accuracy": 0.5308219178082192,
        "precision": 0.53914551802995,
        "recall": 0.5308219178082192,
        "f1": 0.5242140889022809,
        "classification_report": {
            "0": {
                "precision": 0.5675675675675675,
                "recall": 0.4144736842105263,
                "f1-score": 0.4790874524714829,
                "support": 152.0
            },
            "1": {
                "precision": 0.5082872928176796,
                "recall": 0.6571428571428571,
                "f1-score": 0.5732087227414331,
                "support": 140.0
            },
            "accuracy": 0.5308219178082192,
            "macro avg": {
                "precision": 0.5379274301926236,
                "recall": 0.5358082706766918,
                "f1-score": 0.5261480876064579,
                "support": 292.0
            },
            "weighted avg": {
                "precision": 0.53914551802995,
                "recall": 0.5308219178082192,
                "f1-score": 0.5242140889022809,
                "support": 292.0
            }
        },
        "confusion_matrix": [
            [
                63,
                89
            ],
            [
                48,
                92
            ]
        ]
    }
}