{
    "timestamp": "2025-04-28 20:03:51",
    "training_history": {
        "accuracy": [
            0.5378616452217102,
            0.5774004459381104,
            0.6180293560028076,
            0.6569392085075378,
            0.6892243027687073,
            0.7136687636375427,
            0.7429350018501282,
            0.7579874396324158,
            0.7709434032440186,
            0.8017610311508179,
            0.8133333325386047,
            0.8261635303497314,
            0.8309853076934814,
            0.8402096629142761
        ],
        "loss": [
            0.7403577566146851,
            0.6968797445297241,
            0.6728208661079407,
            0.6411644816398621,
            0.6131889820098877,
            0.591141939163208,
            0.5585991740226746,
            0.538706362247467,
            0.5189826488494873,
            0.4711052179336548,
            0.4498351514339447,
            0.43010595440864563,
            0.4200378358364105,
            0.4082900583744049
        ],
        "val_accuracy": [
            0.5059459209442139,
            0.47999998927116394,
            0.522162139415741,
            0.5664864778518677,
            0.49405404925346375,
            0.47999998927116394,
            0.5383783578872681,
            0.5264865159988403,
            0.5329729914665222,
            0.5762162208557129,
            0.5675675868988037,
            0.5243242979049683,
            0.561081051826477,
            0.568648636341095
        ],
        "val_loss": [
            0.7961719632148743,
            0.8627214431762695,
            0.7793540954589844,
            0.75114506483078,
            0.8878178596496582,
            0.861896812915802,
            0.8195417523384094,
            0.8179969787597656,
            0.8136072754859924,
            0.8183605670928955,
            0.8098785877227783,
            0.9119823575019836,
            0.8992832899093628,
            0.8875138759613037
        ],
        "learning_rate": [
            0.0010000000474974513,
            0.0010000000474974513,
            0.0010000000474974513,
            0.0010000000474974513,
            0.0010000000474974513,
            0.0010000000474974513,
            0.0010000000474974513,
            0.0010000000474974513,
            0.0010000000474974513,
            0.0005000000237487257,
            0.0005000000237487257,
            0.0005000000237487257,
            0.0005000000237487257,
            0.0005000000237487257
        ]
    },
    "evaluation_metrics": {
        "accuracy": 0.5269978401727862,
        "precision": 0.3856832029934279,
        "recall": 0.5269978401727862,
        "f1": 0.38321538672510597,
        "classification_report": {
            "0": {
                "precision": 0.20833333333333334,
                "recall": 0.01179245283018868,
                "f1-score": 0.022321428571428575,
                "support": 424.0
            },
            "1": {
                "precision": 0.5354767184035477,
                "recall": 0.9621513944223108,
                "f1-score": 0.688034188034188,
                "support": 502.0
            },
            "accuracy": 0.5269978401727862,
            "macro avg": {
                "precision": 0.37190502586844054,
                "recall": 0.48697192362624975,
                "f1-score": 0.3551778083028083,
                "support": 926.0
            },
            "weighted avg": {
                "precision": 0.3856832029934279,
                "recall": 0.5269978401727862,
                "f1-score": 0.38321538672510597,
                "support": 926.0
            }
        },
        "confusion_matrix": [
            [
                5,
                419
            ],
            [
                19,
                483
            ]
        ]
    }
}