{
    "timestamp": "2025-04-28 20:11:12",
    "training_history": {
        "accuracy": [
            0.5528851747512817,
            0.593949556350708,
            0.6334453821182251,
            0.6700840592384338,
            0.7001680731773376,
            0.7312604784965515,
            0.7486274242401123,
            0.7653221487998962,
            0.801008403301239,
            0.8102521300315857,
            0.8195518255233765,
            0.8261064291000366,
            0.8328851461410522
        ],
        "loss": [
            0.7351718544960022,
            0.690753161907196,
            0.6578724980354309,
            0.6260824203491211,
            0.5921837687492371,
            0.5630002021789551,
            0.5396910905838013,
            0.5159830451011658,
            0.46729177236557007,
            0.4486686885356903,
            0.43259358406066895,
            0.422955185174942,
            0.4117732346057892
        ],
        "val_accuracy": [
            0.4883081018924713,
            0.4828060567378998,
            0.5557084083557129,
            0.4979367256164551,
            0.5171939730644226,
            0.526822566986084,
            0.526822566986084,
            0.5598349571228027,
            0.5309491157531738,
            0.5529573559761047,
            0.5474553108215332,
            0.5392022132873535,
            0.5502063035964966
        ],
        "val_loss": [
            0.7800235748291016,
            0.7778715491294861,
            0.7610907554626465,
            0.855441153049469,
            0.8537768125534058,
            0.8792666792869568,
            0.9572729468345642,
            1.0427685976028442,
            1.1305419206619263,
            1.1140577793121338,
            1.1849607229232788,
            1.2091102600097656,
            1.1769425868988037
        ],
        "learning_rate": [
            0.0010000000474974513,
            0.0010000000474974513,
            0.0010000000474974513,
            0.0010000000474974513,
            0.0010000000474974513,
            0.0010000000474974513,
            0.0010000000474974513,
            0.0010000000474974513,
            0.0005000000237487257,
            0.0005000000237487257,
            0.0005000000237487257,
            0.0005000000237487257,
            0.0005000000237487257
        ]
    },
    "evaluation_metrics": {
        "accuracy": 0.5295735900962861,
        "precision": 0.5272888871006904,
        "recall": 0.5295735900962861,
        "f1": 0.49740300186694003,
        "classification_report": {
            "0": {
                "precision": 0.5319926873857403,
                "recall": 0.7718832891246684,
                "f1-score": 0.6298701298701299,
                "support": 377.0
            },
            "1": {
                "precision": 0.5222222222222223,
                "recall": 0.26857142857142857,
                "f1-score": 0.3547169811320755,
                "support": 350.0
            },
            "accuracy": 0.5295735900962861,
            "macro avg": {
                "precision": 0.5271074548039814,
                "recall": 0.5202273588480485,
                "f1-score": 0.4922935555011027,
                "support": 727.0
            },
            "weighted avg": {
                "precision": 0.5272888871006904,
                "recall": 0.5295735900962861,
                "f1-score": 0.49740300186694003,
                "support": 727.0
            }
        },
        "confusion_matrix": [
            [
                291,
                86
            ],
            [
                256,
                94
            ]
        ]
    }
}