{
    "timestamp": "2025-04-28 20:02:26",
    "training_history": {
        "accuracy": [
            0.5724943280220032,
            0.6126067638397217,
            0.64471834897995,
            0.6872634887695312,
            0.7172667384147644,
            0.741485595703125,
            0.7624067664146423,
            0.7937614917755127,
            0.809925377368927,
            0.8211698532104492,
            0.8290085196495056,
            0.8350092172622681
        ],
        "loss": [
            0.7381373047828674,
            0.6908605098724365,
            0.6541746258735657,
            0.6169944405555725,
            0.5848090052604675,
            0.5520124435424805,
            0.5244461894035339,
            0.4752222001552582,
            0.4513600170612335,
            0.4337564706802368,
            0.41723090410232544,
            0.41229772567749023
        ],
        "val_accuracy": [
            0.5840455889701843,
            0.5854700803756714,
            0.5854700803756714,
            0.5797720551490784,
            0.6025640964508057,
            0.6054130792617798,
            0.5854700803756714,
            0.5883190631866455,
            0.5997151136398315,
            0.5783475637435913,
            0.5940170884132385,
            0.6125355958938599
        ],
        "val_loss": [
            0.7338230609893799,
            0.71527498960495,
            0.7204731702804565,
            0.9388205409049988,
            0.985505998134613,
            0.959290087223053,
            0.8983787298202515,
            0.9665643572807312,
            1.02528715133667,
            0.9839589595794678,
            0.9742261171340942,
            1.0379396677017212
        ],
        "learning_rate": [
            0.0010000000474974513,
            0.0010000000474974513,
            0.0010000000474974513,
            0.0010000000474974513,
            0.0010000000474974513,
            0.0010000000474974513,
            0.0010000000474974513,
            0.0005000000237487257,
            0.0005000000237487257,
            0.0005000000237487257,
            0.0005000000237487257,
            0.0005000000237487257
        ]
    },
    "evaluation_metrics": {
        "accuracy": 0.5256410256410257,
        "precision": 0.48351657322562497,
        "recall": 0.5256410256410257,
        "f1": 0.4273111428904802,
        "classification_report": {
            "0": {
                "precision": 0.421875,
                "recall": 0.08359133126934984,
                "f1-score": 0.13953488372093023,
                "support": 323.0
            },
            "1": {
                "precision": 0.5360501567398119,
                "recall": 0.9023746701846965,
                "f1-score": 0.672566371681416,
                "support": 379.0
            },
            "accuracy": 0.5256410256410257,
            "macro avg": {
                "precision": 0.47896257836990597,
                "recall": 0.49298300072702317,
                "f1-score": 0.4060506277011731,
                "support": 702.0
            },
            "weighted avg": {
                "precision": 0.48351657322562497,
                "recall": 0.5256410256410257,
                "f1-score": 0.4273111428904802,
                "support": 702.0
            }
        },
        "confusion_matrix": [
            [
                27,
                296
            ],
            [
                37,
                342
            ]
        ]
    }
}