{
    "timestamp": "2025-04-28 20:05:45",
    "training_history": {
        "accuracy": [
            0.5284850001335144,
            0.5546396970748901,
            0.5764120817184448,
            0.6026363372802734,
            0.6263912320137024,
            0.6423553228378296,
            0.669275164604187,
            0.690804123878479,
            0.7071160078048706,
            0.7176892161369324,
            0.7316708564758301,
            0.7617208957672119,
            0.7749722003936768,
            0.7834585309028625,
            0.7918405532836914,
            0.7942056059837341
        ],
        "loss": [
            0.7342581152915955,
            0.6969765424728394,
            0.6803105473518372,
            0.6639305353164673,
            0.6460758447647095,
            0.6328664422035217,
            0.6116431355476379,
            0.5960274934768677,
            0.5791059136390686,
            0.5633018016815186,
            0.5464338064193726,
            0.5074920654296875,
            0.4887996017932892,
            0.4788720905780792,
            0.4673479199409485,
            0.4607541859149933
        ],
        "val_accuracy": [
            0.5064488649368286,
            0.47893378138542175,
            0.490111768245697,
            0.46345657110214233,
            0.5124677419662476,
            0.47979363799095154,
            0.44453999400138855,
            0.4127257168292999,
            0.45485812425613403,
            0.4316422939300537,
            0.44539982080459595,
            0.4643164277076721,
            0.44625967741012573,
            0.4419604539871216,
            0.46259674429893494,
            0.44539982080459595
        ],
        "val_loss": [
            0.7537783980369568,
            0.727039635181427,
            0.7620492577552795,
            0.7960230708122253,
            0.7480660676956177,
            0.7251873016357422,
            0.7949547171592712,
            0.7758422493934631,
            0.799896240234375,
            0.8058465719223022,
            0.8435908555984497,
            0.8821581602096558,
            0.9469733834266663,
            0.9710351228713989,
            0.9176465272903442,
            0.9892861247062683
        ],
        "learning_rate": [
            0.0010000000474974513,
            0.0010000000474974513,
            0.0010000000474974513,
            0.0010000000474974513,
            0.0010000000474974513,
            0.0010000000474974513,
            0.0010000000474974513,
            0.0010000000474974513,
            0.0010000000474974513,
            0.0010000000474974513,
            0.0010000000474974513,
            0.0005000000237487257,
            0.0005000000237487257,
            0.0005000000237487257,
            0.0005000000237487257,
            0.0005000000237487257
        ]
    },
    "evaluation_metrics": {
        "accuracy": 0.47979363714531387,
        "precision": 0.5969432374469787,
        "recall": 0.47979363714531387,
        "f1": 0.3377268431605915,
        "classification_report": {
            "0": {
                "precision": 0.47298494242692646,
                "recall": 0.9816176470588235,
                "f1-score": 0.638374178123132,
                "support": 544.0
            },
            "1": {
                "precision": 0.7058823529411765,
                "recall": 0.03877221324717286,
                "f1-score": 0.07350689127105667,
                "support": 619.0
            },
            "accuracy": 0.47979363714531387,
            "macro avg": {
                "precision": 0.5894336476840515,
                "recall": 0.5101949301529982,
                "f1-score": 0.35594053469709436,
                "support": 1163.0
            },
            "weighted avg": {
                "precision": 0.5969432374469787,
                "recall": 0.47979363714531387,
                "f1-score": 0.3377268431605915,
                "support": 1163.0
            }
        },
        "confusion_matrix": [
            [
                534,
                10
            ],
            [
                595,
                24
            ]
        ]
    }
}