{
    "timestamp": "2025-04-28 20:07:39",
    "training_history": {
        "accuracy": [
            0.5570636987686157,
            0.6071711182594299,
            0.6523017883300781,
            0.6948308944702148,
            0.7203370928764343,
            0.7514421343803406,
            0.7892772555351257,
            0.8023413419723511,
            0.8118425607681274,
            0.8204954266548157,
            0.8300531506538391
        ],
        "loss": [
            0.7438921332359314,
            0.6883844137191772,
            0.6486100554466248,
            0.6083101034164429,
            0.575261116027832,
            0.5370226502418518,
            0.48505863547325134,
            0.4661443829536438,
            0.4489607512950897,
            0.43307265639305115,
            0.4164758622646332
        ],
        "val_accuracy": [
            0.4767616093158722,
            0.5037481188774109,
            0.48425787687301636,
            0.5022488832473755,
            0.5367316603660583,
            0.473763108253479,
            0.49175411462783813,
            0.4722638726234436,
            0.4992503821849823,
            0.48125937581062317,
            0.49175411462783813
        ],
        "val_loss": [
            0.7775490283966064,
            0.8371346592903137,
            0.9403522610664368,
            0.9342776536941528,
            1.0379374027252197,
            1.1459561586380005,
            1.180417776107788,
            1.3058182001113892,
            1.2509726285934448,
            1.3552521467208862,
            1.4406273365020752
        ],
        "learning_rate": [
            0.0010000000474974513,
            0.0010000000474974513,
            0.0010000000474974513,
            0.0010000000474974513,
            0.0010000000474974513,
            0.0010000000474974513,
            0.0005000000237487257,
            0.0005000000237487257,
            0.0005000000237487257,
            0.0005000000237487257,
            0.0005000000237487257
        ]
    },
    "evaluation_metrics": {
        "accuracy": 0.5209580838323353,
        "precision": 0.5086102986620858,
        "recall": 0.5209580838323353,
        "f1": 0.501001615987987,
        "classification_report": {
            "0": {
                "precision": 0.46733668341708545,
                "recall": 0.30293159609120524,
                "f1-score": 0.36758893280632415,
                "support": 307.0
            },
            "1": {
                "precision": 0.5437100213219617,
                "recall": 0.7063711911357341,
                "f1-score": 0.6144578313253013,
                "support": 361.0
            },
            "accuracy": 0.5209580838323353,
            "macro avg": {
                "precision": 0.5055233523695235,
                "recall": 0.5046513936134697,
                "f1-score": 0.49102338206581275,
                "support": 668.0
            },
            "weighted avg": {
                "precision": 0.5086102986620858,
                "recall": 0.5209580838323353,
                "f1-score": 0.501001615987987,
                "support": 668.0
            }
        },
        "confusion_matrix": [
            [
                93,
                214
            ],
            [
                106,
                255
            ]
        ]
    }
}