{
    "timestamp": "2025-04-28 20:01:52",
    "training_history": {
        "accuracy": [
            0.5292102694511414,
            0.5744892954826355,
            0.5957274436950684,
            0.634902834892273,
            0.6693447828292847,
            0.7002989649772644,
            0.7210388779640198,
            0.7465744614601135,
            0.7701793909072876,
            0.7796462178230286,
            0.7924140691757202,
            0.7988290786743164
        ],
        "loss": [
            0.748616635799408,
            0.7021502256393433,
            0.6764046549797058,
            0.6454017162322998,
            0.6175452470779419,
            0.5825855731964111,
            0.5566461086273193,
            0.509261429309845,
            0.4848840534687042,
            0.4678739905357361,
            0.4501844346523285,
            0.43990325927734375
        ],
        "val_accuracy": [
            0.46496814489364624,
            0.47133758664131165,
            0.45063695311546326,
            0.4219745099544525,
            0.4601910710334778,
            0.46178343892097473,
            0.4458598792552948,
            0.493630588054657,
            0.49522292613983154,
            0.5159235596656799,
            0.5398089289665222,
            0.5254777073860168
        ],
        "val_loss": [
            0.7429470419883728,
            0.727893590927124,
            0.7379781603813171,
            0.7536557912826538,
            0.7674494981765747,
            0.7592476606369019,
            0.7836287617683411,
            0.7629365921020508,
            0.7808206081390381,
            0.7727373242378235,
            0.7793790698051453,
            0.8042261004447937
        ],
        "learning_rate": [
            0.0010000000474974513,
            0.0010000000474974513,
            0.0010000000474974513,
            0.0010000000474974513,
            0.0010000000474974513,
            0.0010000000474974513,
            0.0010000000474974513,
            0.0005000000237487257,
            0.0005000000237487257,
            0.0005000000237487257,
            0.0005000000237487257,
            0.0005000000237487257
        ]
    },
    "evaluation_metrics": {
        "accuracy": 0.3799682034976153,
        "precision": 0.26069343316630583,
        "recall": 0.3799682034976153,
        "f1": 0.22074190493868007,
        "classification_report": {
            "0": {
                "precision": 0.38349514563106796,
                "recall": 0.9634146341463414,
                "f1-score": 0.548611111111111,
                "support": 246.0
            },
            "1": {
                "precision": 0.18181818181818182,
                "recall": 0.005221932114882507,
                "f1-score": 0.010152284263959392,
                "support": 383.0
            },
            "accuracy": 0.3799682034976153,
            "macro avg": {
                "precision": 0.2826566637246249,
                "recall": 0.484318283130612,
                "f1-score": 0.27938169768753524,
                "support": 629.0
            },
            "weighted avg": {
                "precision": 0.26069343316630583,
                "recall": 0.3799682034976153,
                "f1-score": 0.22074190493868007,
                "support": 629.0
            }
        },
        "confusion_matrix": [
            [
                237,
                9
            ],
            [
                381,
                2
            ]
        ]
    }
}