{
    "timestamp": "2025-04-28 20:08:21",
    "training_history": {
        "accuracy": [
            0.5277500748634338,
            0.5594050884246826,
            0.5805084705352783,
            0.6000747680664062,
            0.6294034719467163,
            0.6509222388267517,
            0.673064112663269,
            0.7079179286956787,
            0.7273595929145813,
            0.7396144866943359,
            0.753281831741333,
            0.7605932354927063
        ],
        "loss": [
            0.7349230051040649,
            0.6970159411430359,
            0.6826434135437012,
            0.6672789454460144,
            0.6482952833175659,
            0.632165789604187,
            0.6130293011665344,
            0.5713809728622437,
            0.547183632850647,
            0.5340620279312134,
            0.5174944996833801,
            0.5094881653785706
        ],
        "val_accuracy": [
            0.5491024255752563,
            0.4994720220565796,
            0.5501583814620972,
            0.5216473340988159,
            0.5142555236816406,
            0.5058078169822693,
            0.5110876560211182,
            0.5311509966850281,
            0.5300950407981873,
            0.5290390849113464,
            0.5343189239501953,
            0.5248152017593384
        ],
        "val_loss": [
            0.831115186214447,
            0.7828741669654846,
            0.832705020904541,
            0.9134321212768555,
            0.8036869764328003,
            1.0610195398330688,
            1.037152886390686,
            1.3396662473678589,
            1.485230565071106,
            1.5129724740982056,
            1.560333251953125,
            1.8368077278137207
        ],
        "learning_rate": [
            0.0010000000474974513,
            0.0010000000474974513,
            0.0010000000474974513,
            0.0010000000474974513,
            0.0010000000474974513,
            0.0010000000474974513,
            0.0010000000474974513,
            0.0005000000237487257,
            0.0005000000237487257,
            0.0005000000237487257,
            0.0005000000237487257,
            0.0005000000237487257
        ]
    },
    "evaluation_metrics": {
        "accuracy": 0.43143459915611815,
        "precision": 0.5078822881351119,
        "recall": 0.43143459915611815,
        "f1": 0.39068692094457674,
        "classification_report": {
            "0": {
                "precision": 0.38896366083445494,
                "recall": 0.7727272727272727,
                "f1-score": 0.5174574753804835,
                "support": 374.0
            },
            "1": {
                "precision": 0.5853658536585366,
                "recall": 0.20905923344947736,
                "f1-score": 0.3080872913992298,
                "support": 574.0
            },
            "accuracy": 0.43143459915611815,
            "macro avg": {
                "precision": 0.48716475724649577,
                "recall": 0.49089325308837506,
                "f1-score": 0.41277238338985667,
                "support": 948.0
            },
            "weighted avg": {
                "precision": 0.5078822881351119,
                "recall": 0.43143459915611815,
                "f1-score": 0.39068692094457674,
                "support": 948.0
            }
        },
        "confusion_matrix": [
            [
                289,
                85
            ],
            [
                454,
                120
            ]
        ]
    }
}