{
    "timestamp": "2025-04-28 20:03:02",
    "training_history": {
        "accuracy": [
            0.533989667892456,
            0.5745897889137268,
            0.613267719745636,
            0.6463665962219238,
            0.6759024858474731,
            0.7024847865104675,
            0.7296764850616455,
            0.7530707716941833,
            0.7635724544525146,
            0.7779183983802795,
            0.789826512336731
        ],
        "loss": [
            0.7418555617332458,
            0.6973310708999634,
            0.6701796650886536,
            0.6445872187614441,
            0.6168645024299622,
            0.5904893279075623,
            0.5500465631484985,
            0.5198034048080444,
            0.5056648254394531,
            0.48677074909210205,
            0.4741668701171875
        ],
        "val_accuracy": [
            0.5720824003219604,
            0.5594965815544128,
            0.54347825050354,
            0.5389016270637512,
            0.5308924317359924,
            0.5194507837295532,
            0.5583524107933044,
            0.5446224212646484,
            0.527459979057312,
            0.5400457382202148,
            0.5160183310508728
        ],
        "val_loss": [
            0.7479219436645508,
            0.8446781635284424,
            1.0182392597198486,
            1.4053016901016235,
            1.8168001174926758,
            1.882813811302185,
            2.42166805267334,
            2.716907024383545,
            2.181912422180176,
            2.5217838287353516,
            2.2102150917053223
        ],
        "learning_rate": [
            0.0010000000474974513,
            0.0010000000474974513,
            0.0010000000474974513,
            0.0010000000474974513,
            0.0010000000474974513,
            0.0010000000474974513,
            0.0005000000237487257,
            0.0005000000237487257,
            0.0005000000237487257,
            0.0005000000237487257,
            0.0005000000237487257
        ]
    },
    "evaluation_metrics": {
        "accuracy": 0.5549199084668193,
        "precision": 0.7534705456301304,
        "recall": 0.5549199084668193,
        "f1": 0.3985327816315528,
        "classification_report": {
            "0": {
                "precision": 1.0,
                "recall": 0.005115089514066497,
                "f1-score": 0.010178117048346057,
                "support": 391.0
            },
            "1": {
                "precision": 0.5538990825688074,
                "recall": 1.0,
                "f1-score": 0.7129151291512916,
                "support": 483.0
            },
            "accuracy": 0.5549199084668193,
            "macro avg": {
                "precision": 0.7769495412844036,
                "recall": 0.5025575447570333,
                "f1-score": 0.36154662309981883,
                "support": 874.0
            },
            "weighted avg": {
                "precision": 0.7534705456301304,
                "recall": 0.5549199084668193,
                "f1-score": 0.3985327816315528,
                "support": 874.0
            }
        },
        "confusion_matrix": [
            [
                2,
                389
            ],
            [
                0,
                483
            ]
        ]
    }
}