{
    "timestamp": "2025-04-28 20:06:09",
    "training_history": {
        "accuracy": [
            0.5664973258972168,
            0.6092875003814697,
            0.6437410712242126,
            0.6748078465461731,
            0.7034648656845093,
            0.7281489968299866,
            0.7618210315704346,
            0.7815552949905396,
            0.7931483387947083,
            0.8007685542106628,
            0.806825578212738
        ],
        "loss": [
            0.7475861310958862,
            0.6937767267227173,
            0.6601963043212891,
            0.6261573433876038,
            0.5938969254493713,
            0.5644470453262329,
            0.5145049691200256,
            0.49070027470588684,
            0.4722554683685303,
            0.45584478974342346,
            0.44507747888565063
        ],
        "val_accuracy": [
            0.4739583432674408,
            0.4930555522441864,
            0.4826388955116272,
            0.4600694477558136,
            0.4895833432674408,
            0.4826388955116272,
            0.4791666567325592,
            0.4861111044883728,
            0.4809027910232544,
            0.4982638955116272,
            0.4756944477558136
        ],
        "val_loss": [
            0.778084933757782,
            0.8119798302650452,
            0.801562488079071,
            0.8068931102752686,
            0.89708012342453,
            0.9034737348556519,
            0.879493772983551,
            0.8582419157028198,
            0.8995150327682495,
            0.957535445690155,
            1.0201992988586426
        ],
        "learning_rate": [
            0.0010000000474974513,
            0.0010000000474974513,
            0.0010000000474974513,
            0.0010000000474974513,
            0.0010000000474974513,
            0.0010000000474974513,
            0.0005000000237487257,
            0.0005000000237487257,
            0.0005000000237487257,
            0.0005000000237487257,
            0.0005000000237487257
        ]
    },
    "evaluation_metrics": {
        "accuracy": 0.5268630849220104,
        "precision": 0.4940551183863036,
        "recall": 0.5268630849220104,
        "f1": 0.4736161705170825,
        "classification_report": {
            "0": {
                "precision": 0.42452830188679247,
                "recall": 0.17509727626459143,
                "f1-score": 0.24793388429752064,
                "support": 257.0
            },
            "1": {
                "precision": 0.5498938428874734,
                "recall": 0.809375,
                "f1-score": 0.6548672566371682,
                "support": 320.0
            },
            "accuracy": 0.5268630849220104,
            "macro avg": {
                "precision": 0.48721107238713296,
                "recall": 0.4922361381322957,
                "f1-score": 0.4514005704673444,
                "support": 577.0
            },
            "weighted avg": {
                "precision": 0.4940551183863036,
                "recall": 0.5268630849220104,
                "f1-score": 0.4736161705170825,
                "support": 577.0
            }
        },
        "confusion_matrix": [
            [
                45,
                212
            ],
            [
                61,
                259
            ]
        ]
    }
}