{
    "timestamp": "2025-04-28 20:06:52",
    "training_history": {
        "accuracy": [
            0.5267784595489502,
            0.5503935813903809,
            0.5614286661148071,
            0.5755903720855713,
            0.5875450372695923,
            0.5985433459281921,
            0.6139557361602783,
            0.6240712404251099,
            0.6302140951156616,
            0.6369454860687256,
            0.6420952081680298
        ],
        "loss": [
            0.736350953578949,
            0.7004310488700867,
            0.6864538192749023,
            0.6742151975631714,
            0.6628785133361816,
            0.6511362791061401,
            0.629772961139679,
            0.6168444752693176,
            0.6078696846961975,
            0.6009244918823242,
            0.5968743562698364
        ],
        "val_accuracy": [
            0.49225160479545593,
            0.49498632550239563,
            0.48951685428619385,
            0.4731084704399109,
            0.45487692952156067,
            0.45670008659362793,
            0.46581587195396423,
            0.46308112144470215,
            0.48040109872817993,
            0.46855059266090393,
            0.45943483710289
        ],
        "val_loss": [
            0.7330051064491272,
            0.7405394315719604,
            0.7721439599990845,
            0.8457515835762024,
            0.8519122004508972,
            0.8807902336120605,
            0.985930323600769,
            1.0542795658111572,
            1.0469319820404053,
            1.0501800775527954,
            1.1221089363098145
        ],
        "learning_rate": [
            0.0010000000474974513,
            0.0010000000474974513,
            0.0010000000474974513,
            0.0010000000474974513,
            0.0010000000474974513,
            0.0010000000474974513,
            0.0005000000237487257,
            0.0005000000237487257,
            0.0005000000237487257,
            0.0005000000237487257,
            0.0005000000237487257
        ]
    },
    "evaluation_metrics": {
        "accuracy": 0.4676390154968095,
        "precision": 0.4763362878989228,
        "recall": 0.4676390154968095,
        "f1": 0.38992767520477706,
        "classification_report": {
            "0": {
                "precision": 0.46455026455026455,
                "recall": 0.8491295938104448,
                "f1-score": 0.600547195622435,
                "support": 517.0
            },
            "1": {
                "precision": 0.4868421052631579,
                "recall": 0.12758620689655173,
                "f1-score": 0.20218579234972678,
                "support": 580.0
            },
            "accuracy": 0.4676390154968095,
            "macro avg": {
                "precision": 0.47569618490671123,
                "recall": 0.4883579003534983,
                "f1-score": 0.4013664939860809,
                "support": 1097.0
            },
            "weighted avg": {
                "precision": 0.4763362878989228,
                "recall": 0.4676390154968095,
                "f1-score": 0.38992767520477706,
                "support": 1097.0
            }
        },
        "confusion_matrix": [
            [
                439,
                78
            ],
            [
                506,
                74
            ]
        ]
    }
}