{
    "timestamp": "2025-04-28 20:09:58",
    "training_history": {
        "accuracy": [
            0.6204892992973328,
            0.6828746199607849,
            0.7556574940681458,
            0.7932721972465515,
            0.8217125535011292,
            0.8440366983413696,
            0.8617737293243408,
            0.878899097442627,
            0.8840978741645813,
            0.8993883728981018,
            0.9064220190048218
        ],
        "loss": [
            0.7329224944114685,
            0.650891125202179,
            0.5785790085792542,
            0.5290642976760864,
            0.47356176376342773,
            0.4348048269748688,
            0.39698290824890137,
            0.36521223187446594,
            0.3419451117515564,
            0.32858574390411377,
            0.3081251084804535
        ],
        "val_accuracy": [
            0.37404578924179077,
            0.3893129825592041,
            0.38167938590049744,
            0.37404578924179077,
            0.3664122223854065,
            0.5038167834281921,
            0.40458014607429504,
            0.39694657921791077,
            0.442748099565506,
            0.442748099565506,
            0.4198473393917084
        ],
        "val_loss": [
            0.8750486969947815,
            1.012260913848877,
            0.9899938702583313,
            0.9997007846832275,
            1.0435397624969482,
            0.9903964996337891,
            1.1842361688613892,
            1.2284456491470337,
            1.273800253868103,
            1.2231470346450806,
            1.3973897695541382
        ],
        "learning_rate": [
            0.0010000000474974513,
            0.0010000000474974513,
            0.0010000000474974513,
            0.0010000000474974513,
            0.0010000000474974513,
            0.0010000000474974513,
            0.0005000000237487257,
            0.0005000000237487257,
            0.0005000000237487257,
            0.0005000000237487257,
            0.0005000000237487257
        ]
    },
    "evaluation_metrics": {
        "accuracy": 0.40458015267175573,
        "precision": 0.16368509993590116,
        "recall": 0.40458015267175573,
        "f1": 0.23307334882177233,
        "classification_report": {
            "0": {
                "precision": 0.40458015267175573,
                "recall": 1.0,
                "f1-score": 0.5760869565217391,
                "support": 53.0
            },
            "1": {
                "precision": 0.0,
                "recall": 0.0,
                "f1-score": 0.0,
                "support": 78.0
            },
            "accuracy": 0.40458015267175573,
            "macro avg": {
                "precision": 0.20229007633587787,
                "recall": 0.5,
                "f1-score": 0.28804347826086957,
                "support": 131.0
            },
            "weighted avg": {
                "precision": 0.16368509993590116,
                "recall": 0.40458015267175573,
                "f1-score": 0.23307334882177233,
                "support": 131.0
            }
        },
        "confusion_matrix": [
            [
                53,
                0
            ],
            [
                78,
                0
            ]
        ]
    }
}