{
    "timestamp": "2025-04-28 20:09:48",
    "training_history": {
        "accuracy": [
            0.5896969437599182,
            0.6833333373069763,
            0.7327272891998291,
            0.7703030109405518,
            0.7845454812049866,
            0.8175757527351379,
            0.8418181538581848,
            0.8578788042068481,
            0.8651515245437622,
            0.8733333349227905,
            0.8787878751754761
        ],
        "loss": [
            0.7377902269363403,
            0.6522856950759888,
            0.5833922028541565,
            0.5345537662506104,
            0.5035934448242188,
            0.4557632803916931,
            0.41990551352500916,
            0.39069047570228577,
            0.380129873752594,
            0.36262959241867065,
            0.3503255248069763
        ],
        "val_accuracy": [
            0.35877862572669983,
            0.3664122223854065,
            0.32824426889419556,
            0.40458014607429504,
            0.42748090624809265,
            0.3893129825592041,
            0.37404578924179077,
            0.35114502906799316,
            0.37404578924179077,
            0.4122137427330017,
            0.3893129825592041
        ],
        "val_loss": [
            0.9176827669143677,
            0.9950997233390808,
            1.0503594875335693,
            0.9640589356422424,
            0.9577932953834534,
            1.007773756980896,
            1.1501002311706543,
            1.2756437063217163,
            1.228543996810913,
            1.2336578369140625,
            1.2803430557250977
        ],
        "learning_rate": [
            0.0010000000474974513,
            0.0010000000474974513,
            0.0010000000474974513,
            0.0010000000474974513,
            0.0010000000474974513,
            0.0010000000474974513,
            0.0005000000237487257,
            0.0005000000237487257,
            0.0005000000237487257,
            0.0005000000237487257,
            0.0005000000237487257
        ]
    },
    "evaluation_metrics": {
        "accuracy": 0.4198473282442748,
        "precision": 0.17627177903385582,
        "recall": 0.4198473282442748,
        "f1": 0.24829680702618406,
        "classification_report": {
            "0": {
                "precision": 0.4198473282442748,
                "recall": 1.0,
                "f1-score": 0.5913978494623656,
                "support": 55.0
            },
            "1": {
                "precision": 0.0,
                "recall": 0.0,
                "f1-score": 0.0,
                "support": 76.0
            },
            "accuracy": 0.4198473282442748,
            "macro avg": {
                "precision": 0.2099236641221374,
                "recall": 0.5,
                "f1-score": 0.2956989247311828,
                "support": 131.0
            },
            "weighted avg": {
                "precision": 0.17627177903385582,
                "recall": 0.4198473282442748,
                "f1-score": 0.24829680702618406,
                "support": 131.0
            }
        },
        "confusion_matrix": [
            [
                55,
                0
            ],
            [
                76,
                0
            ]
        ]
    }
}