{
    "timestamp": "2025-04-28 20:04:44",
    "training_history": {
        "accuracy": [
            0.5407797694206238,
            0.5677276849746704,
            0.5879385471343994,
            0.6074008941650391,
            0.6285555958747864,
            0.6484085321426392,
            0.6669921278953552,
            0.695209264755249,
            0.7121981382369995,
            0.7241098880767822,
            0.7324090600013733,
            0.7416845560073853
        ],
        "loss": [
            0.7324071526527405,
            0.6977380514144897,
            0.6831767559051514,
            0.6697923541069031,
            0.6561155319213867,
            0.6430583000183105,
            0.627521276473999,
            0.5934157967567444,
            0.5740777850151062,
            0.5605871081352234,
            0.5489217042922974,
            0.536306619644165
        ],
        "val_accuracy": [
            0.5262739062309265,
            0.5199044346809387,
            0.5207006335258484,
            0.5191082954406738,
            0.5191082954406738,
            0.5119426846504211,
            0.506369411945343,
            0.5119426846504211,
            0.5175158977508545,
            0.5,
            0.5039808750152588,
            0.46098726987838745
        ],
        "val_loss": [
            0.7233433723449707,
            0.7193402051925659,
            0.726263165473938,
            0.7564811706542969,
            0.7526799440383911,
            0.8232644200325012,
            0.7821668386459351,
            0.865965723991394,
            0.8750972151756287,
            0.9272682666778564,
            0.9506663084030151,
            0.9783594608306885
        ],
        "learning_rate": [
            0.0010000000474974513,
            0.0010000000474974513,
            0.0010000000474974513,
            0.0010000000474974513,
            0.0010000000474974513,
            0.0010000000474974513,
            0.0010000000474974513,
            0.0005000000237487257,
            0.0005000000237487257,
            0.0005000000237487257,
            0.0005000000237487257,
            0.0005000000237487257
        ]
    },
    "evaluation_metrics": {
        "accuracy": 0.5258552108194113,
        "precision": 0.5146839208034727,
        "recall": 0.5258552108194113,
        "f1": 0.48083230982816966,
        "classification_report": {
            "0": {
                "precision": 0.49230769230769234,
                "recall": 0.21621621621621623,
                "f1-score": 0.3004694835680751,
                "support": 592.0
            },
            "1": {
                "precision": 0.5346038114343029,
                "recall": 0.8015037593984963,
                "f1-score": 0.641395908543923,
                "support": 665.0
            },
            "accuracy": 0.5258552108194113,
            "macro avg": {
                "precision": 0.5134557518709977,
                "recall": 0.5088599878073563,
                "f1-score": 0.4709326960559991,
                "support": 1257.0
            },
            "weighted avg": {
                "precision": 0.5146839208034727,
                "recall": 0.5258552108194113,
                "f1-score": 0.48083230982816966,
                "support": 1257.0
            }
        },
        "confusion_matrix": [
            [
                128,
                464
            ],
            [
                132,
                533
            ]
        ]
    }
}