{
    "timestamp": "2025-04-28 20:07:11",
    "training_history": {
        "accuracy": [
            0.5411023497581482,
            0.6106094717979431,
            0.6437171101570129,
            0.6859480738639832,
            0.7298721075057983,
            0.7501881122589111,
            0.7843303084373474,
            0.8023890256881714,
            0.8130173087120056,
            0.8234574794769287,
            0.8306057453155518
        ],
        "loss": [
            0.7547609210014343,
            0.6979999542236328,
            0.6580647230148315,
            0.6157229542732239,
            0.5741720199584961,
            0.5405281782150269,
            0.4903007447719574,
            0.4590400755405426,
            0.4450603127479553,
            0.4261679947376251,
            0.4154141843318939
        ],
        "val_accuracy": [
            0.5136363506317139,
            0.47727271914482117,
            0.4636363685131073,
            0.41818180680274963,
            0.4431818127632141,
            0.44545453786849976,
            0.4545454680919647,
            0.47045454382896423,
            0.48181816935539246,
            0.49772727489471436,
            0.49318182468414307
        ],
        "val_loss": [
            0.7613649368286133,
            0.8148921728134155,
            0.8265938758850098,
            0.9063737988471985,
            0.9599632024765015,
            0.9551985263824463,
            1.0625323057174683,
            1.1225495338439941,
            1.1248499155044556,
            1.1841580867767334,
            1.2280880212783813
        ],
        "learning_rate": [
            0.0010000000474974513,
            0.0010000000474974513,
            0.0010000000474974513,
            0.0010000000474974513,
            0.0010000000474974513,
            0.0010000000474974513,
            0.0005000000237487257,
            0.0005000000237487257,
            0.0005000000237487257,
            0.0005000000237487257,
            0.0005000000237487257
        ]
    },
    "evaluation_metrics": {
        "accuracy": 0.5759637188208617,
        "precision": 0.5792593313017355,
        "recall": 0.5759637188208617,
        "f1": 0.5020989698657716,
        "classification_report": {
            "0": {
                "precision": 0.5747422680412371,
                "recall": 0.9102040816326531,
                "f1-score": 0.7045813586097947,
                "support": 245.0
            },
            "1": {
                "precision": 0.5849056603773585,
                "recall": 0.15816326530612246,
                "f1-score": 0.248995983935743,
                "support": 196.0
            },
            "accuracy": 0.5759637188208617,
            "macro avg": {
                "precision": 0.5798239642092977,
                "recall": 0.5341836734693878,
                "f1-score": 0.4767886712727688,
                "support": 441.0
            },
            "weighted avg": {
                "precision": 0.5792593313017355,
                "recall": 0.5759637188208617,
                "f1-score": 0.5020989698657716,
                "support": 441.0
            }
        },
        "confusion_matrix": [
            [
                223,
                22
            ],
            [
                165,
                31
            ]
        ]
    }
}