{
    "timestamp": "2025-04-28 20:09:30",
    "training_history": {
        "accuracy": [
            0.5883707404136658,
            0.6652274131774902,
            0.7168489694595337,
            0.7611782550811768,
            0.7836307883262634,
            0.8080982565879822,
            0.8421608209609985,
            0.8554979562759399,
            0.8624064326286316,
            0.8682594299316406,
            0.8771829009056091
        ],
        "loss": [
            0.7311559319496155,
            0.6562462449073792,
            0.5953369140625,
            0.5401753783226013,
            0.4989240765571594,
            0.461728572845459,
            0.4013960361480713,
            0.38007739186286926,
            0.3629436790943146,
            0.3514960706233978,
            0.3386467397212982
        ],
        "val_accuracy": [
            0.5561643838882446,
            0.5397260189056396,
            0.5534246563911438,
            0.5287671089172363,
            0.4794520437717438,
            0.5095890164375305,
            0.5150684714317322,
            0.47671231627464294,
            0.4794520437717438,
            0.5150684714317322,
            0.5095890164375305
        ],
        "val_loss": [
            0.7444906234741211,
            0.7540287375450134,
            0.8446570038795471,
            0.9127461314201355,
            1.0848199129104614,
            1.0247344970703125,
            1.1582283973693848,
            1.1858482360839844,
            1.38840913772583,
            1.314334511756897,
            1.3185049295425415
        ],
        "learning_rate": [
            0.0010000000474974513,
            0.0010000000474974513,
            0.0010000000474974513,
            0.0010000000474974513,
            0.0010000000474974513,
            0.0010000000474974513,
            0.0005000000237487257,
            0.0005000000237487257,
            0.0005000000237487257,
            0.0005000000237487257,
            0.0005000000237487257
        ]
    },
    "evaluation_metrics": {
        "accuracy": 0.5260273972602739,
        "precision": 0.4721911326217536,
        "recall": 0.5260273972602739,
        "f1": 0.4492961476290358,
        "classification_report": {
            "0": {
                "precision": 0.375,
                "recall": 0.11180124223602485,
                "f1-score": 0.1722488038277512,
                "support": 161.0
            },
            "1": {
                "precision": 0.5488958990536278,
                "recall": 0.8529411764705882,
                "f1-score": 0.6679462571976967,
                "support": 204.0
            },
            "accuracy": 0.5260273972602739,
            "macro avg": {
                "precision": 0.4619479495268139,
                "recall": 0.4823712093533065,
                "f1-score": 0.42009753051272397,
                "support": 365.0
            },
            "weighted avg": {
                "precision": 0.4721911326217536,
                "recall": 0.5260273972602739,
                "f1-score": 0.4492961476290358,
                "support": 365.0
            }
        },
        "confusion_matrix": [
            [
                18,
                143
            ],
            [
                30,
                174
            ]
        ]
    }
}