{
    "timestamp": "2025-04-28 20:09:41",
    "training_history": {
        "accuracy": [
            0.5797703862190247,
            0.6541963815689087,
            0.7121931910514832,
            0.7523753046989441,
            0.781868577003479,
            0.8091844916343689,
            0.8281868696212769,
            0.8529295325279236,
            0.8756927847862244,
            0.8810372352600098,
            0.8901425004005432,
            0.8859857320785522
        ],
        "loss": [
            0.7453017234802246,
            0.6681841611862183,
            0.6070536971092224,
            0.5521336197853088,
            0.4989511966705322,
            0.4666978418827057,
            0.4313527047634125,
            0.3898236155509949,
            0.3633614182472229,
            0.3426526188850403,
            0.3315409719944,
            0.32933515310287476
        ],
        "val_accuracy": [
            0.49494948983192444,
            0.5202020406723022,
            0.4191919267177582,
            0.469696968793869,
            0.5050504803657532,
            0.4595959484577179,
            0.4898989796638489,
            0.4444444477558136,
            0.43939393758773804,
            0.4747474789619446,
            0.4595959484577179,
            0.43939393758773804
        ],
        "val_loss": [
            0.7576578855514526,
            0.7470464706420898,
            0.7983956933021545,
            0.8040008544921875,
            0.7866986989974976,
            0.876912534236908,
            0.9462196826934814,
            1.0000840425491333,
            0.9482723474502563,
            1.0143123865127563,
            1.073502540588379,
            1.0031819343566895
        ],
        "learning_rate": [
            0.0010000000474974513,
            0.0010000000474974513,
            0.0010000000474974513,
            0.0010000000474974513,
            0.0010000000474974513,
            0.0010000000474974513,
            0.0010000000474974513,
            0.0005000000237487257,
            0.0005000000237487257,
            0.0005000000237487257,
            0.0005000000237487257,
            0.0005000000237487257
        ]
    },
    "evaluation_metrics": {
        "accuracy": 0.44221105527638194,
        "precision": 0.44494079937691433,
        "recall": 0.44221105527638194,
        "f1": 0.43530916798520186,
        "classification_report": {
            "0": {
                "precision": 0.4344262295081967,
                "recall": 0.5578947368421052,
                "f1-score": 0.48847926267281105,
                "support": 95.0
            },
            "1": {
                "precision": 0.45454545454545453,
                "recall": 0.33653846153846156,
                "f1-score": 0.3867403314917127,
                "support": 104.0
            },
            "accuracy": 0.44221105527638194,
            "macro avg": {
                "precision": 0.4444858420268256,
                "recall": 0.4472165991902834,
                "f1-score": 0.4376097970822619,
                "support": 199.0
            },
            "weighted avg": {
                "precision": 0.44494079937691433,
                "recall": 0.44221105527638194,
                "f1-score": 0.43530916798520186,
                "support": 199.0
            }
        },
        "confusion_matrix": [
            [
                53,
                42
            ],
            [
                69,
                35
            ]
        ]
    }
}