{
    "timestamp": "2025-04-28 20:15:23",
    "training_history": {
        "accuracy": [
            0.536834716796875,
            0.580562949180603,
            0.6153165698051453,
            0.6479371786117554,
            0.6806357502937317,
            0.7028510570526123,
            0.7238177061080933,
            0.755111575126648,
            0.7704854011535645,
            0.7799802422523499,
            0.7862754464149475,
            0.7973050475120544
        ],
        "loss": [
            0.7338796257972717,
            0.6935468316078186,
            0.6722083687782288,
            0.6466464996337891,
            0.6203307509422302,
            0.5985792279243469,
            0.5747281908988953,
            0.5311610698699951,
            0.5101784467697144,
            0.49434152245521545,
            0.4811851382255554,
            0.4697011113166809
        ],
        "val_accuracy": [
            0.5337579846382141,
            0.5503184795379639,
            0.5324840545654297,
            0.47452229261398315,
            0.53121018409729,
            0.4363057315349579,
            0.4726114571094513,
            0.4815286695957184,
            0.48025476932525635,
            0.5375795960426331,
            0.5343949198722839,
            0.5394904613494873
        ],
        "val_loss": [
            0.7374395728111267,
            0.7310670018196106,
            0.7411097288131714,
            0.7885755896568298,
            0.8227653503417969,
            1.2869293689727783,
            1.1281417608261108,
            0.9830077290534973,
            0.9843487739562988,
            1.053457260131836,
            1.387265682220459,
            1.220821738243103
        ],
        "learning_rate": [
            0.0010000000474974513,
            0.0010000000474974513,
            0.0010000000474974513,
            0.0010000000474974513,
            0.0010000000474974513,
            0.0010000000474974513,
            0.0010000000474974513,
            0.0005000000237487257,
            0.0005000000237487257,
            0.0005000000237487257,
            0.0005000000237487257,
            0.0005000000237487257
        ]
    },
    "evaluation_metrics": {
        "accuracy": 0.5410566518141311,
        "precision": 0.4812638101886038,
        "recall": 0.5410566518141311,
        "f1": 0.4457893703792565,
        "classification_report": {
            "0": {
                "precision": 0.3835616438356164,
                "recall": 0.08151382823871907,
                "f1-score": 0.13445378151260506,
                "support": 687.0
            },
            "1": {
                "precision": 0.5571929824561404,
                "recall": 0.8981900452488688,
                "f1-score": 0.6877436119532264,
                "support": 884.0
            },
            "accuracy": 0.5410566518141311,
            "macro avg": {
                "precision": 0.4703773131458784,
                "recall": 0.48985193674379396,
                "f1-score": 0.41109869673291577,
                "support": 1571.0
            },
            "weighted avg": {
                "precision": 0.4812638101886038,
                "recall": 0.5410566518141311,
                "f1-score": 0.4457893703792565,
                "support": 1571.0
            }
        },
        "confusion_matrix": [
            [
                56,
                631
            ],
            [
                90,
                794
            ]
        ]
    }
}