{
    "timestamp": "2025-04-28 20:19:13",
    "training_history": {
        "accuracy": [
            0.6024116277694702,
            0.6696398854255676,
            0.7132474184036255,
            0.7482656240463257,
            0.7680872082710266,
            0.7958374619483948,
            0.8214403986930847,
            0.8396101593971252,
            0.8486950993537903,
            0.8495209813117981,
            0.8597621321678162
        ],
        "loss": [
            0.7340607643127441,
            0.6642249226570129,
            0.6098437905311584,
            0.5638735294342041,
            0.5227434039115906,
            0.4862646758556366,
            0.44425061345100403,
            0.41746994853019714,
            0.39890256524086,
            0.39519158005714417,
            0.37732812762260437
        ],
        "val_accuracy": [
            0.40434783697128296,
            0.395652174949646,
            0.37826088070869446,
            0.426086962223053,
            0.40869563817977905,
            0.40869563817977905,
            0.40869563817977905,
            0.43043479323387146,
            0.3913043439388275,
            0.38695651292800903,
            0.41304346919059753
        ],
        "val_loss": [
            1.1831361055374146,
            1.496743083000183,
            1.6506744623184204,
            1.567535400390625,
            1.8878990411758423,
            2.051513433456421,
            2.0095713138580322,
            2.132439374923706,
            2.038094997406006,
            2.0728814601898193,
            2.2630913257598877
        ],
        "learning_rate": [
            0.0010000000474974513,
            0.0010000000474974513,
            0.0010000000474974513,
            0.0010000000474974513,
            0.0010000000474974513,
            0.0010000000474974513,
            0.0005000000237487257,
            0.0005000000237487257,
            0.0005000000237487257,
            0.0005000000237487257,
            0.0005000000237487257
        ]
    },
    "evaluation_metrics": {
        "accuracy": 0.39826839826839827,
        "precision": 0.1586177170592755,
        "recall": 0.39826839826839827,
        "f1": 0.22687735381233834,
        "classification_report": {
            "0": {
                "precision": 0.39826839826839827,
                "recall": 1.0,
                "f1-score": 0.5696594427244582,
                "support": 92.0
            },
            "1": {
                "precision": 0.0,
                "recall": 0.0,
                "f1-score": 0.0,
                "support": 139.0
            },
            "accuracy": 0.39826839826839827,
            "macro avg": {
                "precision": 0.19913419913419914,
                "recall": 0.5,
                "f1-score": 0.2848297213622291,
                "support": 231.0
            },
            "weighted avg": {
                "precision": 0.1586177170592755,
                "recall": 0.39826839826839827,
                "f1-score": 0.22687735381233834,
                "support": 231.0
            }
        },
        "confusion_matrix": [
            [
                92,
                0
            ],
            [
                139,
                0
            ]
        ]
    }
}