{
    "timestamp": "2025-04-28 20:13:16",
    "training_history": {
        "accuracy": [
            0.521125316619873,
            0.5269520878791809,
            0.5399404764175415,
            0.5568304061889648,
            0.5675085783004761,
            0.5828841328620911,
            0.6034960746765137,
            0.6185892224311829,
            0.6341444849967957,
            0.6482365727424622,
            0.655937135219574
        ],
        "loss": [
            0.7269169688224792,
            0.6957110166549683,
            0.687322199344635,
            0.6782699823379517,
            0.6684407591819763,
            0.6584516167640686,
            0.6374487280845642,
            0.62645024061203,
            0.613180935382843,
            0.6054139733314514,
            0.5985269546508789
        ],
        "val_accuracy": [
            0.5216560363769531,
            0.5343949198722839,
            0.5350318551063538,
            0.5414012670516968,
            0.5369426608085632,
            0.5445860028266907,
            0.524840772151947,
            0.5261146426200867,
            0.5382165312767029,
            0.53121018409729,
            0.5280254483222961
        ],
        "val_loss": [
            0.7170857787132263,
            0.7270207405090332,
            0.7485793232917786,
            0.7802709341049194,
            0.7917526364326477,
            0.830693244934082,
            0.8414916396141052,
            0.8605014085769653,
            0.8883590698242188,
            0.9539192914962769,
            0.9519550800323486
        ],
        "learning_rate": [
            0.0010000000474974513,
            0.0010000000474974513,
            0.0010000000474974513,
            0.0010000000474974513,
            0.0010000000474974513,
            0.0010000000474974513,
            0.0005000000237487257,
            0.0005000000237487257,
            0.0005000000237487257,
            0.0005000000237487257,
            0.0005000000237487257
        ]
    },
    "evaluation_metrics": {
        "accuracy": 0.4519414385741566,
        "precision": 0.47433972981611355,
        "recall": 0.4519414385741566,
        "f1": 0.43690724087794036,
        "classification_report": {
            "0": {
                "precision": 0.4207547169811321,
                "recall": 0.6435786435786436,
                "f1-score": 0.5088419851682829,
                "support": 693.0
            },
            "1": {
                "precision": 0.5166340508806262,
                "recall": 0.30068337129840544,
                "f1-score": 0.3801295896328294,
                "support": 878.0
            },
            "accuracy": 0.4519414385741566,
            "macro avg": {
                "precision": 0.46869438393087914,
                "recall": 0.47213100743852454,
                "f1-score": 0.44448578740055616,
                "support": 1571.0
            },
            "weighted avg": {
                "precision": 0.47433972981611355,
                "recall": 0.4519414385741566,
                "f1-score": 0.43690724087794036,
                "support": 1571.0
            }
        },
        "confusion_matrix": [
            [
                446,
                247
            ],
            [
                614,
                264
            ]
        ]
    }
}