{
    "timestamp": "2025-04-28 20:13:20",
    "training_history": {
        "accuracy": [
            0.6643990874290466,
            0.7585033774375916,
            0.7891156673431396,
            0.8015872836112976,
            0.8344671130180359,
            0.8480725884437561,
            0.8684807419776917,
            0.8866212964057922,
            0.8922902345657349,
            0.8934240341186523,
            0.9047619104385376,
            0.9195011258125305
        ],
        "loss": [
            0.6952569484710693,
            0.5722315311431885,
            0.5237890481948853,
            0.4928818345069885,
            0.4463769495487213,
            0.42153123021125793,
            0.4071958661079407,
            0.36533522605895996,
            0.34986451268196106,
            0.32847052812576294,
            0.31882765889167786,
            0.29988107085227966
        ],
        "val_accuracy": [
            0.4722222089767456,
            0.4722222089767456,
            0.4722222089767456,
            0.4722222089767456,
            0.5,
            0.5277777910232544,
            0.5,
            0.5277777910232544,
            0.4722222089767456,
            0.5277777910232544,
            0.5277777910232544,
            0.5277777910232544
        ],
        "val_loss": [
            0.813732385635376,
            0.796030580997467,
            0.8267422318458557,
            0.8627538681030273,
            0.85176020860672,
            0.8774617314338684,
            0.9118850231170654,
            0.904351532459259,
            0.9478908181190491,
            0.930248498916626,
            0.9223092198371887,
            0.9685238599777222
        ],
        "learning_rate": [
            0.0010000000474974513,
            0.0010000000474974513,
            0.0010000000474974513,
            0.0010000000474974513,
            0.0010000000474974513,
            0.0010000000474974513,
            0.0010000000474974513,
            0.0005000000237487257,
            0.0005000000237487257,
            0.0005000000237487257,
            0.0005000000237487257,
            0.0005000000237487257
        ]
    },
    "evaluation_metrics": {
        "accuracy": 0.5555555555555556,
        "precision": 0.6603493125232256,
        "recall": 0.5555555555555556,
        "f1": 0.5965811965811966,
        "classification_report": {
            "0": {
                "precision": 0.782608695652174,
                "recall": 0.6206896551724138,
                "f1-score": 0.6923076923076923,
                "support": 29.0
            },
            "1": {
                "precision": 0.15384615384615385,
                "recall": 0.2857142857142857,
                "f1-score": 0.2,
                "support": 7.0
            },
            "accuracy": 0.5555555555555556,
            "macro avg": {
                "precision": 0.4682274247491639,
                "recall": 0.45320197044334976,
                "f1-score": 0.4461538461538461,
                "support": 36.0
            },
            "weighted avg": {
                "precision": 0.6603493125232256,
                "recall": 0.5555555555555556,
                "f1-score": 0.5965811965811966,
                "support": 36.0
            }
        },
        "confusion_matrix": [
            [
                18,
                11
            ],
            [
                5,
                2
            ]
        ]
    }
}