{
    "timestamp": "2025-04-28 20:13:59",
    "training_history": {
        "accuracy": [
            0.5350335836410522,
            0.5897091627120972,
            0.6376733779907227,
            0.6769574880599976,
            0.7114093899726868,
            0.7399552464485168,
            0.77100670337677,
            0.7920805215835571,
            0.8021029233932495,
            0.8085905909538269,
            0.8174049258232117
        ],
        "loss": [
            0.7407419085502625,
            0.6913830041885376,
            0.6588877439498901,
            0.6248853802680969,
            0.5891995429992676,
            0.5627837777137756,
            0.5152977705001831,
            0.4830126166343689,
            0.4685315191745758,
            0.45527321100234985,
            0.44283097982406616
        ],
        "val_accuracy": [
            0.4937428832054138,
            0.4926052391529083,
            0.47098976373672485,
            0.4960182011127472,
            0.48350396752357483,
            0.4732650816440582,
            0.4778156876564026,
            0.4653014838695526,
            0.45961320400238037,
            0.4744027256965637,
            0.47212740778923035
        ],
        "val_loss": [
            0.7540701627731323,
            0.754716694355011,
            0.8296865820884705,
            0.8112257719039917,
            1.127556562423706,
            1.0103834867477417,
            1.2748568058013916,
            1.3153761625289917,
            1.3785063028335571,
            1.5609509944915771,
            1.3556355237960815
        ],
        "learning_rate": [
            0.0010000000474974513,
            0.0010000000474974513,
            0.0010000000474974513,
            0.0010000000474974513,
            0.0010000000474974513,
            0.0010000000474974513,
            0.0005000000237487257,
            0.0005000000237487257,
            0.0005000000237487257,
            0.0005000000237487257,
            0.0005000000237487257
        ]
    },
    "evaluation_metrics": {
        "accuracy": 0.49772727272727274,
        "precision": 0.6091954175412541,
        "recall": 0.49772727272727274,
        "f1": 0.37302236422459356,
        "classification_report": {
            "0": {
                "precision": 0.4862604540023895,
                "recall": 0.9713603818615751,
                "f1-score": 0.6480891719745223,
                "support": 419.0
            },
            "1": {
                "precision": 0.7209302325581395,
                "recall": 0.06724511930585683,
                "f1-score": 0.12301587301587301,
                "support": 461.0
            },
            "accuracy": 0.49772727272727274,
            "macro avg": {
                "precision": 0.6035953432802645,
                "recall": 0.519302750583716,
                "f1-score": 0.38555252249519767,
                "support": 880.0
            },
            "weighted avg": {
                "precision": 0.6091954175412541,
                "recall": 0.49772727272727274,
                "f1-score": 0.37302236422459356,
                "support": 880.0
            }
        },
        "confusion_matrix": [
            [
                407,
                12
            ],
            [
                430,
                31
            ]
        ]
    }
}