{
    "timestamp": "2025-04-28 20:13:23",
    "training_history": {
        "accuracy": [
            0.4583333432674408,
            0.6041666865348816,
            0.7708333134651184,
            0.8229166865348816,
            0.8125,
            0.8333333134651184,
            0.8541666865348816,
            0.8541666865348816,
            0.8958333134651184,
            0.9166666865348816,
            0.875,
            0.90625,
            0.90625
        ],
        "loss": [
            0.9681376814842224,
            0.7247111201286316,
            0.5851287245750427,
            0.53900545835495,
            0.5153871178627014,
            0.5016381740570068,
            0.47326716780662537,
            0.43459105491638184,
            0.39723220467567444,
            0.3801414966583252,
            0.37750840187072754,
            0.3579193353652954,
            0.33881139755249023
        ],
        "val_accuracy": [
            0.5,
            0.5,
            0.5,
            0.5,
            0.5,
            0.5,
            0.5,
            0.5,
            0.5,
            0.5,
            0.5,
            0.5,
            0.5
        ],
        "val_loss": [
            1.0222105979919434,
            1.063362717628479,
            1.0142017602920532,
            1.1152575016021729,
            1.2966065406799316,
            1.4465796947479248,
            1.539142370223999,
            1.533618450164795,
            1.5642176866531372,
            1.604095220565796,
            1.638574481010437,
            1.6803470849990845,
            1.6892917156219482
        ],
        "learning_rate": [
            0.0010000000474974513,
            0.0010000000474974513,
            0.0010000000474974513,
            0.0010000000474974513,
            0.0010000000474974513,
            0.0010000000474974513,
            0.0010000000474974513,
            0.0010000000474974513,
            0.0005000000237487257,
            0.0005000000237487257,
            0.0005000000237487257,
            0.0005000000237487257,
            0.0005000000237487257
        ]
    },
    "evaluation_metrics": {
        "accuracy": 0.0,
        "precision": 0.0,
        "recall": 0.0,
        "f1": 0.0,
        "classification_report": {
            "0": {
                "precision": 0.0,
                "recall": 0.0,
                "f1-score": 0.0,
                "support": 0.0
            },
            "1": {
                "precision": 0.0,
                "recall": 0.0,
                "f1-score": 0.0,
                "support": 4.0
            },
            "accuracy": 0.0,
            "macro avg": {
                "precision": 0.0,
                "recall": 0.0,
                "f1-score": 0.0,
                "support": 4.0
            },
            "weighted avg": {
                "precision": 0.0,
                "recall": 0.0,
                "f1-score": 0.0,
                "support": 4.0
            }
        },
        "confusion_matrix": [
            [
                0,
                0
            ],
            [
                4,
                0
            ]
        ]
    }
}