{
    "timestamp": "2025-04-28 20:17:49",
    "training_history": {
        "accuracy": [
            0.555604100227356,
            0.6007277965545654,
            0.6373119950294495,
            0.6787481904029846,
            0.7103832960128784,
            0.7305676937103271,
            0.7466278672218323,
            0.780397891998291,
            0.7974769473075867,
            0.8078117370605469,
            0.8190199136734009,
            0.8218340873718262
        ],
        "loss": [
            0.7432336807250977,
            0.6958737969398499,
            0.6613394021987915,
            0.6262699961662292,
            0.5903786420822144,
            0.5698397755622864,
            0.5460656881332397,
            0.4970451593399048,
            0.4750293791294098,
            0.45550408959388733,
            0.44142335653305054,
            0.43200087547302246
        ],
        "val_accuracy": [
            0.5024570226669312,
            0.5159705281257629,
            0.4950859844684601,
            0.522113025188446,
            0.4803439676761627,
            0.5270270109176636,
            0.5196560025215149,
            0.5024570226669312,
            0.49631449580192566,
            0.5012285113334656,
            0.5085995197296143,
            0.4877149760723114
        ],
        "val_loss": [
            0.7407165169715881,
            0.7286133766174316,
            0.745962917804718,
            0.7604079246520996,
            0.7615358233451843,
            0.765889585018158,
            0.8164101243019104,
            0.8882192969322205,
            0.8706235885620117,
            0.8359034061431885,
            0.8788933753967285,
            0.9001907706260681
        ],
        "learning_rate": [
            0.0010000000474974513,
            0.0010000000474974513,
            0.0010000000474974513,
            0.0010000000474974513,
            0.0010000000474974513,
            0.0010000000474974513,
            0.0010000000474974513,
            0.0005000000237487257,
            0.0005000000237487257,
            0.0005000000237487257,
            0.0005000000237487257,
            0.0005000000237487257
        ]
    },
    "evaluation_metrics": {
        "accuracy": 0.5171990171990172,
        "precision": 0.5267626822702416,
        "recall": 0.5171990171990172,
        "f1": 0.5157062776246333,
        "classification_report": {
            "0": {
                "precision": 0.4794816414686825,
                "recall": 0.5935828877005348,
                "f1-score": 0.5304659498207884,
                "support": 374.0
            },
            "1": {
                "precision": 0.5669515669515669,
                "recall": 0.45227272727272727,
                "f1-score": 0.5031605562579013,
                "support": 440.0
            },
            "accuracy": 0.5171990171990172,
            "macro avg": {
                "precision": 0.5232166042101247,
                "recall": 0.522927807486631,
                "f1-score": 0.5168132530393449,
                "support": 814.0
            },
            "weighted avg": {
                "precision": 0.5267626822702416,
                "recall": 0.5171990171990172,
                "f1-score": 0.5157062776246333,
                "support": 814.0
            }
        },
        "confusion_matrix": [
            [
                222,
                152
            ],
            [
                241,
                199
            ]
        ]
    }
}