{
    "timestamp": "2025-04-28 20:16:09",
    "training_history": {
        "accuracy": [
            0.5408427715301514,
            0.5636656880378723,
            0.5898541808128357,
            0.6170943975448608,
            0.6437736749649048,
            0.669401228427887,
            0.7084910869598389,
            0.7255644202232361,
            0.7395175695419312,
            0.7551885843276978,
            0.7655307650566101
        ],
        "loss": [
            0.7359780073165894,
            0.695393443107605,
            0.6801358461380005,
            0.6624556183815002,
            0.6402333378791809,
            0.6191097497940063,
            0.5697288513183594,
            0.5484563708305359,
            0.5316060185432434,
            0.5138023495674133,
            0.5011940002441406
        ],
        "val_accuracy": [
            0.48833033442497253,
            0.5017953515052795,
            0.5134649872779846,
            0.5179533362388611,
            0.4829443395137787,
            0.5026929974555969,
            0.49820467829704285,
            0.48114901781082153,
            0.4856373369693756,
            0.5107719898223877,
            0.5017953515052795
        ],
        "val_loss": [
            0.7168095707893372,
            0.7433462142944336,
            0.7611591219902039,
            0.8241171836853027,
            0.8005218505859375,
            0.795301616191864,
            0.9074377417564392,
            0.8948023319244385,
            0.9496306777000427,
            0.8999327421188354,
            0.9168606400489807
        ],
        "learning_rate": [
            0.0010000000474974513,
            0.0010000000474974513,
            0.0010000000474974513,
            0.0010000000474974513,
            0.0010000000474974513,
            0.0010000000474974513,
            0.0005000000237487257,
            0.0005000000237487257,
            0.0005000000237487257,
            0.0005000000237487257,
            0.0005000000237487257
        ]
    },
    "evaluation_metrics": {
        "accuracy": 0.4910233393177738,
        "precision": 0.47881175912599944,
        "recall": 0.4910233393177738,
        "f1": 0.33481401841288105,
        "classification_report": {
            "0": {
                "precision": 0.4913557779799818,
                "recall": 0.9854014598540146,
                "f1-score": 0.6557377049180328,
                "support": 548.0
            },
            "1": {
                "precision": 0.4666666666666667,
                "recall": 0.012367491166077738,
                "f1-score": 0.024096385542168672,
                "support": 566.0
            },
            "accuracy": 0.4910233393177738,
            "macro avg": {
                "precision": 0.47901122232332427,
                "recall": 0.49888447551004617,
                "f1-score": 0.33991704523010075,
                "support": 1114.0
            },
            "weighted avg": {
                "precision": 0.47881175912599944,
                "recall": 0.4910233393177738,
                "f1-score": 0.33481401841288105,
                "support": 1114.0
            }
        },
        "confusion_matrix": [
            [
                540,
                8
            ],
            [
                559,
                7
            ]
        ]
    }
}