{
    "timestamp": "2025-04-28 20:19:02",
    "training_history": {
        "accuracy": [
            0.5258240699768066,
            0.566211998462677,
            0.5988562107086182,
            0.6207374334335327,
            0.6427252292633057,
            0.6609832048416138,
            0.6838590502738953,
            0.7048166990280151,
            0.7120630741119385,
            0.7243534922599792,
            0.7339798212051392
        ],
        "loss": [
            0.739246666431427,
            0.6948533058166504,
            0.6684349775314331,
            0.6462863087654114,
            0.628138542175293,
            0.6075068116188049,
            0.573741614818573,
            0.5529316067695618,
            0.5396676659584045,
            0.5264318585395813,
            0.5152037143707275
        ],
        "val_accuracy": [
            0.5845454335212708,
            0.524545431137085,
            0.5199999809265137,
            0.46272727847099304,
            0.41181817650794983,
            0.4063636362552643,
            0.43090909719467163,
            0.40545454621315,
            0.41181817650794983,
            0.40090909600257874,
            0.4745454490184784
        ],
        "val_loss": [
            0.7248090505599976,
            0.7674212455749512,
            0.864464282989502,
            0.784979522228241,
            0.7821048498153687,
            0.7504428029060364,
            0.7793094515800476,
            0.8532383441925049,
            0.8010537028312683,
            0.9612130522727966,
            0.8650539517402649
        ],
        "learning_rate": [
            0.0010000000474974513,
            0.0010000000474974513,
            0.0010000000474974513,
            0.0010000000474974513,
            0.0010000000474974513,
            0.0010000000474974513,
            0.0005000000237487257,
            0.0005000000237487257,
            0.0005000000237487257,
            0.0005000000237487257,
            0.0005000000237487257
        ]
    },
    "evaluation_metrics": {
        "accuracy": 0.5363636363636364,
        "precision": 0.5232226107226108,
        "recall": 0.5363636363636364,
        "f1": 0.5158434051497635,
        "classification_report": {
            "0": {
                "precision": 0.478125,
                "recall": 0.3084677419354839,
                "f1-score": 0.375,
                "support": 496.0
            },
            "1": {
                "precision": 0.5602564102564103,
                "recall": 0.7235099337748344,
                "f1-score": 0.6315028901734104,
                "support": 604.0
            },
            "accuracy": 0.5363636363636364,
            "macro avg": {
                "precision": 0.5191907051282052,
                "recall": 0.5159888378551591,
                "f1-score": 0.5032514450867052,
                "support": 1100.0
            },
            "weighted avg": {
                "precision": 0.5232226107226108,
                "recall": 0.5363636363636364,
                "f1-score": 0.5158434051497635,
                "support": 1100.0
            }
        },
        "confusion_matrix": [
            [
                153,
                343
            ],
            [
                167,
                437
            ]
        ]
    }
}