{
    "timestamp": "2025-04-28 19:25:11",
    "training_history": {
        "accuracy": [
            0.518256664276123,
            0.5445566773414612,
            0.5750093460083008,
            0.6140291690826416,
            0.6476618051528931,
            0.6774410605430603,
            0.7247287631034851,
            0.7449308037757874,
            0.7537972331047058,
            0.7708941102027893,
            0.780359148979187
        ],
        "loss": [
            0.7392668724060059,
            0.7033070921897888,
            0.6857846975326538,
            0.6647682785987854,
            0.6366522312164307,
            0.6089669466018677,
            0.557641327381134,
            0.5373835563659668,
            0.5173337459564209,
            0.500249445438385,
            0.4831424653530121
        ],
        "val_accuracy": [
            0.5514981150627136,
            0.48876404762268066,
            0.5102996230125427,
            0.5224719047546387,
            0.5215355753898621,
            0.5056179761886597,
            0.5617977380752563,
            0.5149812698364258,
            0.5514981150627136,
            0.5440074801445007,
            0.5486891269683838
        ],
        "val_loss": [
            0.7192743420600891,
            0.7703961730003357,
            0.7695770859718323,
            0.7298088073730469,
            0.8509922623634338,
            0.8414522409439087,
            0.7996967434883118,
            0.9354645609855652,
            0.8604933619499207,
            0.8477571606636047,
            0.8483628034591675
        ],
        "learning_rate": [
            0.0010000000474974513,
            0.0010000000474974513,
            0.0010000000474974513,
            0.0010000000474974513,
            0.0010000000474974513,
            0.0010000000474974513,
            0.0005000000237487257,
            0.0005000000237487257,
            0.0005000000237487257,
            0.0005000000237487257,
            0.0005000000237487257
        ]
    },
    "evaluation_metrics": {
        "accuracy": 0.5210477081384471,
        "precision": 0.5195603769923023,
        "recall": 0.5210477081384471,
        "f1": 0.5189731263369102,
        "classification_report": {
            "0": {
                "precision": 0.5043290043290043,
                "recall": 0.45155038759689925,
                "f1-score": 0.47648261758691207,
                "support": 516.0
            },
            "1": {
                "precision": 0.5337726523887973,
                "recall": 0.5858951175406871,
                "f1-score": 0.5586206896551724,
                "support": 553.0
            },
            "accuracy": 0.5210477081384471,
            "macro avg": {
                "precision": 0.5190508283589008,
                "recall": 0.5187227525687932,
                "f1-score": 0.5175516536210423,
                "support": 1069.0
            },
            "weighted avg": {
                "precision": 0.5195603769923023,
                "recall": 0.5210477081384471,
                "f1-score": 0.5189731263369102,
                "support": 1069.0
            }
        },
        "confusion_matrix": [
            [
                233,
                283
            ],
            [
                229,
                324
            ]
        ]
    }
}