{
    "timestamp": "2025-04-28 20:16:28",
    "training_history": {
        "accuracy": [
            0.5758447051048279,
            0.6335969567298889,
            0.6756529808044434,
            0.693745493888855,
            0.7348430156707764,
            0.7624011635780334,
            0.787802517414093,
            0.7997843027114868,
            0.8152408599853516,
            0.8400431275367737,
            0.8553798198699951,
            0.8643661737442017,
            0.8672417998313904,
            0.8740714192390442
        ],
        "loss": [
            0.7422080636024475,
            0.6735569834709167,
            0.6316377520561218,
            0.5974629521369934,
            0.5596784949302673,
            0.523341715335846,
            0.492700457572937,
            0.4693104028701782,
            0.44057363271713257,
            0.3974149525165558,
            0.3736899495124817,
            0.35904988646507263,
            0.349042683839798,
            0.3348674178123474
        ],
        "val_accuracy": [
            0.5176470875740051,
            0.5264706015586853,
            0.5264706015586853,
            0.5235294103622437,
            0.5647059082984924,
            0.5235294103622437,
            0.5470588207244873,
            0.5441176295280457,
            0.5382353067398071,
            0.6000000238418579,
            0.5735294222831726,
            0.5794117450714111,
            0.6147058606147766,
            0.6058823466300964
        ],
        "val_loss": [
            0.7600160241127014,
            0.7688676714897156,
            0.7693566679954529,
            0.7463132739067078,
            0.8060508966445923,
            0.8807865977287292,
            0.8771417140960693,
            0.8299601674079895,
            0.9101665616035461,
            0.9297362565994263,
            0.9815642237663269,
            0.9691625237464905,
            1.0029665231704712,
            1.0331683158874512
        ],
        "learning_rate": [
            0.0010000000474974513,
            0.0010000000474974513,
            0.0010000000474974513,
            0.0010000000474974513,
            0.0010000000474974513,
            0.0010000000474974513,
            0.0010000000474974513,
            0.0010000000474974513,
            0.0010000000474974513,
            0.0005000000237487257,
            0.0005000000237487257,
            0.0005000000237487257,
            0.0005000000237487257,
            0.0005000000237487257
        ]
    },
    "evaluation_metrics": {
        "accuracy": 0.4823529411764706,
        "precision": 0.4850658667014478,
        "recall": 0.4823529411764706,
        "f1": 0.48263956745488895,
        "classification_report": {
            "0": {
                "precision": 0.45454545454545453,
                "recall": 0.5,
                "f1-score": 0.47619047619047616,
                "support": 160.0
            },
            "1": {
                "precision": 0.5121951219512195,
                "recall": 0.4666666666666667,
                "f1-score": 0.48837209302325585,
                "support": 180.0
            },
            "accuracy": 0.4823529411764706,
            "macro avg": {
                "precision": 0.48337028824833705,
                "recall": 0.48333333333333334,
                "f1-score": 0.48228128460686603,
                "support": 340.0
            },
            "weighted avg": {
                "precision": 0.4850658667014478,
                "recall": 0.4823529411764706,
                "f1-score": 0.48263956745488895,
                "support": 340.0
            }
        },
        "confusion_matrix": [
            [
                80,
                80
            ],
            [
                96,
                84
            ]
        ]
    }
}