{
    "timestamp": "2025-04-28 20:14:16",
    "training_history": {
        "accuracy": [
            0.5943915247917175,
            0.6487830877304077,
            0.6943915486335754,
            0.7189418077468872,
            0.7469841241836548,
            0.7705820202827454,
            0.8074073791503906,
            0.8125925660133362,
            0.8216931223869324,
            0.8312169313430786,
            0.8351323008537292
        ],
        "loss": [
            0.734754204750061,
            0.6776736378669739,
            0.628664493560791,
            0.5903615951538086,
            0.552777886390686,
            0.5193831920623779,
            0.4727412462234497,
            0.4549914598464966,
            0.44350719451904297,
            0.4206889569759369,
            0.4058961570262909
        ],
        "val_accuracy": [
            0.48746517300605774,
            0.46518105268478394,
            0.44568246603012085,
            0.47632312774658203,
            0.47910863161087036,
            0.46796658635139465,
            0.4623955488204956,
            0.470752090215683,
            0.470752090215683,
            0.49025070667266846,
            0.47632312774658203
        ],
        "val_loss": [
            0.7581915259361267,
            0.7900835871696472,
            0.8275499939918518,
            0.8951163291931152,
            1.0002009868621826,
            1.0169949531555176,
            1.0300055742263794,
            1.1052286624908447,
            1.1157257556915283,
            1.132211685180664,
            1.1172337532043457
        ],
        "learning_rate": [
            0.0010000000474974513,
            0.0010000000474974513,
            0.0010000000474974513,
            0.0010000000474974513,
            0.0010000000474974513,
            0.0010000000474974513,
            0.0005000000237487257,
            0.0005000000237487257,
            0.0005000000237487257,
            0.0005000000237487257,
            0.0005000000237487257
        ]
    },
    "evaluation_metrics": {
        "accuracy": 0.575,
        "precision": 0.5796267613614899,
        "recall": 0.575,
        "f1": 0.5546312563840654,
        "classification_report": {
            "0": {
                "precision": 0.5922330097087378,
                "recall": 0.3546511627906977,
                "f1-score": 0.44363636363636366,
                "support": 172.0
            },
            "1": {
                "precision": 0.5680933852140078,
                "recall": 0.776595744680851,
                "f1-score": 0.6561797752808989,
                "support": 188.0
            },
            "accuracy": 0.575,
            "macro avg": {
                "precision": 0.5801631974613728,
                "recall": 0.5656234537357744,
                "f1-score": 0.5499080694586312,
                "support": 360.0
            },
            "weighted avg": {
                "precision": 0.5796267613614899,
                "recall": 0.575,
                "f1-score": 0.5546312563840654,
                "support": 360.0
            }
        },
        "confusion_matrix": [
            [
                61,
                111
            ],
            [
                42,
                146
            ]
        ]
    }
}