{
    "timestamp": "2025-04-28 18:20:00",
    "training_history": {
        "accuracy": [
            0.5508686900138855,
            0.6009275913238525,
            0.6442874073982239,
            0.6872055530548096,
            0.7184187173843384,
            0.7439634799957275,
            0.7653857469558716,
            0.7827591300010681,
            0.8133834004402161,
            0.8235424160957336,
            0.8358362913131714,
            0.8406949639320374,
            0.8493816256523132
        ],
        "loss": [
            0.7509440779685974,
            0.6957354545593262,
            0.6572161912918091,
            0.6196914315223694,
            0.5831593871116638,
            0.5530800223350525,
            0.5214967727661133,
            0.496086061000824,
            0.441771537065506,
            0.4220641851425171,
            0.40574076771736145,
            0.3944271504878998,
            0.3811476528644562
        ],
        "val_accuracy": [
            0.49899396300315857,
            0.49899396300315857,
            0.4607645869255066,
            0.49295774102211,
            0.49295774102211,
            0.48893359303474426,
            0.49295774102211,
            0.48893359303474426,
            0.4869215190410614,
            0.4969818890094757,
            0.49496981501579285,
            0.5050301551818848,
            0.5191146731376648
        ],
        "val_loss": [
            1.0189512968063354,
            1.0576027631759644,
            0.9010521769523621,
            1.2999070882797241,
            1.5263396501541138,
            1.434106469154358,
            2.6462631225585938,
            1.497367262840271,
            2.332831382751465,
            2.26664662361145,
            1.9382984638214111,
            2.143742561340332,
            2.0773606300354004
        ],
        "learning_rate": [
            0.0010000000474974513,
            0.0010000000474974513,
            0.0010000000474974513,
            0.0010000000474974513,
            0.0010000000474974513,
            0.0010000000474974513,
            0.0010000000474974513,
            0.0010000000474974513,
            0.0005000000237487257,
            0.0005000000237487257,
            0.0005000000237487257,
            0.0005000000237487257,
            0.0005000000237487257
        ]
    },
    "evaluation_metrics": {
        "accuracy": 0.5401606425702812,
        "precision": 0.4650065306819985,
        "recall": 0.5401606425702812,
        "f1": 0.4213534190308758,
        "classification_report": {
            "0": {
                "precision": 0.35714285714285715,
                "recall": 0.04524886877828054,
                "f1-score": 0.08032128514056225,
                "support": 221.0
            },
            "1": {
                "precision": 0.551063829787234,
                "recall": 0.9350180505415162,
                "f1-score": 0.6934404283801874,
                "support": 277.0
            },
            "accuracy": 0.5401606425702812,
            "macro avg": {
                "precision": 0.45410334346504555,
                "recall": 0.49013345965989835,
                "f1-score": 0.3868808567603748,
                "support": 498.0
            },
            "weighted avg": {
                "precision": 0.4650065306819985,
                "recall": 0.5401606425702812,
                "f1-score": 0.4213534190308758,
                "support": 498.0
            }
        },
        "confusion_matrix": [
            [
                10,
                211
            ],
            [
                18,
                259
            ]
        ]
    }
}