{
    "timestamp": "2025-04-28 18:20:25",
    "training_history": {
        "accuracy": [
            0.5430678725242615,
            0.5940265655517578,
            0.6401917338371277,
            0.683775782585144,
            0.7115043997764587,
            0.7371681332588196,
            0.7771386504173279,
            0.7993362545967102,
            0.8093658089637756,
            0.8172566294670105,
            0.8275073766708374
        ],
        "loss": [
            0.7402751445770264,
            0.6909093260765076,
            0.6573737859725952,
            0.6192693114280701,
            0.5882567167282104,
            0.5639816522598267,
            0.5094139575958252,
            0.4825608730316162,
            0.46641361713409424,
            0.4492541551589966,
            0.4340928792953491
        ],
        "val_accuracy": [
            0.531187117099762,
            0.5231388211250305,
            0.4668008089065552,
            0.5191146731376648,
            0.5110663771629333,
            0.5231388211250305,
            0.5231388211250305,
            0.5191146731376648,
            0.5171025991439819,
            0.5231388211250305,
            0.5191146731376648
        ],
        "val_loss": [
            0.8222433924674988,
            1.2116258144378662,
            1.4876657724380493,
            1.8359509706497192,
            1.4494194984436035,
            2.1435556411743164,
            2.249577045440674,
            2.658639430999756,
            2.8731954097747803,
            2.6432225704193115,
            2.5951035022735596
        ],
        "learning_rate": [
            0.0010000000474974513,
            0.0010000000474974513,
            0.0010000000474974513,
            0.0010000000474974513,
            0.0010000000474974513,
            0.0010000000474974513,
            0.0005000000237487257,
            0.0005000000237487257,
            0.0005000000237487257,
            0.0005000000237487257,
            0.0005000000237487257
        ]
    },
    "evaluation_metrics": {
        "accuracy": 0.5602409638554217,
        "precision": 0.5340227305985075,
        "recall": 0.5602409638554217,
        "f1": 0.40940615792170476,
        "classification_report": {
            "0": {
                "precision": 0.5,
                "recall": 0.0091324200913242,
                "f1-score": 0.017937219730941704,
                "support": 219.0
            },
            "1": {
                "precision": 0.5607287449392713,
                "recall": 0.992831541218638,
                "f1-score": 0.7166882276843467,
                "support": 279.0
            },
            "accuracy": 0.5602409638554217,
            "macro avg": {
                "precision": 0.5303643724696356,
                "recall": 0.5009819806549811,
                "f1-score": 0.36731272370764423,
                "support": 498.0
            },
            "weighted avg": {
                "precision": 0.5340227305985075,
                "recall": 0.5602409638554217,
                "f1-score": 0.40940615792170476,
                "support": 498.0
            }
        },
        "confusion_matrix": [
            [
                2,
                217
            ],
            [
                2,
                277
            ]
        ]
    }
}