{
    "timestamp": "2025-04-28 20:17:13",
    "training_history": {
        "accuracy": [
            0.5392610430717468,
            0.5762450695037842,
            0.6094094514846802,
            0.6498457193374634,
            0.6800352334976196,
            0.707984447479248,
            0.7419200539588928,
            0.7572351694107056,
            0.7689878344535828,
            0.776076078414917,
            0.7854047417640686
        ],
        "loss": [
            0.7320614457130432,
            0.692912220954895,
            0.6705209612846375,
            0.6421269774436951,
            0.6133650541305542,
            0.5874078869819641,
            0.5422303676605225,
            0.5191283822059631,
            0.5026113390922546,
            0.48789629340171814,
            0.47532540559768677
        ],
        "val_accuracy": [
            0.44614002108573914,
            0.4757630228996277,
            0.4892280101776123,
            0.5044883489608765,
            0.5188509821891785,
            0.48743268847465515,
            0.47037702798843384,
            0.5062836408615112,
            0.47307002544403076,
            0.45870736241340637,
            0.4685816764831543
        ],
        "val_loss": [
            0.7422365546226501,
            0.7860789895057678,
            0.7832128405570984,
            0.805690348148346,
            0.8550996780395508,
            0.86653733253479,
            0.9853361248970032,
            0.9929652810096741,
            1.1639280319213867,
            1.2145754098892212,
            1.2411848306655884
        ],
        "learning_rate": [
            0.0010000000474974513,
            0.0010000000474974513,
            0.0010000000474974513,
            0.0010000000474974513,
            0.0010000000474974513,
            0.0010000000474974513,
            0.0005000000237487257,
            0.0005000000237487257,
            0.0005000000237487257,
            0.0005000000237487257,
            0.0005000000237487257
        ]
    },
    "evaluation_metrics": {
        "accuracy": 0.4730700179533214,
        "precision": 0.48643202625372883,
        "recall": 0.4730700179533214,
        "f1": 0.3512375810256421,
        "classification_report": {
            "0": {
                "precision": 0.4713193116634799,
                "recall": 0.9354838709677419,
                "f1-score": 0.6268277177368087,
                "support": 527.0
            },
            "1": {
                "precision": 0.5,
                "recall": 0.05792163543441227,
                "f1-score": 0.10381679389312977,
                "support": 587.0
            },
            "accuracy": 0.4730700179533214,
            "macro avg": {
                "precision": 0.48565965583174,
                "recall": 0.4967027532010771,
                "f1-score": 0.36532225581496924,
                "support": 1114.0
            },
            "weighted avg": {
                "precision": 0.48643202625372883,
                "recall": 0.4730700179533214,
                "f1-score": 0.3512375810256421,
                "support": 1114.0
            }
        },
        "confusion_matrix": [
            [
                493,
                34
            ],
            [
                553,
                34
            ]
        ]
    }
}