{
    "timestamp": "2025-04-28 20:18:17",
    "training_history": {
        "accuracy": [
            0.5354252457618713,
            0.5861038565635681,
            0.6339808106422424,
            0.6701531410217285,
            0.7143568396568298,
            0.7494708299636841,
            0.7725688219070435,
            0.8104843497276306,
            0.8236832022666931,
            0.8295978307723999,
            0.8424230813980103,
            0.8492715954780579
        ],
        "loss": [
            0.7511109113693237,
            0.7011488676071167,
            0.6588625907897949,
            0.6183463931083679,
            0.5805180668830872,
            0.5409559607505798,
            0.5098171234130859,
            0.45470088720321655,
            0.42815959453582764,
            0.41766422986984253,
            0.3998035788536072,
            0.38651153445243835
        ],
        "val_accuracy": [
            0.5570698380470276,
            0.5485519766807556,
            0.5127768516540527,
            0.5400340557098389,
            0.5570698380470276,
            0.5604770183563232,
            0.536626935005188,
            0.577512800693512,
            0.5468483567237854,
            0.5570698380470276,
            0.5570698380470276,
            0.5655877590179443
        ],
        "val_loss": [
            0.7546550631523132,
            0.7484471797943115,
            0.7661376595497131,
            0.7557712197303772,
            0.756858766078949,
            0.8385407328605652,
            0.8029271364212036,
            0.918874204158783,
            1.067623257637024,
            1.0346758365631104,
            1.1408435106277466,
            1.0805901288986206
        ],
        "learning_rate": [
            0.0010000000474974513,
            0.0010000000474974513,
            0.0010000000474974513,
            0.0010000000474974513,
            0.0010000000474974513,
            0.0010000000474974513,
            0.0010000000474974513,
            0.0005000000237487257,
            0.0005000000237487257,
            0.0005000000237487257,
            0.0005000000237487257,
            0.0005000000237487257
        ]
    },
    "evaluation_metrics": {
        "accuracy": 0.4931972789115646,
        "precision": 0.49177833295480355,
        "recall": 0.4931972789115646,
        "f1": 0.4910262870091522,
        "classification_report": {
            "0": {
                "precision": 0.5045045045045045,
                "recall": 0.5581395348837209,
                "f1-score": 0.5299684542586751,
                "support": 301.0
            },
            "1": {
                "precision": 0.47843137254901963,
                "recall": 0.4250871080139373,
                "f1-score": 0.45018450184501846,
                "support": 287.0
            },
            "accuracy": 0.4931972789115646,
            "macro avg": {
                "precision": 0.49146793852676207,
                "recall": 0.4916133214488291,
                "f1-score": 0.4900764780518468,
                "support": 588.0
            },
            "weighted avg": {
                "precision": 0.49177833295480355,
                "recall": 0.4931972789115646,
                "f1-score": 0.4910262870091522,
                "support": 588.0
            }
        },
        "confusion_matrix": [
            [
                168,
                133
            ],
            [
                165,
                122
            ]
        ]
    }
}