{
    "timestamp": "2025-04-28 20:11:42",
    "training_history": {
        "accuracy": [
            0.5483995079994202,
            0.6157603859901428,
            0.6651883125305176,
            0.6976475119590759,
            0.7279856204986572,
            0.7540172338485718,
            0.7742640376091003,
            0.7858979105949402,
            0.8017740249633789,
            0.834618866443634,
            0.8416891694068909,
            0.8497236371040344,
            0.8592364192008972,
            0.8610361218452454
        ],
        "loss": [
            0.7400763034820557,
            0.6773589253425598,
            0.6338409781455994,
            0.5968189239501953,
            0.5634004473686218,
            0.5302203893661499,
            0.5018443465232849,
            0.487111359834671,
            0.4608439803123474,
            0.4093076288700104,
            0.39648324251174927,
            0.38269928097724915,
            0.36730101704597473,
            0.3598250448703766
        ],
        "val_accuracy": [
            0.4627118706703186,
            0.4237288236618042,
            0.49322032928466797,
            0.5508474707603455,
            0.505084753036499,
            0.508474588394165,
            0.5355932116508484,
            0.5152542591094971,
            0.5254237055778503,
            0.5305084586143494,
            0.5237287878990173,
            0.5152542591094971,
            0.510169506072998,
            0.503389835357666
        ],
        "val_loss": [
            0.9616645574569702,
            0.9119065999984741,
            1.0291357040405273,
            0.8434284329414368,
            0.9997429251670837,
            0.9201877117156982,
            0.9435240626335144,
            0.9237369894981384,
            0.90640789270401,
            1.0116549730300903,
            0.9168168306350708,
            1.0399529933929443,
            1.0223385095596313,
            1.1473989486694336
        ],
        "learning_rate": [
            0.0010000000474974513,
            0.0010000000474974513,
            0.0010000000474974513,
            0.0010000000474974513,
            0.0010000000474974513,
            0.0010000000474974513,
            0.0010000000474974513,
            0.0010000000474974513,
            0.0010000000474974513,
            0.0005000000237487257,
            0.0005000000237487257,
            0.0005000000237487257,
            0.0005000000237487257,
            0.0005000000237487257
        ]
    },
    "evaluation_metrics": {
        "accuracy": 0.5305084745762711,
        "precision": 0.48532507950545056,
        "recall": 0.5305084745762711,
        "f1": 0.49133866763776635,
        "classification_report": {
            "0": {
                "precision": 0.33858267716535434,
                "recall": 0.18220338983050846,
                "f1-score": 0.23691460055096417,
                "support": 236.0
            },
            "1": {
                "precision": 0.5831533477321814,
                "recall": 0.7627118644067796,
                "f1-score": 0.6609547123623012,
                "support": 354.0
            },
            "accuracy": 0.5305084745762711,
            "macro avg": {
                "precision": 0.46086801244876785,
                "recall": 0.47245762711864403,
                "f1-score": 0.44893465645663266,
                "support": 590.0
            },
            "weighted avg": {
                "precision": 0.48532507950545056,
                "recall": 0.5305084745762711,
                "f1-score": 0.49133866763776635,
                "support": 590.0
            }
        },
        "confusion_matrix": [
            [
                43,
                193
            ],
            [
                84,
                270
            ]
        ]
    }
}