{
    "timestamp": "2025-04-28 20:19:42",
    "training_history": {
        "accuracy": [
            0.539189875125885,
            0.6006395816802979,
            0.635252058506012,
            0.6778906583786011,
            0.7141961455345154,
            0.7400928139686584,
            0.7618510127067566,
            0.8001630306243896,
            0.8105718493461609,
            0.820792555809021,
            0.8308879137039185,
            0.8421118855476379
        ],
        "loss": [
            0.7434415221214294,
            0.6950441598892212,
            0.6580662727355957,
            0.6198154091835022,
            0.5828987956047058,
            0.5517909526824951,
            0.5199407935142517,
            0.46933868527412415,
            0.44755637645721436,
            0.42904481291770935,
            0.4159970283508301,
            0.4011708199977875
        ],
        "val_accuracy": [
            0.5126984119415283,
            0.5142857432365417,
            0.541269838809967,
            0.4841269850730896,
            0.49841269850730896,
            0.5190476179122925,
            0.5047619342803955,
            0.5126984119415283,
            0.5126984119415283,
            0.5190476179122925,
            0.5063492059707642,
            0.5222222208976746
        ],
        "val_loss": [
            0.825448751449585,
            0.7679167985916138,
            0.7806190252304077,
            0.896701991558075,
            1.098337173461914,
            1.269443392753601,
            1.0621453523635864,
            1.281347393989563,
            1.3096518516540527,
            1.5337775945663452,
            1.622973084449768,
            1.6260321140289307
        ],
        "learning_rate": [
            0.0010000000474974513,
            0.0010000000474974513,
            0.0010000000474974513,
            0.0010000000474974513,
            0.0010000000474974513,
            0.0010000000474974513,
            0.0010000000474974513,
            0.0005000000237487257,
            0.0005000000237487257,
            0.0005000000237487257,
            0.0005000000237487257,
            0.0005000000237487257
        ]
    },
    "evaluation_metrics": {
        "accuracy": 0.43423137876386686,
        "precision": 0.4788087489190267,
        "recall": 0.43423137876386686,
        "f1": 0.36717179158020596,
        "classification_report": {
            "0": {
                "precision": 0.4169811320754717,
                "recall": 0.8215613382899628,
                "f1-score": 0.5531914893617021,
                "support": 269.0
            },
            "1": {
                "precision": 0.5247524752475248,
                "recall": 0.1464088397790055,
                "f1-score": 0.22894168466522677,
                "support": 362.0
            },
            "accuracy": 0.43423137876386686,
            "macro avg": {
                "precision": 0.47086680366149825,
                "recall": 0.4839850890344842,
                "f1-score": 0.3910665870134645,
                "support": 631.0
            },
            "weighted avg": {
                "precision": 0.4788087489190267,
                "recall": 0.43423137876386686,
                "f1-score": 0.36717179158020596,
                "support": 631.0
            }
        },
        "confusion_matrix": [
            [
                221,
                48
            ],
            [
                309,
                53
            ]
        ]
    }
}