{
    "timestamp": "2025-04-28 22:52:51",
    "training_history": {
        "accuracy": [
            0.5308178663253784,
            0.565734326839447,
            0.5920467972755432,
            0.6267129778862,
            0.6550278663635254,
            0.6839058995246887,
            0.7243601679801941,
            0.7430073022842407,
            0.7533007860183716,
            0.7680683135986328,
            0.7747950553894043
        ],
        "loss": [
            0.7368768453598022,
            0.6983816623687744,
            0.6809474229812622,
            0.6624789834022522,
            0.6402294039726257,
            0.6160273551940918,
            0.567874550819397,
            0.5415906310081482,
            0.5262439250946045,
            0.5112741589546204,
            0.4959981143474579
        ],
        "val_accuracy": [
            0.48334625363349915,
            0.49031758308410645,
            0.5243996977806091,
            0.5011618733406067,
            0.5213013291358948,
            0.4996126890182495,
            0.5267234444618225,
            0.5189775228500366,
            0.5205267071723938,
            0.494965136051178,
            0.5081332325935364
        ],
        "val_loss": [
            0.7656831741333008,
            0.7776088118553162,
            0.799498975276947,
            0.8359373807907104,
            0.908591628074646,
            1.0381182432174683,
            1.0188454389572144,
            1.129390835762024,
            1.028930425643921,
            1.2175694704055786,
            1.1092207431793213
        ],
        "learning_rate": [
            0.0010000000474974513,
            0.0010000000474974513,
            0.0010000000474974513,
            0.0010000000474974513,
            0.0010000000474974513,
            0.0010000000474974513,
            0.0005000000237487257,
            0.0005000000237487257,
            0.0005000000237487257,
            0.0005000000237487257,
            0.0005000000237487257
        ]
    },
    "evaluation_metrics": {
        "accuracy": 0.47095274980635166,
        "precision": 0.5186525735990879,
        "recall": 0.47095274980635166,
        "f1": 0.40138776936367426,
        "classification_report": {
            "0": {
                "precision": 0.45305378304466726,
                "recall": 0.8568965517241379,
                "f1-score": 0.5927251043530113,
                "support": 580.0
            },
            "1": {
                "precision": 0.5721649484536082,
                "recall": 0.15611814345991562,
                "f1-score": 0.24530386740331495,
                "support": 711.0
            },
            "accuracy": 0.47095274980635166,
            "macro avg": {
                "precision": 0.5126093657491377,
                "recall": 0.5065073475920268,
                "f1-score": 0.41901448587816315,
                "support": 1291.0
            },
            "weighted avg": {
                "precision": 0.5186525735990879,
                "recall": 0.47095274980635166,
                "f1-score": 0.40138776936367426,
                "support": 1291.0
            }
        },
        "confusion_matrix": [
            [
                497,
                83
            ],
            [
                600,
                111
            ]
        ]
    }
}