{
    "timestamp": "2025-04-28 20:20:38",
    "training_history": {
        "accuracy": [
            0.5312578082084656,
            0.5539765357971191,
            0.5752617716789246,
            0.5977000594139099,
            0.6221017241477966,
            0.6373722553253174,
            0.6533595323562622,
            0.6840875148773193,
            0.7007604241371155,
            0.7035963535308838,
            0.7182124257087708,
            0.7218897938728333
        ],
        "loss": [
            0.7396500110626221,
            0.6989231705665588,
            0.6827964782714844,
            0.6690812110900879,
            0.6498565673828125,
            0.6373429298400879,
            0.6217518448829651,
            0.5855622887611389,
            0.5693503618240356,
            0.559895932674408,
            0.5449292063713074,
            0.5368539094924927
        ],
        "val_accuracy": [
            0.529007613658905,
            0.5022900700569153,
            0.4793893098831177,
            0.5030534267425537,
            0.48778626322746277,
            0.4969465732574463,
            0.5267175436019897,
            0.5320610404014587,
            0.5152671933174133,
            0.5259541869163513,
            0.5213740468025208,
            0.5198473334312439
        ],
        "val_loss": [
            0.7240975499153137,
            0.7184718251228333,
            0.7473264336585999,
            0.7689144015312195,
            0.7622798681259155,
            0.8225598931312561,
            0.8555226922035217,
            0.8211926221847534,
            0.8748253583908081,
            0.8848468661308289,
            0.9015424847602844,
            0.8924347162246704
        ],
        "learning_rate": [
            0.0010000000474974513,
            0.0010000000474974513,
            0.0010000000474974513,
            0.0010000000474974513,
            0.0010000000474974513,
            0.0010000000474974513,
            0.0010000000474974513,
            0.0005000000237487257,
            0.0005000000237487257,
            0.0005000000237487257,
            0.0005000000237487257,
            0.0005000000237487257
        ]
    },
    "evaluation_metrics": {
        "accuracy": 0.45614035087719296,
        "precision": 0.4555390115675323,
        "recall": 0.45614035087719296,
        "f1": 0.429848590798445,
        "classification_report": {
            "0": {
                "precision": 0.45686900958466453,
                "recall": 0.6787974683544303,
                "f1-score": 0.5461489497135583,
                "support": 632.0
            },
            "1": {
                "precision": 0.4543010752688172,
                "recall": 0.24889543446244478,
                "f1-score": 0.3215984776403425,
                "support": 679.0
            },
            "accuracy": 0.45614035087719296,
            "macro avg": {
                "precision": 0.45558504242674086,
                "recall": 0.46384645140843755,
                "f1-score": 0.4338737136769504,
                "support": 1311.0
            },
            "weighted avg": {
                "precision": 0.4555390115675323,
                "recall": 0.45614035087719296,
                "f1-score": 0.429848590798445,
                "support": 1311.0
            }
        },
        "confusion_matrix": [
            [
                429,
                203
            ],
            [
                510,
                169
            ]
        ]
    }
}