{
    "timestamp": "2025-04-28 20:21:56",
    "training_history": {
        "accuracy": [
            0.5427923202514648,
            0.575210690498352,
            0.59804767370224,
            0.6231899857521057,
            0.6494849324226379,
            0.6667026877403259,
            0.6861537098884583,
            0.7187162041664124,
            0.7333405613899231,
            0.7444348335266113,
            0.7515308856964111,
            0.7656148672103882
        ],
        "loss": [
            0.7326767444610596,
            0.6900419592857361,
            0.6705277562141418,
            0.6490063071250916,
            0.6250736713409424,
            0.6081191897392273,
            0.5919184684753418,
            0.5496029853820801,
            0.5331032872200012,
            0.5177980065345764,
            0.5041437149047852,
            0.4908381998538971
        ],
        "val_accuracy": [
            0.5198556184768677,
            0.454873651266098,
            0.48465704917907715,
            0.5270758271217346,
            0.5171480178833008,
            0.5243682265281677,
            0.5361011028289795,
            0.5370036363601685,
            0.5370036363601685,
            0.5297833681106567,
            0.5153429508209229,
            0.5478339195251465
        ],
        "val_loss": [
            0.7216941118240356,
            0.7192986011505127,
            0.7559046149253845,
            0.7562005519866943,
            0.8175272941589355,
            0.7666770219802856,
            0.8046595454216003,
            0.8002661466598511,
            0.9169698357582092,
            0.8656154274940491,
            0.8068593740463257,
            1.0486629009246826
        ],
        "learning_rate": [
            0.0010000000474974513,
            0.0010000000474974513,
            0.0010000000474974513,
            0.0010000000474974513,
            0.0010000000474974513,
            0.0010000000474974513,
            0.0010000000474974513,
            0.0005000000237487257,
            0.0005000000237487257,
            0.0005000000237487257,
            0.0005000000237487257,
            0.0005000000237487257
        ]
    },
    "evaluation_metrics": {
        "accuracy": 0.4661857529305681,
        "precision": 0.45965161321912046,
        "recall": 0.4661857529305681,
        "f1": 0.3790042847904851,
        "classification_report": {
            "0": {
                "precision": 0.4681724845995893,
                "recall": 0.8603773584905661,
                "f1-score": 0.6063829787234043,
                "support": 530.0
            },
            "1": {
                "precision": 0.45185185185185184,
                "recall": 0.10535405872193437,
                "f1-score": 0.17086834733893558,
                "support": 579.0
            },
            "accuracy": 0.4661857529305681,
            "macro avg": {
                "precision": 0.46001216822572055,
                "recall": 0.4828657086062502,
                "f1-score": 0.38862566303116997,
                "support": 1109.0
            },
            "weighted avg": {
                "precision": 0.45965161321912046,
                "recall": 0.4661857529305681,
                "f1-score": 0.3790042847904851,
                "support": 1109.0
            }
        },
        "confusion_matrix": [
            [
                456,
                74
            ],
            [
                518,
                61
            ]
        ]
    }
}