{
    "timestamp": "2025-04-28 20:32:28",
    "training_history": {
        "accuracy": [
            0.5331012010574341,
            0.5557178258895874,
            0.5751516222953796,
            0.5941736102104187,
            0.6115854382514954,
            0.6317681670188904,
            0.665805459022522,
            0.6801467537879944,
            0.6906687617301941,
            0.7052721977233887,
            0.7146708369255066
        ],
        "loss": [
            0.7511829733848572,
            0.706386148929596,
            0.687998354434967,
            0.6792582273483276,
            0.6651361584663391,
            0.6513063907623291,
            0.6177894473075867,
            0.6025493144989014,
            0.590903103351593,
            0.5766851305961609,
            0.564878523349762
        ],
        "val_accuracy": [
            0.49369367957115173,
            0.4630630612373352,
            0.50090092420578,
            0.46216216683387756,
            0.4558558464050293,
            0.4630630612373352,
            0.45945945382118225,
            0.4567567706108093,
            0.477477490901947,
            0.4612612724304199,
            0.477477490901947
        ],
        "val_loss": [
            0.7316422462463379,
            0.7332297563552856,
            0.746188223361969,
            0.7626351118087769,
            0.8603260517120361,
            0.8032031655311584,
            0.9008301496505737,
            0.9310961365699768,
            0.9511885046958923,
            0.9694201946258545,
            0.9876800179481506
        ],
        "learning_rate": [
            0.0010000000474974513,
            0.0010000000474974513,
            0.0010000000474974513,
            0.0010000000474974513,
            0.0010000000474974513,
            0.0010000000474974513,
            0.0005000000237487257,
            0.0005000000237487257,
            0.0005000000237487257,
            0.0005000000237487257,
            0.0005000000237487257
        ]
    },
    "evaluation_metrics": {
        "accuracy": 0.45004500450045004,
        "precision": 0.5037089843438125,
        "recall": 0.45004500450045004,
        "f1": 0.3095536685787618,
        "classification_report": {
            "0": {
                "precision": 0.446311858076564,
                "recall": 0.9637096774193549,
                "f1-score": 0.6100829610721124,
                "support": 496.0
            },
            "1": {
                "precision": 0.55,
                "recall": 0.03577235772357724,
                "f1-score": 0.06717557251908397,
                "support": 615.0
            },
            "accuracy": 0.45004500450045004,
            "macro avg": {
                "precision": 0.498155929038282,
                "recall": 0.49974101757146605,
                "f1-score": 0.3386292667955982,
                "support": 1111.0
            },
            "weighted avg": {
                "precision": 0.5037089843438125,
                "recall": 0.45004500450045004,
                "f1-score": 0.3095536685787618,
                "support": 1111.0
            }
        },
        "confusion_matrix": [
            [
                478,
                18
            ],
            [
                593,
                22
            ]
        ]
    }
}