{
    "timestamp": "2025-04-28 20:22:12",
    "training_history": {
        "accuracy": [
            0.5755673050880432,
            0.6417713165283203,
            0.6892487406730652,
            0.7202026844024658,
            0.7487332224845886,
            0.7748402953147888,
            0.8075567483901978,
            0.8205552101135254,
            0.8331130146980286,
            0.837959885597229,
            0.8480942845344543
        ],
        "loss": [
            0.7397832870483398,
            0.6724334359169006,
            0.6267608404159546,
            0.5848247408866882,
            0.5496764183044434,
            0.5153310894966125,
            0.4658634066581726,
            0.44051992893218994,
            0.427729070186615,
            0.40912187099456787,
            0.39352092146873474
        ],
        "val_accuracy": [
            0.5451807379722595,
            0.5843373537063599,
            0.5813252925872803,
            0.5481927990913391,
            0.5843373537063599,
            0.5481927990913391,
            0.5662650465965271,
            0.5632529854774475,
            0.5361445546150208,
            0.5391566157341003,
            0.5753012299537659
        ],
        "val_loss": [
            0.7816817760467529,
            0.8123399019241333,
            0.8044483065605164,
            0.8724705576896667,
            0.8257359862327576,
            0.8844121694564819,
            0.9700739979743958,
            0.9287192225456238,
            0.9689717888832092,
            0.954110860824585,
            0.9116992354393005
        ],
        "learning_rate": [
            0.0010000000474974513,
            0.0010000000474974513,
            0.0010000000474974513,
            0.0010000000474974513,
            0.0010000000474974513,
            0.0010000000474974513,
            0.0005000000237487257,
            0.0005000000237487257,
            0.0005000000237487257,
            0.0005000000237487257,
            0.0005000000237487257
        ]
    },
    "evaluation_metrics": {
        "accuracy": 0.4954954954954955,
        "precision": 0.5331746066259341,
        "recall": 0.4954954954954955,
        "f1": 0.4851255733779724,
        "classification_report": {
            "0": {
                "precision": 0.4409090909090909,
                "recall": 0.6830985915492958,
                "f1-score": 0.5359116022099448,
                "support": 142.0
            },
            "1": {
                "precision": 0.6017699115044248,
                "recall": 0.35602094240837695,
                "f1-score": 0.4473684210526316,
                "support": 191.0
            },
            "accuracy": 0.4954954954954955,
            "macro avg": {
                "precision": 0.5213395012067579,
                "recall": 0.5195597669788363,
                "f1-score": 0.49164001163128823,
                "support": 333.0
            },
            "weighted avg": {
                "precision": 0.5331746066259341,
                "recall": 0.4954954954954955,
                "f1-score": 0.4851255733779724,
                "support": 333.0
            }
        },
        "confusion_matrix": [
            [
                97,
                45
            ],
            [
                123,
                68
            ]
        ]
    }
}