{
    "timestamp": "2025-04-28 20:26:44",
    "training_history": {
        "accuracy": [
            0.5282760858535767,
            0.5650889873504639,
            0.6059361696243286,
            0.6423888802528381,
            0.6721057295799255,
            0.6978603601455688,
            0.7365463376045227,
            0.7559974193572998,
            0.770513653755188,
            0.7784741520881653,
            0.7920898795127869
        ],
        "loss": [
            0.7270420789718628,
            0.693228542804718,
            0.6723412275314331,
            0.646378755569458,
            0.6206574440002441,
            0.5979639887809753,
            0.547945499420166,
            0.5225220322608948,
            0.5065571069717407,
            0.4890109896659851,
            0.4734156131744385
        ],
        "val_accuracy": [
            0.5199999809265137,
            0.4827907085418701,
            0.45767441391944885,
            0.4362790584564209,
            0.44837209582328796,
            0.4753488302230835,
            0.46418604254722595,
            0.47069767117500305,
            0.46046510338783264,
            0.45395347476005554,
            0.442790687084198
        ],
        "val_loss": [
            0.7048051953315735,
            0.8090542554855347,
            0.8476396203041077,
            1.0183762311935425,
            0.9967328310012817,
            0.815680742263794,
            1.0698013305664062,
            1.073790431022644,
            1.0467681884765625,
            1.0017247200012207,
            1.0406274795532227
        ],
        "learning_rate": [
            0.0010000000474974513,
            0.0010000000474974513,
            0.0010000000474974513,
            0.0010000000474974513,
            0.0010000000474974513,
            0.0010000000474974513,
            0.0005000000237487257,
            0.0005000000237487257,
            0.0005000000237487257,
            0.0005000000237487257,
            0.0005000000237487257
        ]
    },
    "evaluation_metrics": {
        "accuracy": 0.516728624535316,
        "precision": 0.520630172658051,
        "recall": 0.516728624535316,
        "f1": 0.5175646069038563,
        "classification_report": {
            "0": {
                "precision": 0.47513812154696133,
                "recall": 0.5233265720081136,
                "f1-score": 0.4980694980694981,
                "support": 493.0
            },
            "1": {
                "precision": 0.5590994371482176,
                "recall": 0.5111492281303602,
                "f1-score": 0.5340501792114696,
                "support": 583.0
            },
            "accuracy": 0.516728624535316,
            "macro avg": {
                "precision": 0.5171187793475895,
                "recall": 0.5172379000692369,
                "f1-score": 0.5160598386404838,
                "support": 1076.0
            },
            "weighted avg": {
                "precision": 0.520630172658051,
                "recall": 0.516728624535316,
                "f1-score": 0.5175646069038563,
                "support": 1076.0
            }
        },
        "confusion_matrix": [
            [
                258,
                235
            ],
            [
                285,
                298
            ]
        ]
    }
}