{
    "timestamp": "2025-04-28 20:25:05",
    "training_history": {
        "accuracy": [
            0.5419648885726929,
            0.5706643462181091,
            0.6019301414489746,
            0.6259307265281677,
            0.6447263956069946,
            0.6667389869689941,
            0.7051615715026855,
            0.7181016206741333,
            0.7302464842796326,
            0.7455360293388367,
            0.7548977136611938
        ],
        "loss": [
            0.7293439507484436,
            0.6925379037857056,
            0.6709097623825073,
            0.651168167591095,
            0.6341192722320557,
            0.6135213971138,
            0.5738584995269775,
            0.5553392767906189,
            0.5415193438529968,
            0.5270969867706299,
            0.513748288154602
        ],
        "val_accuracy": [
            0.5062836408615112,
            0.5260323286056519,
            0.5026929974555969,
            0.5053859949111938,
            0.5179533362388611,
            0.5107719898223877,
            0.5152603387832642,
            0.4892280101776123,
            0.5107719898223877,
            0.4856373369693756,
            0.5017953515052795
        ],
        "val_loss": [
            0.7276907563209534,
            0.7352756857872009,
            0.7804441452026367,
            0.8364694714546204,
            0.8665043711662292,
            0.9969095587730408,
            0.993736743927002,
            1.0728434324264526,
            1.11920166015625,
            1.15976083278656,
            1.2323585748672485
        ],
        "learning_rate": [
            0.0010000000474974513,
            0.0010000000474974513,
            0.0010000000474974513,
            0.0010000000474974513,
            0.0010000000474974513,
            0.0010000000474974513,
            0.0005000000237487257,
            0.0005000000237487257,
            0.0005000000237487257,
            0.0005000000237487257,
            0.0005000000237487257
        ]
    },
    "evaluation_metrics": {
        "accuracy": 0.47755834829443444,
        "precision": 0.6115921817560058,
        "recall": 0.47755834829443444,
        "f1": 0.35803464247394645,
        "classification_report": {
            "0": {
                "precision": 0.46190476190476193,
                "recall": 0.9661354581673307,
                "f1-score": 0.625,
                "support": 502.0
            },
            "1": {
                "precision": 0.734375,
                "recall": 0.07679738562091504,
                "f1-score": 0.13905325443786984,
                "support": 612.0
            },
            "accuracy": 0.47755834829443444,
            "macro avg": {
                "precision": 0.598139880952381,
                "recall": 0.5214664218941228,
                "f1-score": 0.38202662721893493,
                "support": 1114.0
            },
            "weighted avg": {
                "precision": 0.6115921817560058,
                "recall": 0.47755834829443444,
                "f1-score": 0.35803464247394645,
                "support": 1114.0
            }
        },
        "confusion_matrix": [
            [
                485,
                17
            ],
            [
                565,
                47
            ]
        ]
    }
}