{
    "timestamp": "2025-04-28 20:21:08",
    "training_history": {
        "accuracy": [
            0.538657546043396,
            0.5719475150108337,
            0.6071351170539856,
            0.6455215811729431,
            0.6764801740646362,
            0.7028301954269409,
            0.7425721287727356,
            0.7664823532104492,
            0.780307948589325,
            0.7857297658920288,
            0.7943504452705383
        ],
        "loss": [
            0.74760901927948,
            0.6999781727790833,
            0.6707899570465088,
            0.6444532871246338,
            0.6157103180885315,
            0.5908035039901733,
            0.5398383140563965,
            0.5125839710235596,
            0.4945147633552551,
            0.4845002591609955,
            0.46828120946884155
        ],
        "val_accuracy": [
            0.5006992816925049,
            0.4839160740375519,
            0.451748251914978,
            0.4769230782985687,
            0.4979020953178406,
            0.5020979046821594,
            0.5020979046821594,
            0.5160838961601257,
            0.5006992816925049,
            0.49370628595352173,
            0.4811188876628876
        ],
        "val_loss": [
            0.7455068826675415,
            0.7703505158424377,
            0.7978090643882751,
            0.8125333189964294,
            0.8406875729560852,
            0.877487063407898,
            0.9148567914962769,
            0.9632836580276489,
            0.9802263379096985,
            1.0135622024536133,
            1.033787488937378
        ],
        "learning_rate": [
            0.0010000000474974513,
            0.0010000000474974513,
            0.0010000000474974513,
            0.0010000000474974513,
            0.0010000000474974513,
            0.0010000000474974513,
            0.0005000000237487257,
            0.0005000000237487257,
            0.0005000000237487257,
            0.0005000000237487257,
            0.0005000000237487257
        ]
    },
    "evaluation_metrics": {
        "accuracy": 0.4245810055865922,
        "precision": 0.6051213464025417,
        "recall": 0.4245810055865922,
        "f1": 0.3005874669102839,
        "classification_report": {
            "0": {
                "precision": 0.40707964601769914,
                "recall": 0.965034965034965,
                "f1-score": 0.5726141078838175,
                "support": 286.0
            },
            "1": {
                "precision": 0.7368421052631579,
                "recall": 0.06511627906976744,
                "f1-score": 0.11965811965811965,
                "support": 430.0
            },
            "accuracy": 0.4245810055865922,
            "macro avg": {
                "precision": 0.5719608756404285,
                "recall": 0.5150756220523662,
                "f1-score": 0.3461361137709686,
                "support": 716.0
            },
            "weighted avg": {
                "precision": 0.6051213464025417,
                "recall": 0.4245810055865922,
                "f1-score": 0.3005874669102839,
                "support": 716.0
            }
        },
        "confusion_matrix": [
            [
                276,
                10
            ],
            [
                402,
                28
            ]
        ]
    }
}