{
    "timestamp": "2025-04-28 20:32:43",
    "training_history": {
        "accuracy": [
            0.5934411287307739,
            0.6607142686843872,
            0.7163072824478149,
            0.7470799684524536,
            0.7750449180603027,
            0.7951482534408569,
            0.8181716203689575,
            0.837151825428009,
            0.8509658575057983,
            0.8555705547332764,
            0.8653414249420166
        ],
        "loss": [
            0.7417873740196228,
            0.6701030731201172,
            0.6101796627044678,
            0.5632070899009705,
            0.5214765071868896,
            0.4887089431285858,
            0.43658462166786194,
            0.41472309827804565,
            0.3943600654602051,
            0.3793511390686035,
            0.3648281991481781
        ],
        "val_accuracy": [
            0.5105740427970886,
            0.48036253452301025,
            0.5256797671318054,
            0.5075528621673584,
            0.5377643704414368,
            0.4864048361778259,
            0.4743202328681946,
            0.4833836853504181,
            0.4743202328681946,
            0.4380664527416229,
            0.4682779312133789
        ],
        "val_loss": [
            0.7691559791564941,
            0.7985128164291382,
            0.8103305101394653,
            0.8412436842918396,
            0.9124246835708618,
            1.0005624294281006,
            1.070633053779602,
            1.1444878578186035,
            1.1941792964935303,
            1.280545711517334,
            1.2979669570922852
        ],
        "learning_rate": [
            0.0010000000474974513,
            0.0010000000474974513,
            0.0010000000474974513,
            0.0010000000474974513,
            0.0010000000474974513,
            0.0010000000474974513,
            0.0005000000237487257,
            0.0005000000237487257,
            0.0005000000237487257,
            0.0005000000237487257,
            0.0005000000237487257
        ]
    },
    "evaluation_metrics": {
        "accuracy": 0.4879518072289157,
        "precision": 0.500524342490583,
        "recall": 0.4879518072289157,
        "f1": 0.4752615477584318,
        "classification_report": {
            "0": {
                "precision": 0.4657534246575342,
                "recall": 0.6580645161290323,
                "f1-score": 0.5454545454545454,
                "support": 155.0
            },
            "1": {
                "precision": 0.5309734513274337,
                "recall": 0.3389830508474576,
                "f1-score": 0.41379310344827586,
                "support": 177.0
            },
            "accuracy": 0.4879518072289157,
            "macro avg": {
                "precision": 0.49836343799248395,
                "recall": 0.49852378348824494,
                "f1-score": 0.4796238244514106,
                "support": 332.0
            },
            "weighted avg": {
                "precision": 0.500524342490583,
                "recall": 0.4879518072289157,
                "f1-score": 0.4752615477584318,
                "support": 332.0
            }
        },
        "confusion_matrix": [
            [
                102,
                53
            ],
            [
                117,
                60
            ]
        ]
    }
}