{
    "timestamp": "2025-04-28 20:25:29",
    "training_history": {
        "accuracy": [
            0.5922107696533203,
            0.6718212962150574,
            0.7199312448501587,
            0.7571592330932617,
            0.7908075451850891,
            0.8092783689498901,
            0.8483676910400391,
            0.8586769700050354,
            0.8676975965499878,
            0.8755727410316467,
            0.8807273507118225
        ],
        "loss": [
            0.7337741851806641,
            0.6541069149971008,
            0.5987443327903748,
            0.5516097545623779,
            0.5060726404190063,
            0.4744007885456085,
            0.416390985250473,
            0.3965725600719452,
            0.38240307569503784,
            0.362088680267334,
            0.34714049100875854
        ],
        "val_accuracy": [
            0.3726235628128052,
            0.4182509481906891,
            0.4752851724624634,
            0.44486692547798157,
            0.41444867849349976,
            0.4600760340690613,
            0.45627376437187195,
            0.48288974165916443,
            0.4600760340690613,
            0.45627376437187195,
            0.44106462597846985
        ],
        "val_loss": [
            0.8397026658058167,
            0.8765508532524109,
            0.8689339756965637,
            1.0207918882369995,
            1.158078908920288,
            1.1907814741134644,
            1.1354931592941284,
            1.1412245035171509,
            1.3112529516220093,
            1.1332076787948608,
            1.2944447994232178
        ],
        "learning_rate": [
            0.0010000000474974513,
            0.0010000000474974513,
            0.0010000000474974513,
            0.0010000000474974513,
            0.0010000000474974513,
            0.0010000000474974513,
            0.0005000000237487257,
            0.0005000000237487257,
            0.0005000000237487257,
            0.0005000000237487257,
            0.0005000000237487257
        ]
    },
    "evaluation_metrics": {
        "accuracy": 0.4790874524714829,
        "precision": 0.547632416659298,
        "recall": 0.4790874524714829,
        "f1": 0.4255117339917782,
        "classification_report": {
            "0": {
                "precision": 0.44651162790697674,
                "recall": 0.8421052631578947,
                "f1-score": 0.5835866261398176,
                "support": 114.0
            },
            "1": {
                "precision": 0.625,
                "recall": 0.20134228187919462,
                "f1-score": 0.3045685279187817,
                "support": 149.0
            },
            "accuracy": 0.4790874524714829,
            "macro avg": {
                "precision": 0.5357558139534884,
                "recall": 0.5217237725185446,
                "f1-score": 0.4440775770292996,
                "support": 263.0
            },
            "weighted avg": {
                "precision": 0.547632416659298,
                "recall": 0.4790874524714829,
                "f1-score": 0.4255117339917782,
                "support": 263.0
            }
        },
        "confusion_matrix": [
            [
                96,
                18
            ],
            [
                119,
                30
            ]
        ]
    }
}