{
    "timestamp": "2025-04-28 20:26:00",
    "training_history": {
        "accuracy": [
            0.5300189256668091,
            0.5686553120613098,
            0.6096117496490479,
            0.6344696879386902,
            0.6613636612892151,
            0.6841856241226196,
            0.7163825631141663,
            0.7369791865348816,
            0.7479640245437622,
            0.7578125,
            0.7683238387107849
        ],
        "loss": [
            0.7430827021598816,
            0.6993323564529419,
            0.6717021465301514,
            0.649539053440094,
            0.6223300099372864,
            0.599353551864624,
            0.5582901239395142,
            0.5342548489570618,
            0.5206754207611084,
            0.5093160271644592,
            0.4936501383781433
        ],
        "val_accuracy": [
            0.5510441064834595,
            0.4675174057483673,
            0.48259860277175903,
            0.47795823216438293,
            0.5266821384429932,
            0.45591646432876587,
            0.4802784323692322,
            0.4628770351409912,
            0.4814385175704956,
            0.47447794675827026,
            0.46519720554351807
        ],
        "val_loss": [
            0.720122218132019,
            0.8011435866355896,
            0.7784144282341003,
            0.7916505932807922,
            0.7474258542060852,
            0.9850607514381409,
            0.9565784335136414,
            0.9085976481437683,
            0.9650901556015015,
            1.0593411922454834,
            1.1853339672088623
        ],
        "learning_rate": [
            0.0010000000474974513,
            0.0010000000474974513,
            0.0010000000474974513,
            0.0010000000474974513,
            0.0010000000474974513,
            0.0010000000474974513,
            0.0005000000237487257,
            0.0005000000237487257,
            0.0005000000237487257,
            0.0005000000237487257,
            0.0005000000237487257
        ]
    },
    "evaluation_metrics": {
        "accuracy": 0.4872389791183295,
        "precision": 0.750468213996028,
        "recall": 0.4872389791183295,
        "f1": 0.32054473085324303,
        "classification_report": {
            "0": {
                "precision": 1.0,
                "recall": 0.002257336343115124,
                "f1-score": 0.0045045045045045045,
                "support": 443.0
            },
            "1": {
                "precision": 0.48664343786295006,
                "recall": 1.0,
                "f1-score": 0.6546875,
                "support": 419.0
            },
            "accuracy": 0.4872389791183295,
            "macro avg": {
                "precision": 0.743321718931475,
                "recall": 0.5011286681715575,
                "f1-score": 0.3295960022522522,
                "support": 862.0
            },
            "weighted avg": {
                "precision": 0.750468213996028,
                "recall": 0.4872389791183295,
                "f1-score": 0.32054473085324303,
                "support": 862.0
            }
        },
        "confusion_matrix": [
            [
                1,
                442
            ],
            [
                0,
                419
            ]
        ]
    }
}