{
    "timestamp": "2025-04-28 20:27:38",
    "training_history": {
        "accuracy": [
            0.5262404680252075,
            0.5676685571670532,
            0.6030799150466919,
            0.6373515725135803,
            0.6687871217727661,
            0.6917673945426941,
            0.7268076539039612,
            0.7430290579795837,
            0.7560697793960571,
            0.7687394022941589,
            0.7744380831718445
        ],
        "loss": [
            0.732056736946106,
            0.6938745975494385,
            0.6735591292381287,
            0.6539615988731384,
            0.6293531656265259,
            0.6061886548995972,
            0.5628247261047363,
            0.5407142043113708,
            0.5241840481758118,
            0.5081812739372253,
            0.49603235721588135
        ],
        "val_accuracy": [
            0.5732483863830566,
            0.5121018886566162,
            0.4668789803981781,
            0.5828025341033936,
            0.5668789744377136,
            0.5490446090698242,
            0.5796178579330444,
            0.5636942386627197,
            0.5636942386627197,
            0.5528662204742432,
            0.5726114511489868
        ],
        "val_loss": [
            0.708800196647644,
            0.7306327223777771,
            0.859321653842926,
            0.9909079670906067,
            0.7823281288146973,
            0.9107930660247803,
            1.8250590562820435,
            1.0619380474090576,
            1.278443455696106,
            0.9593294858932495,
            1.5598620176315308
        ],
        "learning_rate": [
            0.0010000000474974513,
            0.0010000000474974513,
            0.0010000000474974513,
            0.0010000000474974513,
            0.0010000000474974513,
            0.0010000000474974513,
            0.0005000000237487257,
            0.0005000000237487257,
            0.0005000000237487257,
            0.0005000000237487257,
            0.0005000000237487257
        ]
    },
    "evaluation_metrics": {
        "accuracy": 0.5423297262889879,
        "precision": 0.4343672241189746,
        "recall": 0.5423297262889879,
        "f1": 0.3916012005268093,
        "classification_report": {
            "0": {
                "precision": 0.3,
                "recall": 0.008438818565400843,
                "f1-score": 0.016415868673050612,
                "support": 711.0
            },
            "1": {
                "precision": 0.5454545454545454,
                "recall": 0.9837209302325581,
                "f1-score": 0.7017834923268353,
                "support": 860.0
            },
            "accuracy": 0.5423297262889879,
            "macro avg": {
                "precision": 0.42272727272727273,
                "recall": 0.4960798743989795,
                "f1-score": 0.35909968049994295,
                "support": 1571.0
            },
            "weighted avg": {
                "precision": 0.4343672241189746,
                "recall": 0.5423297262889879,
                "f1-score": 0.3916012005268093,
                "support": 1571.0
            }
        },
        "confusion_matrix": [
            [
                6,
                705
            ],
            [
                14,
                846
            ]
        ]
    }
}