{
    "timestamp": "2025-04-28 20:25:16",
    "training_history": {
        "accuracy": [
            0.6197132468223572,
            0.6922938823699951,
            0.7356630563735962,
            0.769713282585144,
            0.7964157462120056,
            0.8173835277557373,
            0.8388888835906982,
            0.8483871221542358,
            0.856093168258667,
            0.8636200428009033,
            0.8740143179893494
        ],
        "loss": [
            0.7212916016578674,
            0.638062596321106,
            0.5808295607566833,
            0.5362514853477478,
            0.49617674946784973,
            0.46340641379356384,
            0.4181295931339264,
            0.3966589570045471,
            0.3820438086986542,
            0.36816689372062683,
            0.3628188967704773
        ],
        "val_accuracy": [
            0.5092592835426331,
            0.5416666865348816,
            0.5277777910232544,
            0.5231481194496155,
            0.5138888955116272,
            0.5277777910232544,
            0.5231481194496155,
            0.5185185074806213,
            0.5138888955116272,
            0.5370370149612427,
            0.5416666865348816
        ],
        "val_loss": [
            0.810895562171936,
            0.8746340274810791,
            1.036997675895691,
            1.076210856437683,
            1.2615617513656616,
            1.0701130628585815,
            1.4727379083633423,
            1.3771157264709473,
            1.3665229082107544,
            1.5221269130706787,
            1.6463124752044678
        ],
        "learning_rate": [
            0.0010000000474974513,
            0.0010000000474974513,
            0.0010000000474974513,
            0.0010000000474974513,
            0.0010000000474974513,
            0.0010000000474974513,
            0.0005000000237487257,
            0.0005000000237487257,
            0.0005000000237487257,
            0.0005000000237487257,
            0.0005000000237487257
        ]
    },
    "evaluation_metrics": {
        "accuracy": 0.511520737327189,
        "precision": 0.5311902888614141,
        "recall": 0.511520737327189,
        "f1": 0.45966881858042496,
        "classification_report": {
            "0": {
                "precision": 0.5,
                "recall": 0.8301886792452831,
                "f1-score": 0.624113475177305,
                "support": 106.0
            },
            "1": {
                "precision": 0.5609756097560976,
                "recall": 0.2072072072072072,
                "f1-score": 0.3026315789473684,
                "support": 111.0
            },
            "accuracy": 0.511520737327189,
            "macro avg": {
                "precision": 0.5304878048780488,
                "recall": 0.5186979432262451,
                "f1-score": 0.46337252706233667,
                "support": 217.0
            },
            "weighted avg": {
                "precision": 0.5311902888614141,
                "recall": 0.511520737327189,
                "f1-score": 0.45966881858042496,
                "support": 217.0
            }
        },
        "confusion_matrix": [
            [
                88,
                18
            ],
            [
                88,
                23
            ]
        ]
    }
}