{
    "timestamp": "2025-04-28 20:30:29",
    "training_history": {
        "accuracy": [
            0.5256528854370117,
            0.5454592108726501,
            0.5830371379852295,
            0.6145366430282593,
            0.6409364938735962,
            0.6631638407707214,
            0.6879410743713379,
            0.7199041843414307,
            0.7358986139297485,
            0.7467933893203735,
            0.7571988105773926,
            0.7625817656517029
        ],
        "loss": [
            0.7341429591178894,
            0.7002969980239868,
            0.6836980581283569,
            0.6665235757827759,
            0.6463499665260315,
            0.625069797039032,
            0.6049738526344299,
            0.5616114735603333,
            0.5455960035324097,
            0.529188334941864,
            0.5143308043479919,
            0.5080395936965942
        ],
        "val_accuracy": [
            0.5324840545654297,
            0.5350318551063538,
            0.553503155708313,
            0.5210191011428833,
            0.5140127539634705,
            0.5089172124862671,
            0.5146496891975403,
            0.49617835879325867,
            0.49872612953186035,
            0.5165604948997498,
            0.5159235596656799,
            0.53121018409729
        ],
        "val_loss": [
            0.7153539657592773,
            0.7059831023216248,
            0.7080739140510559,
            0.7463715076446533,
            0.7530096769332886,
            0.7682099342346191,
            0.7826001048088074,
            0.8390939831733704,
            0.8730917572975159,
            0.9274227619171143,
            0.9558812975883484,
            0.9710864424705505
        ],
        "learning_rate": [
            0.0010000000474974513,
            0.0010000000474974513,
            0.0010000000474974513,
            0.0010000000474974513,
            0.0010000000474974513,
            0.0010000000474974513,
            0.0010000000474974513,
            0.0005000000237487257,
            0.0005000000237487257,
            0.0005000000237487257,
            0.0005000000237487257,
            0.0005000000237487257
        ]
    },
    "evaluation_metrics": {
        "accuracy": 0.4824952259707193,
        "precision": 0.5245898875752784,
        "recall": 0.4824952259707193,
        "f1": 0.4380191986120403,
        "classification_report": {
            "0": {
                "precision": 0.45645161290322583,
                "recall": 0.8028368794326242,
                "f1-score": 0.5820051413881748,
                "support": 705.0
            },
            "1": {
                "precision": 0.5800604229607251,
                "recall": 0.22170900692840648,
                "f1-score": 0.32080200501253137,
                "support": 866.0
            },
            "accuracy": 0.4824952259707193,
            "macro avg": {
                "precision": 0.5182560179319755,
                "recall": 0.5122729431805153,
                "f1-score": 0.45140357320035307,
                "support": 1571.0
            },
            "weighted avg": {
                "precision": 0.5245898875752784,
                "recall": 0.4824952259707193,
                "f1-score": 0.4380191986120403,
                "support": 1571.0
            }
        },
        "confusion_matrix": [
            [
                566,
                139
            ],
            [
                674,
                192
            ]
        ]
    }
}