{
    "timestamp": "2025-04-28 20:28:26",
    "training_history": {
        "accuracy": [
            0.5408458709716797,
            0.5656640529632568,
            0.5981077551841736,
            0.6333404183387756,
            0.6701616644859314,
            0.6946621537208557,
            0.7209983468055725,
            0.7548894882202148,
            0.7719409465789795,
            0.7844030261039734,
            0.7942526340484619,
            0.8021252751350403
        ],
        "loss": [
            0.7324637770652771,
            0.693821370601654,
            0.6752174496650696,
            0.6513829231262207,
            0.6235344409942627,
            0.5989338755607605,
            0.576518177986145,
            0.5266308188438416,
            0.504065990447998,
            0.4860498905181885,
            0.4706648290157318,
            0.45822763442993164
        ],
        "val_accuracy": [
            0.5432432293891907,
            0.5405405163764954,
            0.522522509098053,
            0.5144144296646118,
            0.5486486554145813,
            0.5243242979049683,
            0.5576576590538025,
            0.5054054260253906,
            0.5567567348480225,
            0.5108107924461365,
            0.5324324369430542,
            0.5063062906265259
        ],
        "val_loss": [
            0.760135293006897,
            0.7141245603561401,
            0.7236242294311523,
            0.7441149353981018,
            0.8377150893211365,
            0.9538443088531494,
            0.98720782995224,
            0.8606771230697632,
            0.8506283164024353,
            0.8998402953147888,
            0.8962048292160034,
            0.9687086343765259
        ],
        "learning_rate": [
            0.0010000000474974513,
            0.0010000000474974513,
            0.0010000000474974513,
            0.0010000000474974513,
            0.0010000000474974513,
            0.0010000000474974513,
            0.0010000000474974513,
            0.0005000000237487257,
            0.0005000000237487257,
            0.0005000000237487257,
            0.0005000000237487257,
            0.0005000000237487257
        ]
    },
    "evaluation_metrics": {
        "accuracy": 0.47434743474347435,
        "precision": 0.4281375676618649,
        "recall": 0.47434743474347435,
        "f1": 0.3444896711777964,
        "classification_report": {
            "0": {
                "precision": 0.3793103448275862,
                "recall": 0.03859649122807018,
                "f1-score": 0.07006369426751592,
                "support": 570.0
            },
            "1": {
                "precision": 0.4795821462488129,
                "recall": 0.933456561922366,
                "f1-score": 0.6336260978670013,
                "support": 541.0
            },
            "accuracy": 0.47434743474347435,
            "macro avg": {
                "precision": 0.42944624553819954,
                "recall": 0.4860265265752181,
                "f1-score": 0.3518448960672586,
                "support": 1111.0
            },
            "weighted avg": {
                "precision": 0.4281375676618649,
                "recall": 0.47434743474347435,
                "f1-score": 0.3444896711777964,
                "support": 1111.0
            }
        },
        "confusion_matrix": [
            [
                22,
                548
            ],
            [
                36,
                505
            ]
        ]
    }
}