{
    "timestamp": "2025-04-28 20:23:29",
    "training_history": {
        "accuracy": [
            0.5469422936439514,
            0.6007213592529297,
            0.6409345269203186,
            0.674849271774292,
            0.7075796723365784,
            0.7262058854103088,
            0.7483850121498108,
            0.7599591016769409,
            0.7910745143890381,
            0.8086778521537781,
            0.8131459951400757,
            0.8189061284065247,
            0.830534040927887
        ],
        "loss": [
            0.7414878010749817,
            0.686943531036377,
            0.6484304666519165,
            0.6127830147743225,
            0.5839483141899109,
            0.5552148222923279,
            0.5336758494377136,
            0.5149189233779907,
            0.4669562578201294,
            0.4461658298969269,
            0.4346042573451996,
            0.4216253161430359,
            0.4086425304412842
        ],
        "val_accuracy": [
            0.5083565711975098,
            0.5027855038642883,
            0.5626741051673889,
            0.5626741051673889,
            0.5320334434509277,
            0.523676872253418,
            0.5362116694450378,
            0.5055710077285767,
            0.5027855038642883,
            0.5376044511795044,
            0.5194985866546631,
            0.5027855038642883,
            0.5194985866546631
        ],
        "val_loss": [
            0.7307422757148743,
            0.7357592582702637,
            0.7210065722465515,
            0.7282609343528748,
            0.7466699481010437,
            0.7658179402351379,
            0.7473351955413818,
            0.7869017124176025,
            0.7734690308570862,
            0.796844482421875,
            0.7767434120178223,
            0.8090195655822754,
            0.7968307733535767
        ],
        "learning_rate": [
            0.0010000000474974513,
            0.0010000000474974513,
            0.0010000000474974513,
            0.0010000000474974513,
            0.0010000000474974513,
            0.0010000000474974513,
            0.0010000000474974513,
            0.0010000000474974513,
            0.0005000000237487257,
            0.0005000000237487257,
            0.0005000000237487257,
            0.0005000000237487257,
            0.0005000000237487257
        ]
    },
    "evaluation_metrics": {
        "accuracy": 0.5396383866481224,
        "precision": 0.5367251672919657,
        "recall": 0.5396383866481224,
        "f1": 0.510733518521725,
        "classification_report": {
            "0": {
                "precision": 0.5430711610486891,
                "recall": 0.7692307692307693,
                "f1-score": 0.6366630076838639,
                "support": 377.0
            },
            "1": {
                "precision": 0.5297297297297298,
                "recall": 0.28654970760233917,
                "f1-score": 0.3719165085388994,
                "support": 342.0
            },
            "accuracy": 0.5396383866481224,
            "macro avg": {
                "precision": 0.5364004453892095,
                "recall": 0.5278902384165542,
                "f1-score": 0.5042897581113817,
                "support": 719.0
            },
            "weighted avg": {
                "precision": 0.5367251672919657,
                "recall": 0.5396383866481224,
                "f1-score": 0.510733518521725,
                "support": 719.0
            }
        },
        "confusion_matrix": [
            [
                290,
                87
            ],
            [
                244,
                98
            ]
        ]
    }
}