{
    "timestamp": "2025-04-28 20:29:13",
    "training_history": {
        "accuracy": [
            0.5218507051467896,
            0.5430048108100891,
            0.5769174098968506,
            0.6085203289985657,
            0.6376301646232605,
            0.6687930822372437,
            0.6900205016136169,
            0.719057023525238,
            0.7378281354904175,
            0.7451972365379333,
            0.7591655850410461,
            0.7650681734085083
        ],
        "loss": [
            0.7374200224876404,
            0.7030380964279175,
            0.6871229410171509,
            0.6683639883995056,
            0.64740389585495,
            0.621763288974762,
            0.6005469560623169,
            0.5595728754997253,
            0.540185809135437,
            0.5265671014785767,
            0.5099209547042847,
            0.5019537806510925
        ],
        "val_accuracy": [
            0.47396767139434814,
            0.4937163293361664,
            0.5161579847335815,
            0.4901256859302521,
            0.5026929974555969,
            0.4964093267917633,
            0.5044883489608765,
            0.4973070025444031,
            0.4865350127220154,
            0.49820467829704285,
            0.4856373369693756,
            0.4973070025444031
        ],
        "val_loss": [
            0.7371718883514404,
            0.726047694683075,
            0.7267791628837585,
            0.807536244392395,
            0.8325564861297607,
            0.868302047252655,
            0.9450896382331848,
            0.9808207154273987,
            1.0702290534973145,
            1.0803248882293701,
            1.0065836906433105,
            1.0832982063293457
        ],
        "learning_rate": [
            0.0010000000474974513,
            0.0010000000474974513,
            0.0010000000474974513,
            0.0010000000474974513,
            0.0010000000474974513,
            0.0010000000474974513,
            0.0010000000474974513,
            0.0005000000237487257,
            0.0005000000237487257,
            0.0005000000237487257,
            0.0005000000237487257,
            0.0005000000237487257
        ]
    },
    "evaluation_metrics": {
        "accuracy": 0.5215439856373429,
        "precision": 0.6230153426328683,
        "recall": 0.5215439856373429,
        "f1": 0.3957980764349472,
        "classification_report": {
            "0": {
                "precision": 0.5117370892018779,
                "recall": 0.9767025089605734,
                "f1-score": 0.6715958102279729,
                "support": 558.0
            },
            "1": {
                "precision": 0.7346938775510204,
                "recall": 0.06474820143884892,
                "f1-score": 0.11900826446280992,
                "support": 556.0
            },
            "accuracy": 0.5215439856373429,
            "macro avg": {
                "precision": 0.6232154833764492,
                "recall": 0.5207253551997112,
                "f1-score": 0.3953020373453914,
                "support": 1114.0
            },
            "weighted avg": {
                "precision": 0.6230153426328683,
                "recall": 0.5215439856373429,
                "f1-score": 0.3957980764349472,
                "support": 1114.0
            }
        },
        "confusion_matrix": [
            [
                545,
                13
            ],
            [
                520,
                36
            ]
        ]
    }
}