{
    "timestamp": "2025-04-28 20:24:16",
    "training_history": {
        "accuracy": [
            0.5304310917854309,
            0.5627641677856445,
            0.5969639420509338,
            0.6347914934158325,
            0.673112154006958,
            0.6939278841018677,
            0.7198154330253601,
            0.7541913390159607,
            0.769336462020874,
            0.7847633361816406,
            0.793498158454895,
            0.8020921349525452
        ],
        "loss": [
            0.7428251504898071,
            0.7005068063735962,
            0.6788333654403687,
            0.6542463898658752,
            0.6281127333641052,
            0.6009314060211182,
            0.5764899253845215,
            0.5317813158035278,
            0.5083295106887817,
            0.48802128434181213,
            0.4733772277832031,
            0.46416914463043213
        ],
        "val_accuracy": [
            0.5251346230506897,
            0.5439856648445129,
            0.4964093267917633,
            0.5242369771003723,
            0.5026929974555969,
            0.5323159694671631,
            0.5359066724777222,
            0.53500896692276,
            0.5287253260612488,
            0.5359066724777222,
            0.5188509821891785,
            0.5098743438720703
        ],
        "val_loss": [
            0.7288070321083069,
            0.7155378460884094,
            0.7298316955566406,
            0.8462885022163391,
            0.7819380164146423,
            0.779880166053772,
            0.8286838531494141,
            0.9449580311775208,
            0.9722064137458801,
            1.0508943796157837,
            1.0794192552566528,
            1.1759213209152222
        ],
        "learning_rate": [
            0.0010000000474974513,
            0.0010000000474974513,
            0.0010000000474974513,
            0.0010000000474974513,
            0.0010000000474974513,
            0.0010000000474974513,
            0.0010000000474974513,
            0.0005000000237487257,
            0.0005000000237487257,
            0.0005000000237487257,
            0.0005000000237487257,
            0.0005000000237487257
        ]
    },
    "evaluation_metrics": {
        "accuracy": 0.5412926391382405,
        "precision": 0.5680318613868361,
        "recall": 0.5412926391382405,
        "f1": 0.43162127797640637,
        "classification_report": {
            "0": {
                "precision": 0.6027397260273972,
                "recall": 0.08365019011406843,
                "f1-score": 0.14691151919866444,
                "support": 526.0
            },
            "1": {
                "precision": 0.5369836695485111,
                "recall": 0.9506802721088435,
                "f1-score": 0.6863106200122775,
                "support": 588.0
            },
            "accuracy": 0.5412926391382405,
            "macro avg": {
                "precision": 0.5698616977879541,
                "recall": 0.517165231111456,
                "f1-score": 0.41661106960547095,
                "support": 1114.0
            },
            "weighted avg": {
                "precision": 0.5680318613868361,
                "recall": 0.5412926391382405,
                "f1-score": 0.43162127797640637,
                "support": 1114.0
            }
        },
        "confusion_matrix": [
            [
                44,
                482
            ],
            [
                29,
                559
            ]
        ]
    }
}