{
    "timestamp": "2025-04-28 20:31:02",
    "training_history": {
        "accuracy": [
            0.5607830882072449,
            0.620182454586029,
            0.6704592108726501,
            0.7035670280456543,
            0.7369311451911926,
            0.7655289173126221,
            0.8054530620574951,
            0.819495677947998,
            0.825850784778595,
            0.8361008763313293,
            0.8442496657371521
        ],
        "loss": [
            0.7376452088356018,
            0.6811342835426331,
            0.640967607498169,
            0.6038610935211182,
            0.5729334354400635,
            0.5374221205711365,
            0.48111242055892944,
            0.4573591649532318,
            0.44242680072784424,
            0.4268277883529663,
            0.4138988256454468
        ],
        "val_accuracy": [
            0.5263158082962036,
            0.5,
            0.5236842036247253,
            0.5197368264198303,
            0.557894766330719,
            0.5736842155456543,
            0.5684210658073425,
            0.5960526466369629,
            0.5828947424888611,
            0.5618420839309692,
            0.5894736647605896
        ],
        "val_loss": [
            0.742523729801178,
            0.7462123036384583,
            0.8088929057121277,
            0.8215875625610352,
            0.8036861419677734,
            0.8364409804344177,
            0.8905335068702698,
            0.811961829662323,
            0.8379458785057068,
            0.97956782579422,
            0.9168270826339722
        ],
        "learning_rate": [
            0.0010000000474974513,
            0.0010000000474974513,
            0.0010000000474974513,
            0.0010000000474974513,
            0.0010000000474974513,
            0.0010000000474974513,
            0.0005000000237487257,
            0.0005000000237487257,
            0.0005000000237487257,
            0.0005000000237487257,
            0.0005000000237487257
        ]
    },
    "evaluation_metrics": {
        "accuracy": 0.5526315789473685,
        "precision": 0.497053898519031,
        "recall": 0.5526315789473685,
        "f1": 0.42576470582371206,
        "classification_report": {
            "0": {
                "precision": 0.41935483870967744,
                "recall": 0.03880597014925373,
                "f1-score": 0.07103825136612021,
                "support": 335.0
            },
            "1": {
                "precision": 0.5582990397805213,
                "recall": 0.9576470588235294,
                "f1-score": 0.7053726169844021,
                "support": 425.0
            },
            "accuracy": 0.5526315789473685,
            "macro avg": {
                "precision": 0.48882693924509935,
                "recall": 0.49822651448639155,
                "f1-score": 0.38820543417526115,
                "support": 760.0
            },
            "weighted avg": {
                "precision": 0.497053898519031,
                "recall": 0.5526315789473685,
                "f1-score": 0.42576470582371206,
                "support": 760.0
            }
        },
        "confusion_matrix": [
            [
                13,
                322
            ],
            [
                18,
                407
            ]
        ]
    }
}