{
    "timestamp": "2025-04-28 20:31:44",
    "training_history": {
        "accuracy": [
            0.5307744145393372,
            0.5602059364318848,
            0.5883318185806274,
            0.6272008419036865,
            0.6637570858001709,
            0.6924425363540649,
            0.7265368700027466,
            0.7466427683830261,
            0.7592509984970093,
            0.7729409337043762,
            0.7789092659950256
        ],
        "loss": [
            0.738073468208313,
            0.6991617679595947,
            0.6776233315467834,
            0.6561936140060425,
            0.6244273781776428,
            0.5997529029846191,
            0.5572506189346313,
            0.5355489253997803,
            0.5168662667274475,
            0.5028221011161804,
            0.49126318097114563
        ],
        "val_accuracy": [
            0.5449438095092773,
            0.5571160912513733,
            0.5365168452262878,
            0.5234082341194153,
            0.5,
            0.5009363293647766,
            0.5018726587295532,
            0.5140449404716492,
            0.4850187301635742,
            0.4981273412704468,
            0.5046816468238831
        ],
        "val_loss": [
            0.742638885974884,
            0.9909874796867371,
            0.7912471890449524,
            0.854962944984436,
            1.0323899984359741,
            1.0083657503128052,
            1.102549433708191,
            1.1987075805664062,
            1.2786129713058472,
            1.110884189605713,
            1.21852707862854
        ],
        "learning_rate": [
            0.0010000000474974513,
            0.0010000000474974513,
            0.0010000000474974513,
            0.0010000000474974513,
            0.0010000000474974513,
            0.0010000000474974513,
            0.0005000000237487257,
            0.0005000000237487257,
            0.0005000000237487257,
            0.0005000000237487257,
            0.0005000000237487257
        ]
    },
    "evaluation_metrics": {
        "accuracy": 0.5322731524789522,
        "precision": 0.5306489959518265,
        "recall": 0.5322731524789522,
        "f1": 0.527129536097305,
        "classification_report": {
            "0": {
                "precision": 0.5213270142180095,
                "recall": 0.4247104247104247,
                "f1-score": 0.46808510638297873,
                "support": 518.0
            },
            "1": {
                "precision": 0.5394126738794436,
                "recall": 0.6333938294010889,
                "f1-score": 0.5826377295492488,
                "support": 551.0
            },
            "accuracy": 0.5322731524789522,
            "macro avg": {
                "precision": 0.5303698440487266,
                "recall": 0.5290521270557568,
                "f1-score": 0.5253614179661137,
                "support": 1069.0
            },
            "weighted avg": {
                "precision": 0.5306489959518265,
                "recall": 0.5322731524789522,
                "f1-score": 0.527129536097305,
                "support": 1069.0
            }
        },
        "confusion_matrix": [
            [
                220,
                298
            ],
            [
                202,
                349
            ]
        ]
    }
}