{
    "timestamp": "2025-04-28 20:29:23",
    "training_history": {
        "accuracy": [
            0.5660852789878845,
            0.6521317958831787,
            0.686821699142456,
            0.7261627912521362,
            0.7641472816467285,
            0.7794573903083801,
            0.805232584476471,
            0.8259689807891846,
            0.8364341259002686,
            0.8511627912521362,
            0.8507751822471619
        ],
        "loss": [
            0.7519079446792603,
            0.6807588934898376,
            0.6308824419975281,
            0.5861161351203918,
            0.5372852683067322,
            0.515166163444519,
            0.46956485509872437,
            0.439103901386261,
            0.42005354166030884,
            0.4035610854625702,
            0.39029619097709656
        ],
        "val_accuracy": [
            0.37368419766426086,
            0.46315789222717285,
            0.4842105209827423,
            0.5,
            0.5368421077728271,
            0.4736842215061188,
            0.4894736707210541,
            0.5052631497383118,
            0.4894736707210541,
            0.4894736707210541,
            0.5105262994766235
        ],
        "val_loss": [
            0.8414138555526733,
            0.9131587147712708,
            1.048141598701477,
            1.0633026361465454,
            1.0427175760269165,
            1.178409218788147,
            1.3169879913330078,
            1.3565638065338135,
            1.308239459991455,
            1.2476691007614136,
            1.3182871341705322
        ],
        "learning_rate": [
            0.0010000000474974513,
            0.0010000000474974513,
            0.0010000000474974513,
            0.0010000000474974513,
            0.0010000000474974513,
            0.0010000000474974513,
            0.0005000000237487257,
            0.0005000000237487257,
            0.0005000000237487257,
            0.0005000000237487257,
            0.0005000000237487257
        ]
    },
    "evaluation_metrics": {
        "accuracy": 0.3894736842105263,
        "precision": 0.15168975069252078,
        "recall": 0.3894736842105263,
        "f1": 0.21834130781499206,
        "classification_report": {
            "0": {
                "precision": 0.3894736842105263,
                "recall": 1.0,
                "f1-score": 0.5606060606060607,
                "support": 74.0
            },
            "1": {
                "precision": 0.0,
                "recall": 0.0,
                "f1-score": 0.0,
                "support": 116.0
            },
            "accuracy": 0.3894736842105263,
            "macro avg": {
                "precision": 0.19473684210526315,
                "recall": 0.5,
                "f1-score": 0.28030303030303033,
                "support": 190.0
            },
            "weighted avg": {
                "precision": 0.15168975069252078,
                "recall": 0.3894736842105263,
                "f1-score": 0.21834130781499206,
                "support": 190.0
            }
        },
        "confusion_matrix": [
            [
                74,
                0
            ],
            [
                116,
                0
            ]
        ]
    }
}