{
    "timestamp": "2025-04-28 20:33:44",
    "training_history": {
        "accuracy": [
            0.518524169921875,
            0.5521024465560913,
            0.5932588577270508,
            0.6307409405708313,
            0.6591651439666748,
            0.6785823702812195,
            0.7114717364311218,
            0.727418839931488,
            0.7397173047065735,
            0.7466064691543579,
            0.7580118179321289
        ],
        "loss": [
            0.7289681434631348,
            0.697253942489624,
            0.6773289442062378,
            0.654884397983551,
            0.6305558681488037,
            0.6132340431213379,
            0.5750025510787964,
            0.5562090873718262,
            0.5426504015922546,
            0.5301968455314636,
            0.5177868604660034
        ],
        "val_accuracy": [
            0.4707006514072418,
            0.5082802772521973,
            0.49872612953186035,
            0.47770699858665466,
            0.4853503108024597,
            0.493630588054657,
            0.4853503108024597,
            0.5019108057022095,
            0.48917198181152344,
            0.4904458522796631,
            0.49299362301826477
        ],
        "val_loss": [
            0.7160279750823975,
            0.7402065396308899,
            0.9786756634712219,
            0.7284414768218994,
            0.727564811706543,
            0.7352595925331116,
            0.810266375541687,
            0.7871459126472473,
            0.8547894954681396,
            0.9452825784683228,
            0.7999590039253235
        ],
        "learning_rate": [
            0.0010000000474974513,
            0.0010000000474974513,
            0.0010000000474974513,
            0.0010000000474974513,
            0.0010000000474974513,
            0.0010000000474974513,
            0.0005000000237487257,
            0.0005000000237487257,
            0.0005000000237487257,
            0.0005000000237487257,
            0.0005000000237487257
        ]
    },
    "evaluation_metrics": {
        "accuracy": 0.4573248407643312,
        "precision": 0.5047874373464111,
        "recall": 0.4573248407643312,
        "f1": 0.40947331471208576,
        "classification_report": {
            "0": {
                "precision": 0.4308553157474021,
                "recall": 0.7938144329896907,
                "f1-score": 0.5585492227979275,
                "support": 679.0
            },
            "1": {
                "precision": 0.5611285266457681,
                "recall": 0.20089786756453423,
                "f1-score": 0.2958677685950413,
                "support": 891.0
            },
            "accuracy": 0.4573248407643312,
            "macro avg": {
                "precision": 0.4959919211965851,
                "recall": 0.49735615027711244,
                "f1-score": 0.42720849569648445,
                "support": 1570.0
            },
            "weighted avg": {
                "precision": 0.5047874373464111,
                "recall": 0.4573248407643312,
                "f1-score": 0.40947331471208576,
                "support": 1570.0
            }
        },
        "confusion_matrix": [
            [
                539,
                140
            ],
            [
                712,
                179
            ]
        ]
    }
}