{
    "timestamp": "2025-04-28 20:38:15",
    "training_history": {
        "accuracy": [
            0.5344379544258118,
            0.5652209520339966,
            0.59080570936203,
            0.6141975522041321,
            0.6440058350563049,
            0.6743826866149902,
            0.701591968536377,
            0.7223034501075745,
            0.7545484304428101,
            0.7784275412559509,
            0.7886614799499512,
            0.7942657470703125,
            0.8053930997848511
        ],
        "loss": [
            0.7457553148269653,
            0.7058506608009338,
            0.682828962802887,
            0.6648322343826294,
            0.6370226740837097,
            0.613908588886261,
            0.5902596712112427,
            0.5673633217811584,
            0.5223350524902344,
            0.49591168761253357,
            0.47625160217285156,
            0.4648188352584839,
            0.4498124420642853
        ],
        "val_accuracy": [
            0.545064389705658,
            0.5278970003128052,
            0.5515021681785583,
            0.5557940006256104,
            0.540772557258606,
            0.553648054599762,
            0.5364806652069092,
            0.553648054599762,
            0.5643776655197144,
            0.5622317790985107,
            0.540772557258606,
            0.557939887046814,
            0.5686695575714111
        ],
        "val_loss": [
            0.7209939360618591,
            0.7084101438522339,
            0.7052592635154724,
            0.7174254059791565,
            0.7249299883842468,
            0.7404360771179199,
            0.7522034645080566,
            0.7193333506584167,
            0.7619279623031616,
            0.7528307437896729,
            0.7527164816856384,
            0.760514497756958,
            0.7680413126945496
        ],
        "learning_rate": [
            0.0010000000474974513,
            0.0010000000474974513,
            0.0010000000474974513,
            0.0010000000474974513,
            0.0010000000474974513,
            0.0010000000474974513,
            0.0010000000474974513,
            0.0010000000474974513,
            0.0005000000237487257,
            0.0005000000237487257,
            0.0005000000237487257,
            0.0005000000237487257,
            0.0005000000237487257
        ]
    },
    "evaluation_metrics": {
        "accuracy": 0.4184549356223176,
        "precision": 0.49729304956289183,
        "recall": 0.4184549356223176,
        "f1": 0.386026101254715,
        "classification_report": {
            "0": {
                "precision": 0.36901408450704226,
                "recall": 0.7359550561797753,
                "f1-score": 0.4915572232645404,
                "support": 178.0
            },
            "1": {
                "precision": 0.5765765765765766,
                "recall": 0.2222222222222222,
                "f1-score": 0.3208020050125313,
                "support": 288.0
            },
            "accuracy": 0.4184549356223176,
            "macro avg": {
                "precision": 0.47279533054180944,
                "recall": 0.47908863920099876,
                "f1-score": 0.40617961413853587,
                "support": 466.0
            },
            "weighted avg": {
                "precision": 0.49729304956289183,
                "recall": 0.4184549356223176,
                "f1-score": 0.386026101254715,
                "support": 466.0
            }
        },
        "confusion_matrix": [
            [
                131,
                47
            ],
            [
                224,
                64
            ]
        ]
    }
}