{
    "timestamp": "2025-04-28 20:34:59",
    "training_history": {
        "accuracy": [
            0.5582918524742126,
            0.6069452166557312,
            0.6463751792907715,
            0.6797177791595459,
            0.7058199644088745,
            0.735288679599762,
            0.7521213889122009,
            0.7701992392539978,
            0.7968087196350098,
            0.8093986511230469,
            0.8239254951477051,
            0.8278915286064148,
            0.8343940377235413
        ],
        "loss": [
            0.7375579476356506,
            0.6861752867698669,
            0.65350341796875,
            0.6238329410552979,
            0.5959386229515076,
            0.567039430141449,
            0.5408865213394165,
            0.5198843479156494,
            0.47398409247398376,
            0.4513731896877289,
            0.430325984954834,
            0.42042434215545654,
            0.4086380898952484
        ],
        "val_accuracy": [
            0.6007237434387207,
            0.5211097598075867,
            0.5404101610183716,
            0.5283474326133728,
            0.5367913246154785,
            0.5404101610183716,
            0.49577805399894714,
            0.4969843327999115,
            0.5030156970024109,
            0.4885404109954834,
            0.4535585045814514,
            0.5259348750114441,
            0.4921592175960541
        ],
        "val_loss": [
            0.9129717946052551,
            0.8051052689552307,
            0.7199391722679138,
            0.9609017968177795,
            1.012339472770691,
            0.8251349925994873,
            0.8970462083816528,
            1.1182668209075928,
            1.1140788793563843,
            1.1988990306854248,
            1.2020268440246582,
            1.2946277856826782,
            1.292664647102356
        ],
        "learning_rate": [
            0.0010000000474974513,
            0.0010000000474974513,
            0.0010000000474974513,
            0.0010000000474974513,
            0.0010000000474974513,
            0.0010000000474974513,
            0.0010000000474974513,
            0.0010000000474974513,
            0.0005000000237487257,
            0.0005000000237487257,
            0.0005000000237487257,
            0.0005000000237487257,
            0.0005000000237487257
        ]
    },
    "evaluation_metrics": {
        "accuracy": 0.46562123039806996,
        "precision": 0.7536136816555579,
        "recall": 0.46562123039806996,
        "f1": 0.3051723635432796,
        "classification_report": {
            "0": {
                "precision": 1.0,
                "recall": 0.015555555555555555,
                "f1-score": 0.030634573304157548,
                "support": 450.0
            },
            "1": {
                "precision": 0.4610705596107056,
                "recall": 1.0,
                "f1-score": 0.6311407160699417,
                "support": 379.0
            },
            "accuracy": 0.46562123039806996,
            "macro avg": {
                "precision": 0.7305352798053528,
                "recall": 0.5077777777777778,
                "f1-score": 0.3308876446870496,
                "support": 829.0
            },
            "weighted avg": {
                "precision": 0.7536136816555579,
                "recall": 0.46562123039806996,
                "f1-score": 0.3051723635432796,
                "support": 829.0
            }
        },
        "confusion_matrix": [
            [
                7,
                443
            ],
            [
                0,
                379
            ]
        ]
    }
}