{
    "timestamp": "2025-04-28 20:34:21",
    "training_history": {
        "accuracy": [
            0.5284110307693481,
            0.5670552849769592,
            0.6015976071357727,
            0.6311312317848206,
            0.6581606268882751,
            0.6833764910697937,
            0.7236183285713196,
            0.7430051565170288,
            0.7497841119766235,
            0.7692573666572571,
            0.7756908535957336
        ],
        "loss": [
            0.7413212656974792,
            0.6990606784820557,
            0.6759450435638428,
            0.6554689407348633,
            0.6334375143051147,
            0.6153514981269836,
            0.5744520425796509,
            0.5471540689468384,
            0.5354666113853455,
            0.5167601704597473,
            0.5015678405761719
        ],
        "val_accuracy": [
            0.5802047848701477,
            0.5699658989906311,
            0.5597269535064697,
            0.5779294371604919,
            0.5767918229103088,
            0.5654152631759644,
            0.5665528774261475,
            0.5290102362632751,
            0.552901029586792,
            0.5244596004486084,
            0.5506256818771362
        ],
        "val_loss": [
            0.7655075788497925,
            0.8131949305534363,
            1.001227617263794,
            1.2833184003829956,
            1.9718568325042725,
            1.2411504983901978,
            1.4179967641830444,
            1.1333683729171753,
            1.4121564626693726,
            1.4080660343170166,
            1.6016947031021118
        ],
        "learning_rate": [
            0.0010000000474974513,
            0.0010000000474974513,
            0.0010000000474974513,
            0.0010000000474974513,
            0.0010000000474974513,
            0.0010000000474974513,
            0.0005000000237487257,
            0.0005000000237487257,
            0.0005000000237487257,
            0.0005000000237487257,
            0.0005000000237487257
        ]
    },
    "evaluation_metrics": {
        "accuracy": 0.4954545454545455,
        "precision": 0.24547520661157027,
        "recall": 0.4954545454545455,
        "f1": 0.32829510914617294,
        "classification_report": {
            "0": {
                "precision": 0.0,
                "recall": 0.0,
                "f1-score": 0.0,
                "support": 444.0
            },
            "1": {
                "precision": 0.4954545454545455,
                "recall": 1.0,
                "f1-score": 0.6626139817629179,
                "support": 436.0
            },
            "accuracy": 0.4954545454545455,
            "macro avg": {
                "precision": 0.24772727272727274,
                "recall": 0.5,
                "f1-score": 0.33130699088145893,
                "support": 880.0
            },
            "weighted avg": {
                "precision": 0.24547520661157027,
                "recall": 0.4954545454545455,
                "f1-score": 0.32829510914617294,
                "support": 880.0
            }
        },
        "confusion_matrix": [
            [
                0,
                444
            ],
            [
                0,
                436
            ]
        ]
    }
}