{
    "timestamp": "2025-04-28 20:39:04",
    "training_history": {
        "accuracy": [
            0.5348619818687439,
            0.5654024481773376,
            0.5933307409286499,
            0.6271929740905762,
            0.6542505025863647,
            0.6830495595932007,
            0.7038506269454956,
            0.7351328730583191,
            0.7533539533615112,
            0.7642543911933899,
            0.7714138031005859,
            0.7814757227897644
        ],
        "loss": [
            0.7326419949531555,
            0.6952166557312012,
            0.6792078018188477,
            0.6577584743499756,
            0.6356577277183533,
            0.6125871539115906,
            0.5914424061775208,
            0.5516396760940552,
            0.5292137265205383,
            0.514221727848053,
            0.5010716319084167,
            0.4900902211666107
        ],
        "val_accuracy": [
            0.5056179761886597,
            0.5016051530838013,
            0.521669328212738,
            0.5465489625930786,
            0.5152487754821777,
            0.5088282227516174,
            0.5072231292724609,
            0.4919743239879608,
            0.5056179761886597,
            0.5208667516708374,
            0.533707857131958,
            0.51203852891922
        ],
        "val_loss": [
            0.7581814527511597,
            0.7408568859100342,
            0.7934744358062744,
            1.031509280204773,
            0.8633729219436646,
            0.8807528018951416,
            0.8693631887435913,
            0.9267995357513428,
            0.9536032676696777,
            1.0056391954421997,
            1.1164350509643555,
            1.0949875116348267
        ],
        "learning_rate": [
            0.0010000000474974513,
            0.0010000000474974513,
            0.0010000000474974513,
            0.0010000000474974513,
            0.0010000000474974513,
            0.0010000000474974513,
            0.0010000000474974513,
            0.0005000000237487257,
            0.0005000000237487257,
            0.0005000000237487257,
            0.0005000000237487257,
            0.0005000000237487257
        ]
    },
    "evaluation_metrics": {
        "accuracy": 0.46431435445068164,
        "precision": 0.4715852214285099,
        "recall": 0.46431435445068175,
        "f1": 0.4422669497249125,
        "classification_report": {
            "0": {
                "precision": 0.45485714285714285,
                "recall": 0.6757215619694398,
                "f1-score": 0.5437158469945355,
                "support": 589.0
            },
            "1": {
                "precision": 0.48655913978494625,
                "recall": 0.2750759878419453,
                "f1-score": 0.35145631067961164,
                "support": 658.0
            },
            "accuracy": 0.46431435445068164,
            "macro avg": {
                "precision": 0.47070814132104455,
                "recall": 0.47539877490569254,
                "f1-score": 0.4475860788370736,
                "support": 1247.0
            },
            "weighted avg": {
                "precision": 0.4715852214285099,
                "recall": 0.46431435445068175,
                "f1-score": 0.4422669497249125,
                "support": 1247.0
            }
        },
        "confusion_matrix": [
            [
                398,
                191
            ],
            [
                477,
                181
            ]
        ]
    }
}