{
    "timestamp": "2025-04-28 20:36:32",
    "training_history": {
        "accuracy": [
            0.5381044149398804,
            0.5819724798202515,
            0.6077489852905273,
            0.644732654094696,
            0.6737645268440247,
            0.709360659122467,
            0.746184229850769,
            0.7616074085235596,
            0.7780979871749878,
            0.7817803621292114,
            0.7937880158424377
        ],
        "loss": [
            0.7429987788200378,
            0.6945108771324158,
            0.6628673672676086,
            0.6373001933097839,
            0.6114952564239502,
            0.5836883783340454,
            0.5331003069877625,
            0.5146439075469971,
            0.48977839946746826,
            0.4751473665237427,
            0.4621012508869171
        ],
        "val_accuracy": [
            0.5149545073509216,
            0.459037721157074,
            0.47984394431114197,
            0.47204160690307617,
            0.48244473338127136,
            0.47724318504333496,
            0.461638480424881,
            0.4629388749599457,
            0.4551365375518799,
            0.4538361430168152,
            0.46033811569213867
        ],
        "val_loss": [
            0.760400652885437,
            0.7650615572929382,
            0.7808730006217957,
            0.8048498630523682,
            0.8584665656089783,
            0.9511607885360718,
            0.9488353729248047,
            0.9818728566169739,
            1.0103808641433716,
            1.0829545259475708,
            1.112873911857605
        ],
        "learning_rate": [
            0.0010000000474974513,
            0.0010000000474974513,
            0.0010000000474974513,
            0.0010000000474974513,
            0.0010000000474974513,
            0.0010000000474974513,
            0.0005000000237487257,
            0.0005000000237487257,
            0.0005000000237487257,
            0.0005000000237487257,
            0.0005000000237487257
        ]
    },
    "evaluation_metrics": {
        "accuracy": 0.494148244473342,
        "precision": 0.5007503387473801,
        "recall": 0.494148244473342,
        "f1": 0.492433768543592,
        "classification_report": {
            "0": {
                "precision": 0.5315315315315315,
                "recall": 0.4317073170731707,
                "f1-score": 0.47644683714670255,
                "support": 410.0
            },
            "1": {
                "precision": 0.46559633027522934,
                "recall": 0.5654596100278552,
                "f1-score": 0.510691823899371,
                "support": 359.0
            },
            "accuracy": 0.494148244473342,
            "macro avg": {
                "precision": 0.49856393090338047,
                "recall": 0.498583463550513,
                "f1-score": 0.49356933052303675,
                "support": 769.0
            },
            "weighted avg": {
                "precision": 0.5007503387473801,
                "recall": 0.494148244473342,
                "f1-score": 0.492433768543592,
                "support": 769.0
            }
        },
        "confusion_matrix": [
            [
                177,
                233
            ],
            [
                156,
                203
            ]
        ]
    }
}