{
    "timestamp": "2025-04-28 20:37:51",
    "training_history": {
        "accuracy": [
            0.5378657579421997,
            0.5853772163391113,
            0.6156052947044373,
            0.6508892774581909,
            0.675595223903656,
            0.7046758532524109,
            0.720668375492096,
            0.7378801107406616,
            0.7766064405441284,
            0.7862521409988403,
            0.7956827282905579,
            0.8036072850227356,
            0.8083046674728394
        ],
        "loss": [
            0.73295658826828,
            0.6877089738845825,
            0.6606369614601135,
            0.6329941153526306,
            0.6081475019454956,
            0.5811222195625305,
            0.5595837235450745,
            0.5396475791931152,
            0.4936923682689667,
            0.47340425848960876,
            0.4577508568763733,
            0.44259172677993774,
            0.4357049763202667
        ],
        "val_accuracy": [
            0.416517049074173,
            0.4326750338077545,
            0.5044883489608765,
            0.5368043184280396,
            0.4326750338077545,
            0.4290843904018402,
            0.4219030439853668,
            0.5188509821891785,
            0.45152604579925537,
            0.44524237513542175,
            0.4335727095603943,
            0.4479353725910187,
            0.4479353725910187
        ],
        "val_loss": [
            0.8114326000213623,
            0.7645607590675354,
            0.7495391964912415,
            0.7719596028327942,
            1.1198599338531494,
            0.8663921356201172,
            0.9384991526603699,
            0.8027580380439758,
            0.9183245301246643,
            0.9005563855171204,
            1.1294326782226562,
            1.1445320844650269,
            1.0840352773666382
        ],
        "learning_rate": [
            0.0010000000474974513,
            0.0010000000474974513,
            0.0010000000474974513,
            0.0010000000474974513,
            0.0010000000474974513,
            0.0010000000474974513,
            0.0010000000474974513,
            0.0010000000474974513,
            0.0005000000237487257,
            0.0005000000237487257,
            0.0005000000237487257,
            0.0005000000237487257,
            0.0005000000237487257
        ]
    },
    "evaluation_metrics": {
        "accuracy": 0.4622980251346499,
        "precision": 0.4651794109119175,
        "recall": 0.4622980251346499,
        "f1": 0.4585813987560828,
        "classification_report": {
            "0": {
                "precision": 0.47835497835497837,
                "recall": 0.38169257340241797,
                "f1-score": 0.4245917387127762,
                "support": 579.0
            },
            "1": {
                "precision": 0.450920245398773,
                "recall": 0.5495327102803739,
                "f1-score": 0.49536647009267065,
                "support": 535.0
            },
            "accuracy": 0.4622980251346499,
            "macro avg": {
                "precision": 0.4646376118768757,
                "recall": 0.46561264184139595,
                "f1-score": 0.45997910440272344,
                "support": 1114.0
            },
            "weighted avg": {
                "precision": 0.4651794109119175,
                "recall": 0.4622980251346499,
                "f1-score": 0.4585813987560828,
                "support": 1114.0
            }
        },
        "confusion_matrix": [
            [
                221,
                358
            ],
            [
                241,
                294
            ]
        ]
    }
}