{
    "timestamp": "2025-04-28 20:41:23",
    "training_history": {
        "accuracy": [
            0.5578000545501709,
            0.6007568836212158,
            0.6408630609512329,
            0.6694190502166748,
            0.6994495391845703,
            0.7161113023757935,
            0.7533175945281982,
            0.7721911072731018,
            0.7802516222000122,
            0.7949473857879639,
            0.801877498626709
        ],
        "loss": [
            0.7425447702407837,
            0.6918095350265503,
            0.6600852012634277,
            0.627042829990387,
            0.6000357866287231,
            0.5751172304153442,
            0.5253552794456482,
            0.501876711845398,
            0.4842466115951538,
            0.468319833278656,
            0.45587852597236633
        ],
        "val_accuracy": [
            0.57834392786026,
            0.5414012670516968,
            0.42292994260787964,
            0.4484076499938965,
            0.5617834329605103,
            0.46878981590270996,
            0.4675159156322479,
            0.4700636863708496,
            0.4726114571094513,
            0.42038217186927795,
            0.44968152046203613
        ],
        "val_loss": [
            0.7256975173950195,
            0.7829403281211853,
            0.9999815821647644,
            0.8063793182373047,
            0.7747292518615723,
            0.7940168380737305,
            0.8464475274085999,
            0.8471578359603882,
            0.8612823486328125,
            1.0849223136901855,
            0.8439821600914001
        ],
        "learning_rate": [
            0.0010000000474974513,
            0.0010000000474974513,
            0.0010000000474974513,
            0.0010000000474974513,
            0.0010000000474974513,
            0.0010000000474974513,
            0.0005000000237487257,
            0.0005000000237487257,
            0.0005000000237487257,
            0.0005000000237487257,
            0.0005000000237487257
        ]
    },
    "evaluation_metrics": {
        "accuracy": 0.5407124681933843,
        "precision": 0.29236997325978153,
        "recall": 0.5407124681933843,
        "f1": 0.3795256795742169,
        "classification_report": {
            "0": {
                "precision": 0.0,
                "recall": 0.0,
                "f1-score": 0.0,
                "support": 361.0
            },
            "1": {
                "precision": 0.5407124681933843,
                "recall": 1.0,
                "f1-score": 0.7018992568125517,
                "support": 425.0
            },
            "accuracy": 0.5407124681933843,
            "macro avg": {
                "precision": 0.2703562340966921,
                "recall": 0.5,
                "f1-score": 0.35094962840627586,
                "support": 786.0
            },
            "weighted avg": {
                "precision": 0.29236997325978153,
                "recall": 0.5407124681933843,
                "f1-score": 0.3795256795742169,
                "support": 786.0
            }
        },
        "confusion_matrix": [
            [
                0,
                361
            ],
            [
                0,
                425
            ]
        ]
    }
}