{
    "timestamp": "2025-04-28 20:42:34",
    "training_history": {
        "accuracy": [
            0.5595238208770752,
            0.6539682745933533,
            0.7132936716079712,
            0.7555555701255798,
            0.7920634746551514,
            0.8069444298744202,
            0.8476190567016602,
            0.8563492298126221,
            0.862500011920929,
            0.8789682388305664,
            0.8813492059707642
        ],
        "loss": [
            0.7501035332679749,
            0.6725130677223206,
            0.6057539582252502,
            0.55910724401474,
            0.5131139159202576,
            0.4685665965080261,
            0.4089621901512146,
            0.3945482075214386,
            0.3763485848903656,
            0.3584755063056946,
            0.3485811948776245
        ],
        "val_accuracy": [
            0.5163043737411499,
            0.5489130616188049,
            0.5163043737411499,
            0.5271739363670349,
            0.5163043737411499,
            0.5380434989929199,
            0.5163043737411499,
            0.52173912525177,
            0.5054348111152649,
            0.5054348111152649,
            0.5054348111152649
        ],
        "val_loss": [
            0.7841559648513794,
            0.804132878780365,
            0.8220886588096619,
            0.8222278356552124,
            0.901165246963501,
            1.0336191654205322,
            1.0684020519256592,
            1.0479931831359863,
            1.123162031173706,
            1.1524220705032349,
            1.2035499811172485
        ],
        "learning_rate": [
            0.0010000000474974513,
            0.0010000000474974513,
            0.0010000000474974513,
            0.0010000000474974513,
            0.0010000000474974513,
            0.0010000000474974513,
            0.0005000000237487257,
            0.0005000000237487257,
            0.0005000000237487257,
            0.0005000000237487257,
            0.0005000000237487257
        ]
    },
    "evaluation_metrics": {
        "accuracy": 0.5163043478260869,
        "precision": 0.5158673404525808,
        "recall": 0.5163043478260869,
        "f1": 0.5126298344258919,
        "classification_report": {
            "0": {
                "precision": 0.5185185185185185,
                "recall": 0.6021505376344086,
                "f1-score": 0.5572139303482587,
                "support": 93.0
            },
            "1": {
                "precision": 0.5131578947368421,
                "recall": 0.42857142857142855,
                "f1-score": 0.46706586826347307,
                "support": 91.0
            },
            "accuracy": 0.5163043478260869,
            "macro avg": {
                "precision": 0.5158382066276803,
                "recall": 0.5153609831029186,
                "f1-score": 0.5121398993058659,
                "support": 184.0
            },
            "weighted avg": {
                "precision": 0.5158673404525808,
                "recall": 0.5163043478260869,
                "f1-score": 0.5126298344258919,
                "support": 184.0
            }
        },
        "confusion_matrix": [
            [
                56,
                37
            ],
            [
                52,
                39
            ]
        ]
    }
}