{
    "timestamp": "2025-04-28 20:40:09",
    "training_history": {
        "accuracy": [
            0.5328359007835388,
            0.5587394833564758,
            0.5871567130088806,
            0.6171879172325134,
            0.6398634910583496,
            0.6620362997055054,
            0.683124303817749,
            0.7137905359268188,
            0.7283960580825806,
            0.7414933443069458,
            0.7556754946708679,
            0.7639837265014648
        ],
        "loss": [
            0.7370138764381409,
            0.6988007426261902,
            0.6845569014549255,
            0.669684648513794,
            0.6516020894050598,
            0.6342814564704895,
            0.6182055473327637,
            0.5801997184753418,
            0.5605508685112,
            0.5428274273872375,
            0.5276811718940735,
            0.519346296787262
        ],
        "val_accuracy": [
            0.5114649534225464,
            0.48089173436164856,
            0.5044586062431335,
            0.5050955414772034,
            0.49617835879325867,
            0.4942675232887268,
            0.4847133755683899,
            0.4815286695957184,
            0.48089173436164856,
            0.4694267511367798,
            0.4789808988571167,
            0.47770699858665466
        ],
        "val_loss": [
            0.741300642490387,
            0.7324842810630798,
            0.7607049345970154,
            0.8286025524139404,
            0.8831067681312561,
            0.8831846714019775,
            1.0323972702026367,
            1.0458770990371704,
            1.0515199899673462,
            1.1691327095031738,
            1.1216713190078735,
            1.1505118608474731
        ],
        "learning_rate": [
            0.0010000000474974513,
            0.0010000000474974513,
            0.0010000000474974513,
            0.0010000000474974513,
            0.0010000000474974513,
            0.0010000000474974513,
            0.0010000000474974513,
            0.0005000000237487257,
            0.0005000000237487257,
            0.0005000000237487257,
            0.0005000000237487257,
            0.0005000000237487257
        ]
    },
    "evaluation_metrics": {
        "accuracy": 0.49777211966900065,
        "precision": 0.5500772241692937,
        "recall": 0.49777211966900065,
        "f1": 0.38131238346387497,
        "classification_report": {
            "0": {
                "precision": 0.4904891304347826,
                "recall": 0.9487516425755584,
                "f1-score": 0.6466636811464398,
                "support": 761.0
            },
            "1": {
                "precision": 0.6060606060606061,
                "recall": 0.07407407407407407,
                "f1-score": 0.132013201320132,
                "support": 810.0
            },
            "accuracy": 0.49777211966900065,
            "macro avg": {
                "precision": 0.5482748682476943,
                "recall": 0.5114128583248163,
                "f1-score": 0.38933844123328587,
                "support": 1571.0
            },
            "weighted avg": {
                "precision": 0.5500772241692937,
                "recall": 0.49777211966900065,
                "f1-score": 0.38131238346387497,
                "support": 1571.0
            }
        },
        "confusion_matrix": [
            [
                722,
                39
            ],
            [
                750,
                60
            ]
        ]
    }
}