{
    "timestamp": "2025-04-28 20:40:50",
    "training_history": {
        "accuracy": [
            0.5354094505310059,
            0.5736400485038757,
            0.5986328125,
            0.6280381679534912,
            0.6555266380310059,
            0.6856553554534912,
            0.7205584645271301,
            0.7392578125,
            0.7497106194496155,
            0.7607421875,
            0.7701099514961243
        ],
        "loss": [
            0.7391048669815063,
            0.6977306008338928,
            0.6745558977127075,
            0.648406445980072,
            0.6278855204582214,
            0.6063091158866882,
            0.5625882148742676,
            0.5424753427505493,
            0.5288416147232056,
            0.5151563286781311,
            0.5003970861434937
        ],
        "val_accuracy": [
            0.500450074672699,
            0.4392439126968384,
            0.5175517797470093,
            0.5202520489692688,
            0.5220522284507751,
            0.5121512413024902,
            0.5202520489692688,
            0.49864986538887024,
            0.492349237203598,
            0.486948698759079,
            0.49414941668510437
        ],
        "val_loss": [
            0.7218323349952698,
            0.735497236251831,
            0.7617671489715576,
            0.7604748010635376,
            0.7789455056190491,
            0.8470581769943237,
            0.8870018124580383,
            0.9971525073051453,
            1.0166956186294556,
            0.9932741522789001,
            1.0340639352798462
        ],
        "learning_rate": [
            0.0010000000474974513,
            0.0010000000474974513,
            0.0010000000474974513,
            0.0010000000474974513,
            0.0010000000474974513,
            0.0010000000474974513,
            0.0005000000237487257,
            0.0005000000237487257,
            0.0005000000237487257,
            0.0005000000237487257,
            0.0005000000237487257
        ]
    },
    "evaluation_metrics": {
        "accuracy": 0.48201438848920863,
        "precision": 0.5775873440111751,
        "recall": 0.48201438848920863,
        "f1": 0.3161277471855891,
        "classification_report": {
            "0": {
                "precision": 0.48151487826871053,
                "recall": 0.9981308411214953,
                "f1-score": 0.6496350364963505,
                "support": 535.0
            },
            "1": {
                "precision": 0.6666666666666666,
                "recall": 0.0034662045060658577,
                "f1-score": 0.006896551724137931,
                "support": 577.0
            },
            "accuracy": 0.48201438848920863,
            "macro avg": {
                "precision": 0.5740907724676886,
                "recall": 0.5007985228137806,
                "f1-score": 0.3282657941102442,
                "support": 1112.0
            },
            "weighted avg": {
                "precision": 0.5775873440111751,
                "recall": 0.48201438848920863,
                "f1-score": 0.3161277471855891,
                "support": 1112.0
            }
        },
        "confusion_matrix": [
            [
                534,
                1
            ],
            [
                575,
                2
            ]
        ]
    }
}