{
    "timestamp": "2025-04-28 20:42:47",
    "training_history": {
        "accuracy": [
            0.5586470365524292,
            0.6241135001182556,
            0.6699399948120117,
            0.7079923748970032,
            0.7405892014503479,
            0.762274980545044,
            0.7944626212120056,
            0.8085106611251831,
            0.8175122737884521,
            0.8344244360923767,
            0.84138023853302
        ],
        "loss": [
            0.7542917728424072,
            0.6935096383094788,
            0.6448166370391846,
            0.5970052480697632,
            0.5641128420829773,
            0.5271350145339966,
            0.483992338180542,
            0.4567658305168152,
            0.44011589884757996,
            0.42240387201309204,
            0.4085424542427063
        ],
        "val_accuracy": [
            0.48201438784599304,
            0.4208633005619049,
            0.46043166518211365,
            0.4784172773361206,
            0.4892086386680603,
            0.5035971403121948,
            0.47122302651405334,
            0.49280574917793274,
            0.48201438784599304,
            0.4640287756919861,
            0.4676258862018585
        ],
        "val_loss": [
            0.7858873009681702,
            0.8706538081169128,
            0.8985757827758789,
            1.0091112852096558,
            1.0575671195983887,
            1.0862979888916016,
            1.0942820310592651,
            1.1346205472946167,
            1.2013778686523438,
            1.2668222188949585,
            1.3713805675506592
        ],
        "learning_rate": [
            0.0010000000474974513,
            0.0010000000474974513,
            0.0010000000474974513,
            0.0010000000474974513,
            0.0010000000474974513,
            0.0010000000474974513,
            0.0005000000237487257,
            0.0005000000237487257,
            0.0005000000237487257,
            0.0005000000237487257,
            0.0005000000237487257
        ]
    },
    "evaluation_metrics": {
        "accuracy": 0.4460431654676259,
        "precision": 0.49700194008276943,
        "recall": 0.4460431654676259,
        "f1": 0.4350914149279921,
        "classification_report": {
            "0": {
                "precision": 0.5714285714285714,
                "recall": 0.31137724550898205,
                "f1-score": 0.40310077519379844,
                "support": 167.0
            },
            "1": {
                "precision": 0.3850267379679144,
                "recall": 0.6486486486486487,
                "f1-score": 0.4832214765100671,
                "support": 111.0
            },
            "accuracy": 0.4460431654676259,
            "macro avg": {
                "precision": 0.4782276546982429,
                "recall": 0.48001294707881537,
                "f1-score": 0.4431611258519328,
                "support": 278.0
            },
            "weighted avg": {
                "precision": 0.49700194008276943,
                "recall": 0.4460431654676259,
                "f1-score": 0.4350914149279921,
                "support": 278.0
            }
        },
        "confusion_matrix": [
            [
                52,
                115
            ],
            [
                39,
                72
            ]
        ]
    }
}