{
    "timestamp": "2025-04-28 20:36:41",
    "training_history": {
        "accuracy": [
            0.6016949415206909,
            0.6812255382537842,
            0.7281616926193237,
            0.7670577764511108,
            0.7929161190986633,
            0.8250760436058044,
            0.8459365367889404,
            0.8626683950424194,
            0.8804867267608643,
            0.887222945690155,
            0.8937418460845947,
            0.8933072686195374
        ],
        "loss": [
            0.7298656702041626,
            0.6463776230812073,
            0.5842083096504211,
            0.5239431262016296,
            0.48149317502975464,
            0.4459863007068634,
            0.4117971658706665,
            0.3693349361419678,
            0.3476220369338989,
            0.3385070264339447,
            0.31755009293556213,
            0.3189399242401123
        ],
        "val_accuracy": [
            0.3163841664791107,
            0.3050847351551056,
            0.31073445081710815,
            0.3050847351551056,
            0.3050847351551056,
            0.3050847351551056,
            0.31073445081710815,
            0.32203391194343567,
            0.3163841664791107,
            0.32768362760543823,
            0.3163841664791107,
            0.33898305892944336
        ],
        "val_loss": [
            1.3208585977554321,
            1.1423923969268799,
            1.6326189041137695,
            1.7183328866958618,
            2.2579214572906494,
            2.242824077606201,
            3.0444188117980957,
            1.9836128950119019,
            2.397502899169922,
            2.144280195236206,
            2.2477903366088867,
            2.2377614974975586
        ],
        "learning_rate": [
            0.0010000000474974513,
            0.0010000000474974513,
            0.0010000000474974513,
            0.0010000000474974513,
            0.0010000000474974513,
            0.0010000000474974513,
            0.0010000000474974513,
            0.0005000000237487257,
            0.0005000000237487257,
            0.0005000000237487257,
            0.0005000000237487257,
            0.0005000000237487257
        ]
    },
    "evaluation_metrics": {
        "accuracy": 0.5649717514124294,
        "precision": 0.5901907197539531,
        "recall": 0.5649717514124294,
        "f1": 0.4453010592399477,
        "classification_report": {
            "0": {
                "precision": 0.5621301775147929,
                "recall": 0.9693877551020408,
                "f1-score": 0.7116104868913858,
                "support": 98.0
            },
            "1": {
                "precision": 0.625,
                "recall": 0.06329113924050633,
                "f1-score": 0.1149425287356322,
                "support": 79.0
            },
            "accuracy": 0.5649717514124294,
            "macro avg": {
                "precision": 0.5935650887573964,
                "recall": 0.5163394471712736,
                "f1-score": 0.413276507813509,
                "support": 177.0
            },
            "weighted avg": {
                "precision": 0.5901907197539531,
                "recall": 0.5649717514124294,
                "f1-score": 0.4453010592399477,
                "support": 177.0
            }
        },
        "confusion_matrix": [
            [
                95,
                3
            ],
            [
                74,
                5
            ]
        ]
    }
}