{
    "timestamp": "2025-04-28 20:43:17",
    "training_history": {
        "accuracy": [
            0.5583528876304626,
            0.6121740937232971,
            0.6505538821220398,
            0.6769049763679504,
            0.709466278553009,
            0.7355376482009888,
            0.7733579277992249,
            0.7862257957458496,
            0.801891028881073,
            0.8140875101089478,
            0.8173324465751648
        ],
        "loss": [
            0.7437707185745239,
            0.686682403087616,
            0.6464383602142334,
            0.6170238256454468,
            0.5839530229568481,
            0.5561053156852722,
            0.5027023553848267,
            0.4796096682548523,
            0.46012669801712036,
            0.4412690997123718,
            0.42961373925209045
        ],
        "val_accuracy": [
            0.550561785697937,
            0.5561797618865967,
            0.5421348214149475,
            0.5280898809432983,
            0.5252808928489685,
            0.523876428604126,
            0.5252808928489685,
            0.5210674405097961,
            0.5252808928489685,
            0.5154494643211365,
            0.5393258333206177
        ],
        "val_loss": [
            0.9181311726570129,
            1.0186536312103271,
            1.0628535747528076,
            1.2441059350967407,
            1.225731611251831,
            1.216631531715393,
            1.6090000867843628,
            1.558222770690918,
            1.8327903747558594,
            1.7900911569595337,
            2.153252363204956
        ],
        "learning_rate": [
            0.0010000000474974513,
            0.0010000000474974513,
            0.0010000000474974513,
            0.0010000000474974513,
            0.0010000000474974513,
            0.0010000000474974513,
            0.0005000000237487257,
            0.0005000000237487257,
            0.0005000000237487257,
            0.0005000000237487257,
            0.0005000000237487257
        ]
    },
    "evaluation_metrics": {
        "accuracy": 0.5828651685393258,
        "precision": 0.3397318046963767,
        "recall": 0.5828651685393258,
        "f1": 0.42926183663499595,
        "classification_report": {
            "0": {
                "precision": 0.0,
                "recall": 0.0,
                "f1-score": 0.0,
                "support": 297.0
            },
            "1": {
                "precision": 0.5828651685393258,
                "recall": 1.0,
                "f1-score": 0.7364685004436556,
                "support": 415.0
            },
            "accuracy": 0.5828651685393258,
            "macro avg": {
                "precision": 0.2914325842696629,
                "recall": 0.5,
                "f1-score": 0.3682342502218278,
                "support": 712.0
            },
            "weighted avg": {
                "precision": 0.3397318046963767,
                "recall": 0.5828651685393258,
                "f1-score": 0.42926183663499595,
                "support": 712.0
            }
        },
        "confusion_matrix": [
            [
                0,
                297
            ],
            [
                0,
                415
            ]
        ]
    }
}