{
    "timestamp": "2025-04-28 20:41:53",
    "training_history": {
        "accuracy": [
            0.5527288913726807,
            0.5890716910362244,
            0.6236929297447205,
            0.6537873148918152,
            0.6810762286186218,
            0.7094491124153137,
            0.7471945881843567,
            0.7692552804946899,
            0.7814332842826843,
            0.7932925224304199,
            0.8031752109527588
        ],
        "loss": [
            0.7489862442016602,
            0.7041307687759399,
            0.6697794198989868,
            0.6430416703224182,
            0.6179294586181641,
            0.5880186557769775,
            0.5401313900947571,
            0.5090667009353638,
            0.4985233545303345,
            0.47623932361602783,
            0.4613122045993805
        ],
        "val_accuracy": [
            0.564784049987793,
            0.5099667906761169,
            0.5348837375640869,
            0.49501660466194153,
            0.5083056688308716,
            0.5780730843544006,
            0.5116279125213623,
            0.5166112780570984,
            0.5,
            0.5382059812545776,
            0.5315614342689514
        ],
        "val_loss": [
            0.7378994822502136,
            0.7644935250282288,
            0.7834007143974304,
            0.8844799995422363,
            0.9114474058151245,
            0.8841913938522339,
            0.8293725848197937,
            0.8821161985397339,
            0.9713459014892578,
            0.9371961355209351,
            0.9433557391166687
        ],
        "learning_rate": [
            0.0010000000474974513,
            0.0010000000474974513,
            0.0010000000474974513,
            0.0010000000474974513,
            0.0010000000474974513,
            0.0010000000474974513,
            0.0005000000237487257,
            0.0005000000237487257,
            0.0005000000237487257,
            0.0005000000237487257,
            0.0005000000237487257
        ]
    },
    "evaluation_metrics": {
        "accuracy": 0.4950166112956811,
        "precision": 0.467552322784881,
        "recall": 0.4950166112956811,
        "f1": 0.4676638776883217,
        "classification_report": {
            "0": {
                "precision": 0.3765432098765432,
                "recall": 0.23106060606060605,
                "f1-score": 0.28638497652582157,
                "support": 264.0
            },
            "1": {
                "precision": 0.5386363636363637,
                "recall": 0.7011834319526628,
                "f1-score": 0.609254498714653,
                "support": 338.0
            },
            "accuracy": 0.4950166112956811,
            "macro avg": {
                "precision": 0.45758978675645345,
                "recall": 0.4661220190066344,
                "f1-score": 0.4478197376202373,
                "support": 602.0
            },
            "weighted avg": {
                "precision": 0.467552322784881,
                "recall": 0.4950166112956811,
                "f1-score": 0.4676638776883217,
                "support": 602.0
            }
        },
        "confusion_matrix": [
            [
                61,
                203
            ],
            [
                101,
                237
            ]
        ]
    }
}