{
    "timestamp": "2025-04-28 20:12:13",
    "training_history": {
        "accuracy": [
            0.5497908592224121,
            0.5985103845596313,
            0.6402407884597778,
            0.6753902435302734,
            0.7024283409118652,
            0.7238547205924988,
            0.7590041756629944,
            0.7780328392982483,
            0.792011022567749,
            0.796245276927948,
            0.8041016459465027
        ],
        "loss": [
            0.7432929873466492,
            0.6907205581665039,
            0.6542395949363708,
            0.6211597919464111,
            0.5915229916572571,
            0.566978394985199,
            0.5232431888580322,
            0.49526137113571167,
            0.4757425785064697,
            0.47141438722610474,
            0.4554974138736725
        ],
        "val_accuracy": [
            0.46952009201049805,
            0.4760051965713501,
            0.5188067555427551,
            0.4578469395637512,
            0.5175096988677979,
            0.49935150146484375,
            0.4811932444572449,
            0.48249027132987976,
            0.4928663969039917,
            0.48508429527282715,
            0.505836546421051
        ],
        "val_loss": [
            0.7734445333480835,
            0.900497317314148,
            0.8506015539169312,
            0.865154504776001,
            0.8985143899917603,
            1.027756690979004,
            1.1608818769454956,
            1.1667102575302124,
            1.2949128150939941,
            1.3202303647994995,
            1.2604900598526
        ],
        "learning_rate": [
            0.0010000000474974513,
            0.0010000000474974513,
            0.0010000000474974513,
            0.0010000000474974513,
            0.0010000000474974513,
            0.0010000000474974513,
            0.0005000000237487257,
            0.0005000000237487257,
            0.0005000000237487257,
            0.0005000000237487257,
            0.0005000000237487257
        ]
    },
    "evaluation_metrics": {
        "accuracy": 0.5375647668393783,
        "precision": 0.5312022061166367,
        "recall": 0.5375647668393783,
        "f1": 0.4971631632372726,
        "classification_report": {
            "0": {
                "precision": 0.5178571428571429,
                "recall": 0.2396694214876033,
                "f1-score": 0.3276836158192091,
                "support": 363.0
            },
            "1": {
                "precision": 0.543046357615894,
                "recall": 0.8019559902200489,
                "f1-score": 0.6475814412635735,
                "support": 409.0
            },
            "accuracy": 0.5375647668393783,
            "macro avg": {
                "precision": 0.5304517502365185,
                "recall": 0.5208127058538261,
                "f1-score": 0.4876325285413913,
                "support": 772.0
            },
            "weighted avg": {
                "precision": 0.5312022061166367,
                "recall": 0.5375647668393783,
                "f1-score": 0.4971631632372726,
                "support": 772.0
            }
        },
        "confusion_matrix": [
            [
                87,
                276
            ],
            [
                81,
                328
            ]
        ]
    }
}