{
    "timestamp": "2025-04-28 20:36:01",
    "training_history": {
        "accuracy": [
            0.5261339545249939,
            0.5430644750595093,
            0.5704548358917236,
            0.5980650782585144,
            0.6231624484062195,
            0.6458097696304321,
            0.6729802489280701,
            0.6944339871406555,
            0.7094483971595764,
            0.7420216202735901,
            0.7573815584182739,
            0.7671189904212952,
            0.7778929471969604,
            0.7832956314086914
        ],
        "loss": [
            0.7316166758537292,
            0.6984222531318665,
            0.6843582391738892,
            0.6678364872932434,
            0.6493089199066162,
            0.6298866271972656,
            0.6107649803161621,
            0.5898886322975159,
            0.5750976204872131,
            0.53130042552948,
            0.5137262344360352,
            0.4994095265865326,
            0.4833783209323883,
            0.4741194248199463
        ],
        "val_accuracy": [
            0.5643024444580078,
            0.5565081834793091,
            0.5681995153427124,
            0.5261106491088867,
            0.5775526165962219,
            0.5650818347930908,
            0.5658612847328186,
            0.5611847043037415,
            0.5728760957717896,
            0.5697583556175232,
            0.5557287335395813,
            0.5759937763214111,
            0.5619641542434692,
            0.5728760957717896
        ],
        "val_loss": [
            0.7925522923469543,
            0.9499896764755249,
            0.7195035219192505,
            0.7093365788459778,
            0.9212791323661804,
            0.9698664546012878,
            1.1678831577301025,
            0.9397764205932617,
            1.3188871145248413,
            0.9432894587516785,
            1.1635174751281738,
            1.474226713180542,
            1.046184778213501,
            1.965367078781128
        ],
        "learning_rate": [
            0.0010000000474974513,
            0.0010000000474974513,
            0.0010000000474974513,
            0.0010000000474974513,
            0.0010000000474974513,
            0.0010000000474974513,
            0.0010000000474974513,
            0.0010000000474974513,
            0.0010000000474974513,
            0.0005000000237487257,
            0.0005000000237487257,
            0.0005000000237487257,
            0.0005000000237487257,
            0.0005000000237487257
        ]
    },
    "evaluation_metrics": {
        "accuracy": 0.5198752922837101,
        "precision": 0.550152408491526,
        "recall": 0.5198752922837101,
        "f1": 0.5004854932695427,
        "classification_report": {
            "0": {
                "precision": 0.48337028824833705,
                "recall": 0.7440273037542662,
                "f1-score": 0.5860215053763441,
                "support": 586.0
            },
            "1": {
                "precision": 0.6062992125984252,
                "recall": 0.3314203730272597,
                "f1-score": 0.4285714285714286,
                "support": 697.0
            },
            "accuracy": 0.5198752922837101,
            "macro avg": {
                "precision": 0.5448347504233811,
                "recall": 0.537723838390763,
                "f1-score": 0.5072964669738864,
                "support": 1283.0
            },
            "weighted avg": {
                "precision": 0.550152408491526,
                "recall": 0.5198752922837101,
                "f1-score": 0.5004854932695427,
                "support": 1283.0
            }
        },
        "confusion_matrix": [
            [
                436,
                150
            ],
            [
                466,
                231
            ]
        ]
    }
}