{
    "timestamp": "2025-04-28 20:42:24",
    "training_history": {
        "accuracy": [
            0.5434291362762451,
            0.5730276703834534,
            0.598051905632019,
            0.6265202760696411,
            0.6656441688537598,
            0.6891615390777588,
            0.7297922968864441,
            0.7444300651550293,
            0.7628350257873535,
            0.7732213735580444,
            0.7825314998626709
        ],
        "loss": [
            0.7441919445991516,
            0.7019091844558716,
            0.6703650951385498,
            0.6457107663154602,
            0.6137425303459167,
            0.5886303782463074,
            0.5400842428207397,
            0.5201287269592285,
            0.5027337074279785,
            0.4859279692173004,
            0.47389310598373413
        ],
        "val_accuracy": [
            0.47229915857315063,
            0.4196676015853882,
            0.44736841320991516,
            0.4459833800792694,
            0.43905818462371826,
            0.5,
            0.4889196753501892,
            0.4515235424041748,
            0.47229915857315063,
            0.46398892998695374,
            0.46675899624824524
        ],
        "val_loss": [
            0.7569517493247986,
            0.7970278263092041,
            0.8548992872238159,
            0.8694659471511841,
            0.9001290798187256,
            0.8805843591690063,
            0.9736423492431641,
            1.045173168182373,
            1.059920072555542,
            1.102041482925415,
            1.1470195055007935
        ],
        "learning_rate": [
            0.0010000000474974513,
            0.0010000000474974513,
            0.0010000000474974513,
            0.0010000000474974513,
            0.0010000000474974513,
            0.0010000000474974513,
            0.0005000000237487257,
            0.0005000000237487257,
            0.0005000000237487257,
            0.0005000000237487257,
            0.0005000000237487257
        ]
    },
    "evaluation_metrics": {
        "accuracy": 0.5255878284923928,
        "precision": 0.5576657132834558,
        "recall": 0.5255878284923928,
        "f1": 0.4713914385283747,
        "classification_report": {
            "0": {
                "precision": 0.6046511627906976,
                "recall": 0.21081081081081082,
                "f1-score": 0.312625250501002,
                "support": 370.0
            },
            "1": {
                "precision": 0.5084175084175084,
                "recall": 0.8555240793201133,
                "f1-score": 0.6378035902851109,
                "support": 353.0
            },
            "accuracy": 0.5255878284923928,
            "macro avg": {
                "precision": 0.556534335604103,
                "recall": 0.5331674450654621,
                "f1-score": 0.47521442039305645,
                "support": 723.0
            },
            "weighted avg": {
                "precision": 0.5576657132834558,
                "recall": 0.5255878284923928,
                "f1-score": 0.4713914385283747,
                "support": 723.0
            }
        },
        "confusion_matrix": [
            [
                78,
                292
            ],
            [
                51,
                302
            ]
        ]
    }
}