{
    "timestamp": "2025-04-28 20:46:05",
    "training_history": {
        "accuracy": [
            0.5353747606277466,
            0.5646325945854187,
            0.6035816669464111,
            0.6424939036369324,
            0.6704252362251282,
            0.6968826055526733,
            0.713611900806427,
            0.7508659362792969,
            0.7719802260398865,
            0.7790920734405518,
            0.7917680144309998,
            0.7982901930809021
        ],
        "loss": [
            0.7335326671600342,
            0.6935377717018127,
            0.673235297203064,
            0.6464719772338867,
            0.6222657561302185,
            0.5993589162826538,
            0.5787724256515503,
            0.5326313972473145,
            0.5051090121269226,
            0.4925016164779663,
            0.4770442545413971,
            0.46468162536621094
        ],
        "val_accuracy": [
            0.5542495250701904,
            0.5741410255432129,
            0.5045207738876343,
            0.5235081315040588,
            0.534358024597168,
            0.5198915004730225,
            0.5370705127716064,
            0.5452079772949219,
            0.5397830009460449,
            0.5424954891204834,
            0.5009041428565979,
            0.5153707265853882
        ],
        "val_loss": [
            0.7149550318717957,
            0.7130573987960815,
            0.7711594104766846,
            0.8166630268096924,
            0.9058045148849487,
            0.8524144291877747,
            0.9777746796607971,
            1.074520468711853,
            1.1040074825286865,
            0.9889153242111206,
            1.134548544883728,
            1.1969808340072632
        ],
        "learning_rate": [
            0.0010000000474974513,
            0.0010000000474974513,
            0.0010000000474974513,
            0.0010000000474974513,
            0.0010000000474974513,
            0.0010000000474974513,
            0.0010000000474974513,
            0.0005000000237487257,
            0.0005000000237487257,
            0.0005000000237487257,
            0.0005000000237487257,
            0.0005000000237487257
        ]
    },
    "evaluation_metrics": {
        "accuracy": 0.5257452574525745,
        "precision": 0.5033616584348742,
        "recall": 0.5257452574525745,
        "f1": 0.4475101862956762,
        "classification_report": {
            "0": {
                "precision": 0.46808510638297873,
                "recall": 0.12790697674418605,
                "f1-score": 0.2009132420091324,
                "support": 516.0
            },
            "1": {
                "precision": 0.5341614906832298,
                "recall": 0.8730964467005076,
                "f1-score": 0.6628131021194605,
                "support": 591.0
            },
            "accuracy": 0.5257452574525745,
            "macro avg": {
                "precision": 0.5011232985331042,
                "recall": 0.5005017117223468,
                "f1-score": 0.4318631720642965,
                "support": 1107.0
            },
            "weighted avg": {
                "precision": 0.5033616584348742,
                "recall": 0.5257452574525745,
                "f1-score": 0.4475101862956762,
                "support": 1107.0
            }
        },
        "confusion_matrix": [
            [
                66,
                450
            ],
            [
                75,
                516
            ]
        ]
    }
}