{
    "timestamp": "2025-04-28 20:44:02",
    "training_history": {
        "accuracy": [
            0.5515425801277161,
            0.5890466570854187,
            0.6215311884880066,
            0.6563010215759277,
            0.6802563071250916,
            0.702048659324646,
            0.7191479206085205,
            0.7490205764770508,
            0.7655484676361084,
            0.7773016691207886,
            0.7823212742805481,
            0.790034294128418
        ],
        "loss": [
            0.7403357625007629,
            0.6924447417259216,
            0.6663440465927124,
            0.6393805742263794,
            0.6178814768791199,
            0.593738853931427,
            0.5724054574966431,
            0.5291902422904968,
            0.506111741065979,
            0.49087193608283997,
            0.48248112201690674,
            0.4693209230899811
        ],
        "val_accuracy": [
            0.5269872546195984,
            0.5318940281867981,
            0.5269872546195984,
            0.5269872546195984,
            0.534838080406189,
            0.5456329584121704,
            0.5387635231018066,
            0.5377821326255798,
            0.5446516275405884,
            0.5309126377105713,
            0.5446516275405884,
            0.5456329584121704
        ],
        "val_loss": [
            0.7325676083564758,
            0.7259801030158997,
            0.7301931381225586,
            0.7432213425636292,
            0.7374261021614075,
            0.7468466758728027,
            0.7460393309593201,
            0.7568914890289307,
            0.7374617457389832,
            0.7705390453338623,
            0.7365727424621582,
            0.7691187262535095
        ],
        "learning_rate": [
            0.0010000000474974513,
            0.0010000000474974513,
            0.0010000000474974513,
            0.0010000000474974513,
            0.0010000000474974513,
            0.0010000000474974513,
            0.0010000000474974513,
            0.0005000000237487257,
            0.0005000000237487257,
            0.0005000000237487257,
            0.0005000000237487257,
            0.0005000000237487257
        ]
    },
    "evaluation_metrics": {
        "accuracy": 0.5078431372549019,
        "precision": 0.2579046520569012,
        "recall": 0.5078431372549019,
        "f1": 0.3420841938856166,
        "classification_report": {
            "0": {
                "precision": 0.0,
                "recall": 0.0,
                "f1-score": 0.0,
                "support": 502.0
            },
            "1": {
                "precision": 0.5078431372549019,
                "recall": 1.0,
                "f1-score": 0.6736020806241872,
                "support": 518.0
            },
            "accuracy": 0.5078431372549019,
            "macro avg": {
                "precision": 0.25392156862745097,
                "recall": 0.5,
                "f1-score": 0.3368010403120936,
                "support": 1020.0
            },
            "weighted avg": {
                "precision": 0.2579046520569012,
                "recall": 0.5078431372549019,
                "f1-score": 0.3420841938856166,
                "support": 1020.0
            }
        },
        "confusion_matrix": [
            [
                0,
                502
            ],
            [
                0,
                518
            ]
        ]
    }
}