{
    "timestamp": "2025-04-28 20:44:35",
    "training_history": {
        "accuracy": [
            0.5558108687400818,
            0.5969158411026001,
            0.6400633454322815,
            0.6740706562995911,
            0.7077716588973999,
            0.7419832348823547,
            0.7589358687400818,
            0.7784416079521179,
            0.806525707244873,
            0.8218954205513,
            0.8316993713378906,
            0.8334864974021912,
            0.8417585492134094
        ],
        "loss": [
            0.7457394003868103,
            0.6945251226425171,
            0.6565986275672913,
            0.6236963272094727,
            0.5908991694450378,
            0.5545861124992371,
            0.5311210751533508,
            0.5098861455917358,
            0.4636598527431488,
            0.43650150299072266,
            0.42303383350372314,
            0.4173578917980194,
            0.4029475152492523
        ],
        "val_accuracy": [
            0.5044814348220825,
            0.5480153560638428,
            0.5467349290847778,
            0.5300896167755127,
            0.5480153560638428,
            0.4942381680011749,
            0.5108835101127625,
            0.5288091897964478,
            0.5096030831336975,
            0.5198463797569275,
            0.4903969168663025,
            0.4775928258895874,
            0.5134443044662476
        ],
        "val_loss": [
            0.754210889339447,
            0.737611711025238,
            0.7366704940795898,
            0.7781409621238708,
            0.8555577397346497,
            0.8339295983314514,
            0.8118314146995544,
            0.8942554593086243,
            1.0021849870681763,
            1.081680417060852,
            0.982789933681488,
            0.9999123811721802,
            1.17891263961792
        ],
        "learning_rate": [
            0.0010000000474974513,
            0.0010000000474974513,
            0.0010000000474974513,
            0.0010000000474974513,
            0.0010000000474974513,
            0.0010000000474974513,
            0.0010000000474974513,
            0.0010000000474974513,
            0.0005000000237487257,
            0.0005000000237487257,
            0.0005000000237487257,
            0.0005000000237487257,
            0.0005000000237487257
        ]
    },
    "evaluation_metrics": {
        "accuracy": 0.5485933503836317,
        "precision": 0.5043683464957602,
        "recall": 0.5485933503836317,
        "f1": 0.45952927236556684,
        "classification_report": {
            "0": {
                "precision": 0.43037974683544306,
                "recall": 0.09941520467836257,
                "f1-score": 0.16152019002375298,
                "support": 342.0
            },
            "1": {
                "precision": 0.561877667140825,
                "recall": 0.8977272727272727,
                "f1-score": 0.6911636045494313,
                "support": 440.0
            },
            "accuracy": 0.5485933503836317,
            "macro avg": {
                "precision": 0.49612870698813405,
                "recall": 0.4985712387028176,
                "f1-score": 0.4263418972865921,
                "support": 782.0
            },
            "weighted avg": {
                "precision": 0.5043683464957602,
                "recall": 0.5485933503836317,
                "f1-score": 0.45952927236556684,
                "support": 782.0
            }
        },
        "confusion_matrix": [
            [
                34,
                308
            ],
            [
                45,
                395
            ]
        ]
    }
}