{
    "timestamp": "2025-04-28 20:47:44",
    "training_history": {
        "accuracy": [
            0.5360969305038452,
            0.5815476179122925,
            0.6157737970352173,
            0.6528061032295227,
            0.6802296042442322,
            0.7023809552192688,
            0.7413690686225891,
            0.7569302916526794,
            0.7692176699638367,
            0.7823554277420044,
            0.7913690209388733
        ],
        "loss": [
            0.740966796875,
            0.6979547739028931,
            0.6698514819145203,
            0.6416760683059692,
            0.6138046383857727,
            0.5931922793388367,
            0.5421984791755676,
            0.5208176374435425,
            0.5034546852111816,
            0.4878073036670685,
            0.4708719551563263
        ],
        "val_accuracy": [
            0.4084506928920746,
            0.42145177721977234,
            0.417118102312088,
            0.4344528615474701,
            0.42686891555786133,
            0.44203683733940125,
            0.4561213552951813,
            0.4279523193836212,
            0.4290357530117035,
            0.4485373795032501,
            0.4398699998855591
        ],
        "val_loss": [
            0.786602795124054,
            0.9418795108795166,
            0.9586082696914673,
            0.9229037761688232,
            1.0829102993011475,
            1.1264830827713013,
            1.181943655014038,
            1.210754632949829,
            1.379215121269226,
            1.3487309217453003,
            1.4424748420715332
        ],
        "learning_rate": [
            0.0010000000474974513,
            0.0010000000474974513,
            0.0010000000474974513,
            0.0010000000474974513,
            0.0010000000474974513,
            0.0010000000474974513,
            0.0005000000237487257,
            0.0005000000237487257,
            0.0005000000237487257,
            0.0005000000237487257,
            0.0005000000237487257
        ]
    },
    "evaluation_metrics": {
        "accuracy": 0.5281385281385281,
        "precision": 0.5370456220034782,
        "recall": 0.5281385281385281,
        "f1": 0.5234692521033518,
        "classification_report": {
            "0": {
                "precision": 0.5008976660682226,
                "recall": 0.6384439359267735,
                "f1-score": 0.5613682092555333,
                "support": 437.0
            },
            "1": {
                "precision": 0.5694822888283378,
                "recall": 0.42915811088295686,
                "f1-score": 0.4894613583138173,
                "support": 487.0
            },
            "accuracy": 0.5281385281385281,
            "macro avg": {
                "precision": 0.5351899774482802,
                "recall": 0.5338010234048651,
                "f1-score": 0.5254147837846753,
                "support": 924.0
            },
            "weighted avg": {
                "precision": 0.5370456220034782,
                "recall": 0.5281385281385281,
                "f1-score": 0.5234692521033518,
                "support": 924.0
            }
        },
        "confusion_matrix": [
            [
                279,
                158
            ],
            [
                278,
                209
            ]
        ]
    }
}