{
    "timestamp": "2025-04-28 20:45:16",
    "training_history": {
        "accuracy": [
            0.5588716864585876,
            0.5888888835906982,
            0.6120585799217224,
            0.6313523054122925,
            0.6467269659042358,
            0.6669250726699829,
            0.6835486888885498,
            0.7111972570419312,
            0.7253660559654236,
            0.7389750480651855,
            0.75,
            0.7569336891174316
        ],
        "loss": [
            0.7349831461906433,
            0.6907497048377991,
            0.6730059385299683,
            0.6562333703041077,
            0.6417908072471619,
            0.6266995072364807,
            0.6099117994308472,
            0.5753684043884277,
            0.5555043816566467,
            0.5415360927581787,
            0.5305391550064087,
            0.5178729891777039
        ],
        "val_accuracy": [
            0.5804416537284851,
            0.5562565922737122,
            0.5531020164489746,
            0.5362775921821594,
            0.5415351986885071,
            0.4837013781070709,
            0.5310199856758118,
            0.5215562582015991,
            0.47318610548973083,
            0.5173501372337341,
            0.4837013781070709,
            0.519453227519989
        ],
        "val_loss": [
            0.7398269772529602,
            0.723016619682312,
            0.7716400027275085,
            0.7572951316833496,
            0.8011366128921509,
            0.7496199011802673,
            0.8066959381103516,
            0.8369203805923462,
            0.8683883547782898,
            0.8140324950218201,
            0.8796810507774353,
            0.8921869397163391
        ],
        "learning_rate": [
            0.0010000000474974513,
            0.0010000000474974513,
            0.0010000000474974513,
            0.0010000000474974513,
            0.0010000000474974513,
            0.0010000000474974513,
            0.0010000000474974513,
            0.0005000000237487257,
            0.0005000000237487257,
            0.0005000000237487257,
            0.0005000000237487257,
            0.0005000000237487257
        ]
    },
    "evaluation_metrics": {
        "accuracy": 0.5247108307045215,
        "precision": 0.5001773160249292,
        "recall": 0.5247108307045215,
        "f1": 0.40153665611965683,
        "classification_report": {
            "0": {
                "precision": 0.46938775510204084,
                "recall": 0.051224944320712694,
                "f1-score": 0.09236947791164658,
                "support": 449.0
            },
            "1": {
                "precision": 0.5277161862527716,
                "recall": 0.9482071713147411,
                "f1-score": 0.678062678062678,
                "support": 502.0
            },
            "accuracy": 0.5247108307045215,
            "macro avg": {
                "precision": 0.4985519706774062,
                "recall": 0.4997160578177269,
                "f1-score": 0.3852160779871623,
                "support": 951.0
            },
            "weighted avg": {
                "precision": 0.5001773160249292,
                "recall": 0.5247108307045215,
                "f1-score": 0.40153665611965683,
                "support": 951.0
            }
        },
        "confusion_matrix": [
            [
                23,
                426
            ],
            [
                26,
                476
            ]
        ]
    }
}