{
    "timestamp": "2025-04-28 20:47:10",
    "training_history": {
        "accuracy": [
            0.5196636319160461,
            0.5486100912094116,
            0.5849677920341492,
            0.6247442364692688,
            0.6610021591186523,
            0.6889005303382874,
            0.7298248410224915,
            0.7460947036743164,
            0.7573738694190979,
            0.7704746127128601,
            0.7799820303916931
        ],
        "loss": [
            0.7307279706001282,
            0.6993095278739929,
            0.6834520697593689,
            0.6612657308578491,
            0.6343805193901062,
            0.6092997193336487,
            0.5620991587638855,
            0.5387022495269775,
            0.5208566784858704,
            0.5066860914230347,
            0.4957897663116455
        ],
        "val_accuracy": [
            0.4748247265815735,
            0.4359464645385742,
            0.4372211694717407,
            0.4187380373477936,
            0.42574888467788696,
            0.4321223795413971,
            0.4282982647418976,
            0.4251115322113037,
            0.43021032214164734,
            0.4321223795413971,
            0.42447417974472046
        ],
        "val_loss": [
            0.7238242626190186,
            0.827912449836731,
            0.770122766494751,
            1.30778169631958,
            2.161963939666748,
            1.1614573001861572,
            1.797296166419983,
            2.7067172527313232,
            2.17238187789917,
            2.164041519165039,
            2.6387810707092285
        ],
        "learning_rate": [
            0.0010000000474974513,
            0.0010000000474974513,
            0.0010000000474974513,
            0.0010000000474974513,
            0.0010000000474974513,
            0.0010000000474974513,
            0.0005000000237487257,
            0.0005000000237487257,
            0.0005000000237487257,
            0.0005000000237487257,
            0.0005000000237487257
        ]
    },
    "evaluation_metrics": {
        "accuracy": 0.47070063694267517,
        "precision": 0.4690043710315199,
        "recall": 0.47070063694267517,
        "f1": 0.37044009017745105,
        "classification_report": {
            "0": {
                "precision": 0.4710860366713681,
                "recall": 0.8918558077436582,
                "f1-score": 0.6165205353022613,
                "support": 749.0
            },
            "1": {
                "precision": 0.46710526315789475,
                "recall": 0.08647990255785627,
                "f1-score": 0.1459403905447071,
                "support": 821.0
            },
            "accuracy": 0.47070063694267517,
            "macro avg": {
                "precision": 0.46909564991463143,
                "recall": 0.4891678551507573,
                "f1-score": 0.38123046292348417,
                "support": 1570.0
            },
            "weighted avg": {
                "precision": 0.4690043710315199,
                "recall": 0.47070063694267517,
                "f1-score": 0.37044009017745105,
                "support": 1570.0
            }
        },
        "confusion_matrix": [
            [
                668,
                81
            ],
            [
                750,
                71
            ]
        ]
    }
}