{
    "timestamp": "2025-04-28 20:48:56",
    "training_history": {
        "accuracy": [
            0.5450078845024109,
            0.5951912999153137,
            0.6354821920394897,
            0.670597493648529,
            0.7004061937332153,
            0.7261530160903931,
            0.7418107986450195,
            0.7551100850105286,
            0.7841981053352356,
            0.7954664826393127,
            0.8069968819618225,
            0.8094863891601562,
            0.8164308071136475
        ],
        "loss": [
            0.7446951270103455,
            0.6960288286209106,
            0.6575170159339905,
            0.6204798221588135,
            0.590058445930481,
            0.5596627593040466,
            0.5371640920639038,
            0.5174055695533752,
            0.47897249460220337,
            0.45349982380867004,
            0.43843939900398254,
            0.4285341799259186,
            0.41885992884635925
        ],
        "val_accuracy": [
            0.5055821537971497,
            0.4880382716655731,
            0.5342902541160583,
            0.46889951825141907,
            0.489633172750473,
            0.5071770548820496,
            0.5438596606254578,
            0.5151515007019043,
            0.5247209072113037,
            0.5550239086151123,
            0.5263158082962036,
            0.5247209072113037,
            0.5629984140396118
        ],
        "val_loss": [
            0.7411450147628784,
            0.7239768505096436,
            0.7212430834770203,
            0.7543396949768066,
            0.7433451414108276,
            0.766753077507019,
            0.7478806376457214,
            0.7817076444625854,
            0.8150193691253662,
            0.7978839874267578,
            0.8467398285865784,
            0.8644151091575623,
            0.8382117748260498
        ],
        "learning_rate": [
            0.0010000000474974513,
            0.0010000000474974513,
            0.0010000000474974513,
            0.0010000000474974513,
            0.0010000000474974513,
            0.0010000000474974513,
            0.0010000000474974513,
            0.0010000000474974513,
            0.0005000000237487257,
            0.0005000000237487257,
            0.0005000000237487257,
            0.0005000000237487257,
            0.0005000000237487257
        ]
    },
    "evaluation_metrics": {
        "accuracy": 0.5007974481658692,
        "precision": 0.5231205772595655,
        "recall": 0.5007974481658692,
        "f1": 0.4895260236418889,
        "classification_report": {
            "0": {
                "precision": 0.46359223300970875,
                "recall": 0.6749116607773852,
                "f1-score": 0.5496402877697841,
                "support": 283.0
            },
            "1": {
                "precision": 0.5720930232558139,
                "recall": 0.35755813953488375,
                "f1-score": 0.44007155635062617,
                "support": 344.0
            },
            "accuracy": 0.5007974481658692,
            "macro avg": {
                "precision": 0.5178426281327613,
                "recall": 0.5162349001561345,
                "f1-score": 0.4948559220602051,
                "support": 627.0
            },
            "weighted avg": {
                "precision": 0.5231205772595655,
                "recall": 0.5007974481658692,
                "f1-score": 0.4895260236418889,
                "support": 627.0
            }
        },
        "confusion_matrix": [
            [
                191,
                92
            ],
            [
                221,
                123
            ]
        ]
    }
}