{
    "timestamp": "2025-04-28 20:48:29",
    "training_history": {
        "accuracy": [
            0.5269776582717896,
            0.5653840899467468,
            0.5934007167816162,
            0.6190885901451111,
            0.6470693349838257,
            0.6675623655319214,
            0.7091215252876282,
            0.7309042811393738,
            0.7405775189399719,
            0.7536901831626892,
            0.7668744921684265
        ],
        "loss": [
            0.7408937215805054,
            0.7012341022491455,
            0.6826382279396057,
            0.6672653555870056,
            0.6454294323921204,
            0.6293309926986694,
            0.5823846459388733,
            0.5597690939903259,
            0.5419834852218628,
            0.5258961319923401,
            0.5088744759559631
        ],
        "val_accuracy": [
            0.472172349691391,
            0.43806102871894836,
            0.5116696357727051,
            0.5053859949111938,
            0.44524237513542175,
            0.5233393311500549,
            0.4685816764831543,
            0.47037702798843384,
            0.46499103307724,
            0.4640933573246002,
            0.4685816764831543
        ],
        "val_loss": [
            0.7474668025970459,
            0.8508529663085938,
            0.8715706467628479,
            0.819729745388031,
            1.1762800216674805,
            0.9458462595939636,
            1.2091782093048096,
            1.0984057188034058,
            1.2249399423599243,
            1.246790885925293,
            1.1532176733016968
        ],
        "learning_rate": [
            0.0010000000474974513,
            0.0010000000474974513,
            0.0010000000474974513,
            0.0010000000474974513,
            0.0010000000474974513,
            0.0010000000474974513,
            0.0005000000237487257,
            0.0005000000237487257,
            0.0005000000237487257,
            0.0005000000237487257,
            0.0005000000237487257
        ]
    },
    "evaluation_metrics": {
        "accuracy": 0.42010771992818674,
        "precision": 0.5075922230539737,
        "recall": 0.42010771992818674,
        "f1": 0.2542626153686762,
        "classification_report": {
            "0": {
                "precision": 0.41915085817524844,
                "recall": 0.9935760171306209,
                "f1-score": 0.5895806861499365,
                "support": 467.0
            },
            "1": {
                "precision": 0.5714285714285714,
                "recall": 0.0061823802163833074,
                "f1-score": 0.012232415902140673,
                "support": 647.0
            },
            "accuracy": 0.42010771992818674,
            "macro avg": {
                "precision": 0.4952897148019099,
                "recall": 0.4998791986735021,
                "f1-score": 0.3009065510260386,
                "support": 1114.0
            },
            "weighted avg": {
                "precision": 0.5075922230539737,
                "recall": 0.42010771992818674,
                "f1-score": 0.2542626153686762,
                "support": 1114.0
            }
        },
        "confusion_matrix": [
            [
                464,
                3
            ],
            [
                643,
                4
            ]
        ]
    }
}