{
    "timestamp": "2025-04-28 20:49:55",
    "training_history": {
        "accuracy": [
            0.5319181680679321,
            0.5528056025505066,
            0.5790693163871765,
            0.6097515821456909,
            0.6340687274932861,
            0.6589420437812805,
            0.6807872653007507,
            0.7019218802452087,
            0.7377641797065735,
            0.7493511438369751,
            0.7653874754905701,
            0.7771289348602295,
            0.7831850051879883
        ],
        "loss": [
            0.7403365969657898,
            0.6991006731987,
            0.6833178400993347,
            0.6650103330612183,
            0.6485350131988525,
            0.6274629235267639,
            0.6037039160728455,
            0.5855868458747864,
            0.5407302379608154,
            0.5210009217262268,
            0.5024294853210449,
            0.48751696944236755,
            0.4767211079597473
        ],
        "val_accuracy": [
            0.495356023311615,
            0.48993808031082153,
            0.5154798626899719,
            0.5123838782310486,
            0.5340557098388672,
            0.529411792755127,
            0.5394737124443054,
            0.5201238393783569,
            0.5170278549194336,
            0.5239937901496887,
            0.5356037020683289,
            0.5239937901496887,
            0.5301857590675354
        ],
        "val_loss": [
            0.7540699243545532,
            0.7753549218177795,
            0.742228627204895,
            0.8470964431762695,
            0.8473208546638489,
            0.773559033870697,
            1.0322504043579102,
            1.144911289215088,
            1.1115050315856934,
            1.0883439779281616,
            1.170501708984375,
            1.0425899028778076,
            1.043198823928833
        ],
        "learning_rate": [
            0.0010000000474974513,
            0.0010000000474974513,
            0.0010000000474974513,
            0.0010000000474974513,
            0.0010000000474974513,
            0.0010000000474974513,
            0.0010000000474974513,
            0.0010000000474974513,
            0.0005000000237487257,
            0.0005000000237487257,
            0.0005000000237487257,
            0.0005000000237487257,
            0.0005000000237487257
        ]
    },
    "evaluation_metrics": {
        "accuracy": 0.4802784222737819,
        "precision": 0.5082914250608264,
        "recall": 0.4802784222737819,
        "f1": 0.4389133217577797,
        "classification_report": {
            "0": {
                "precision": 0.4606965174129353,
                "recall": 0.7807757166947723,
                "f1-score": 0.5794743429286608,
                "support": 593.0
            },
            "1": {
                "precision": 0.5486111111111112,
                "recall": 0.2257142857142857,
                "f1-score": 0.3198380566801619,
                "support": 700.0
            },
            "accuracy": 0.4802784222737819,
            "macro avg": {
                "precision": 0.5046538142620233,
                "recall": 0.503245001204529,
                "f1-score": 0.4496561998044114,
                "support": 1293.0
            },
            "weighted avg": {
                "precision": 0.5082914250608264,
                "recall": 0.4802784222737819,
                "f1-score": 0.4389133217577797,
                "support": 1293.0
            }
        },
        "confusion_matrix": [
            [
                463,
                130
            ],
            [
                542,
                158
            ]
        ]
    }
}