{
    "timestamp": "2025-04-28 20:50:16",
    "training_history": {
        "accuracy": [
            0.5473588109016418,
            0.5970855951309204,
            0.6331511735916138,
            0.6666666865348816,
            0.7006375193595886,
            0.7185792326927185,
            0.7602914571762085,
            0.7750455141067505,
            0.7891620993614197,
            0.79171222448349,
            0.8078324198722839
        ],
        "loss": [
            0.7561720013618469,
            0.7052433490753174,
            0.6657809615135193,
            0.6346369981765747,
            0.6023732423782349,
            0.5839143991470337,
            0.5315945148468018,
            0.5115729570388794,
            0.4870041608810425,
            0.471052348613739,
            0.45707112550735474
        ],
        "val_accuracy": [
            0.5222772359848022,
            0.5470296740531921,
            0.5247524976730347,
            0.5371286869049072,
            0.49504950642585754,
            0.5123762488365173,
            0.5074257254600525,
            0.5123762488365173,
            0.5222772359848022,
            0.5272276997566223,
            0.4975247383117676
        ],
        "val_loss": [
            0.7445563673973083,
            0.7578292489051819,
            0.8256242871284485,
            0.820442795753479,
            0.9274854063987732,
            0.9314979910850525,
            1.0043230056762695,
            1.0285533666610718,
            1.0617538690567017,
            1.1014957427978516,
            1.1152963638305664
        ],
        "learning_rate": [
            0.0010000000474974513,
            0.0010000000474974513,
            0.0010000000474974513,
            0.0010000000474974513,
            0.0010000000474974513,
            0.0010000000474974513,
            0.0005000000237487257,
            0.0005000000237487257,
            0.0005000000237487257,
            0.0005000000237487257,
            0.0005000000237487257
        ]
    },
    "evaluation_metrics": {
        "accuracy": 0.4876237623762376,
        "precision": 0.5061247290456037,
        "recall": 0.4876237623762376,
        "f1": 0.4793209083672965,
        "classification_report": {
            "0": {
                "precision": 0.45136186770428016,
                "recall": 0.6373626373626373,
                "f1-score": 0.5284738041002278,
                "support": 182.0
            },
            "1": {
                "precision": 0.5510204081632653,
                "recall": 0.36486486486486486,
                "f1-score": 0.4390243902439024,
                "support": 222.0
            },
            "accuracy": 0.4876237623762376,
            "macro avg": {
                "precision": 0.5011911379337727,
                "recall": 0.5011137511137511,
                "f1-score": 0.4837490971720651,
                "support": 404.0
            },
            "weighted avg": {
                "precision": 0.5061247290456037,
                "recall": 0.4876237623762376,
                "f1-score": 0.4793209083672965,
                "support": 404.0
            }
        },
        "confusion_matrix": [
            [
                116,
                66
            ],
            [
                141,
                81
            ]
        ]
    }
}