{
    "timestamp": "2025-04-28 20:50:56",
    "training_history": {
        "accuracy": [
            0.5358133912086487,
            0.5521591901779175,
            0.5724071860313416,
            0.5927852988243103,
            0.6122528910636902,
            0.6326309442520142,
            0.6444242000579834,
            0.6828824281692505,
            0.6981443166732788,
            0.7092005014419556,
            0.7211672067642212,
            0.7309660315513611
        ],
        "loss": [
            0.744356632232666,
            0.7039452195167542,
            0.6870241761207581,
            0.6763403415679932,
            0.6611179709434509,
            0.6472316384315491,
            0.635651171207428,
            0.597177267074585,
            0.5767612457275391,
            0.5654252171516418,
            0.5491635799407959,
            0.5390096306800842
        ],
        "val_accuracy": [
            0.43322476744651794,
            0.45711183547973633,
            0.4668838083744049,
            0.4766558110713959,
            0.4929424524307251,
            0.47448426485061646,
            0.4777415990829468,
            0.4647122621536255,
            0.45711183547973633,
            0.453854501247406,
            0.47448426485061646,
            0.47231268882751465
        ],
        "val_loss": [
            0.7529722452163696,
            0.7373020648956299,
            0.7491106390953064,
            0.7789329290390015,
            0.7486377954483032,
            0.7796428203582764,
            0.8215357661247253,
            0.8161460161209106,
            0.844960629940033,
            0.8414722681045532,
            0.859687864780426,
            0.9285533428192139
        ],
        "learning_rate": [
            0.0010000000474974513,
            0.0010000000474974513,
            0.0010000000474974513,
            0.0010000000474974513,
            0.0010000000474974513,
            0.0010000000474974513,
            0.0010000000474974513,
            0.0005000000237487257,
            0.0005000000237487257,
            0.0005000000237487257,
            0.0005000000237487257,
            0.0005000000237487257
        ]
    },
    "evaluation_metrics": {
        "accuracy": 0.507057546145494,
        "precision": 0.5304618252500989,
        "recall": 0.507057546145494,
        "f1": 0.4417597199823768,
        "classification_report": {
            "0": {
                "precision": 0.4967824967824968,
                "recall": 0.8596881959910914,
                "f1-score": 0.6296900489396412,
                "support": 449.0
            },
            "1": {
                "precision": 0.5625,
                "recall": 0.1716101694915254,
                "f1-score": 0.262987012987013,
                "support": 472.0
            },
            "accuracy": 0.507057546145494,
            "macro avg": {
                "precision": 0.5296412483912484,
                "recall": 0.5156491827413083,
                "f1-score": 0.4463385309633271,
                "support": 921.0
            },
            "weighted avg": {
                "precision": 0.5304618252500989,
                "recall": 0.507057546145494,
                "f1-score": 0.4417597199823768,
                "support": 921.0
            }
        },
        "confusion_matrix": [
            [
                386,
                63
            ],
            [
                391,
                81
            ]
        ]
    }
}