{
    "timestamp": "2025-04-28 20:51:08",
    "training_history": {
        "accuracy": [
            0.5612244606018066,
            0.6297155022621155,
            0.6671304702758789,
            0.698515772819519,
            0.7192331552505493,
            0.7431972622871399,
            0.7786023616790771,
            0.7929808497428894,
            0.8079777359962463,
            0.8084415793418884,
            0.823283851146698
        ],
        "loss": [
            0.7488151788711548,
            0.6849719882011414,
            0.6422603130340576,
            0.6078690886497498,
            0.5755996108055115,
            0.544005811214447,
            0.5040395855903625,
            0.47601136565208435,
            0.4617758095264435,
            0.4492136538028717,
            0.42976921796798706
        ],
        "val_accuracy": [
            0.5477178692817688,
            0.5352697372436523,
            0.5186722278594971,
            0.5269709825515747,
            0.5228216052055359,
            0.46473029255867004,
            0.5062240958213806,
            0.5394191145896912,
            0.5228216052055359,
            0.5062240958213806,
            0.5062240958213806
        ],
        "val_loss": [
            0.7637999057769775,
            0.7766563296318054,
            0.8121526837348938,
            0.855392336845398,
            0.8945697546005249,
            0.9719592928886414,
            0.9205694198608398,
            0.9789550304412842,
            1.0089993476867676,
            1.0264018774032593,
            1.0160400867462158
        ],
        "learning_rate": [
            0.0010000000474974513,
            0.0010000000474974513,
            0.0010000000474974513,
            0.0010000000474974513,
            0.0010000000474974513,
            0.0010000000474974513,
            0.0005000000237487257,
            0.0005000000237487257,
            0.0005000000237487257,
            0.0005000000237487257,
            0.0005000000237487257
        ]
    },
    "evaluation_metrics": {
        "accuracy": 0.45454545454545453,
        "precision": 0.4519737316879555,
        "recall": 0.45454545454545453,
        "f1": 0.4471443406022845,
        "classification_report": {
            "0": {
                "precision": 0.44086021505376344,
                "recall": 0.33884297520661155,
                "f1-score": 0.3831775700934579,
                "support": 121.0
            },
            "1": {
                "precision": 0.46308724832214765,
                "recall": 0.5702479338842975,
                "f1-score": 0.5111111111111111,
                "support": 121.0
            },
            "accuracy": 0.45454545454545453,
            "macro avg": {
                "precision": 0.4519737316879555,
                "recall": 0.45454545454545453,
                "f1-score": 0.4471443406022845,
                "support": 242.0
            },
            "weighted avg": {
                "precision": 0.4519737316879555,
                "recall": 0.45454545454545453,
                "f1-score": 0.4471443406022845,
                "support": 242.0
            }
        },
        "confusion_matrix": [
            [
                41,
                80
            ],
            [
                52,
                69
            ]
        ]
    }
}