{
    "timestamp": "2025-04-28 20:54:07",
    "training_history": {
        "accuracy": [
            0.5998515486717224,
            0.6618411540985107,
            0.7086117267608643,
            0.7427616715431213,
            0.7644765973091125,
            0.7880474925041199,
            0.8008537292480469,
            0.8286933898925781,
            0.8474387526512146,
            0.8530066609382629,
            0.8611729741096497,
            0.8680400848388672
        ],
        "loss": [
            0.730240523815155,
            0.6708530783653259,
            0.6194347739219666,
            0.5660945177078247,
            0.528668999671936,
            0.49872487783432007,
            0.47719746828079224,
            0.43215417861938477,
            0.40649494528770447,
            0.3947223424911499,
            0.38190072774887085,
            0.36357513070106506
        ],
        "val_accuracy": [
            0.6457399129867554,
            0.6233183741569519,
            0.6098654866218567,
            0.5964125394821167,
            0.6008968353271484,
            0.5336322784423828,
            0.4708520174026489,
            0.44843047857284546,
            0.4573991000652313,
            0.4573991000652313,
            0.46188339591026306,
            0.4529148042201996
        ],
        "val_loss": [
            0.7297559380531311,
            0.7293160557746887,
            0.7466586232185364,
            0.7918630838394165,
            0.8469890356063843,
            0.9515271186828613,
            1.0702990293502808,
            1.1247979402542114,
            1.2172445058822632,
            1.2290527820587158,
            1.3033397197723389,
            1.4549983739852905
        ],
        "learning_rate": [
            0.0010000000474974513,
            0.0010000000474974513,
            0.0010000000474974513,
            0.0010000000474974513,
            0.0010000000474974513,
            0.0010000000474974513,
            0.0010000000474974513,
            0.0005000000237487257,
            0.0005000000237487257,
            0.0005000000237487257,
            0.0005000000237487257,
            0.0005000000237487257
        ]
    },
    "evaluation_metrics": {
        "accuracy": 0.5758928571428571,
        "precision": 0.6464026539498237,
        "recall": 0.5758928571428571,
        "f1": 0.5590630034397178,
        "classification_report": {
            "0": {
                "precision": 0.7538461538461538,
                "recall": 0.3828125,
                "f1-score": 0.5077720207253886,
                "support": 128.0
            },
            "1": {
                "precision": 0.5031446540880503,
                "recall": 0.8333333333333334,
                "f1-score": 0.6274509803921569,
                "support": 96.0
            },
            "accuracy": 0.5758928571428571,
            "macro avg": {
                "precision": 0.628495403967102,
                "recall": 0.6080729166666667,
                "f1-score": 0.5676115005587727,
                "support": 224.0
            },
            "weighted avg": {
                "precision": 0.6464026539498237,
                "recall": 0.5758928571428571,
                "f1-score": 0.5590630034397178,
                "support": 224.0
            }
        },
        "confusion_matrix": [
            [
                49,
                79
            ],
            [
                16,
                80
            ]
        ]
    }
}