{
    "timestamp": "2025-04-28 20:52:39",
    "training_history": {
        "accuracy": [
            0.5396016240119934,
            0.5739639401435852,
            0.5941659808158875,
            0.6152176260948181,
            0.6380156874656677,
            0.66142737865448,
            0.683989405632019,
            0.6977249383926392,
            0.732795238494873,
            0.74889075756073,
            0.7536108493804932,
            0.7677711844444275,
            0.7805626392364502
        ],
        "loss": [
            0.7480987906455994,
            0.70508873462677,
            0.6853403449058533,
            0.6679858565330505,
            0.646698534488678,
            0.6286572813987732,
            0.6072586178779602,
            0.591006338596344,
            0.5468977093696594,
            0.5234184861183167,
            0.5094392895698547,
            0.49540749192237854,
            0.4813045263290405
        ],
        "val_accuracy": [
            0.463325172662735,
            0.4779950976371765,
            0.5158924460411072,
            0.4975550174713135,
            0.49877750873565674,
            0.5256723761558533,
            0.5073349475860596,
            0.5085574388504028,
            0.5183374285697937,
            0.5268948674201965,
            0.5146699547767639,
            0.5134474039077759,
            0.5354523062705994
        ],
        "val_loss": [
            0.7361776232719421,
            0.7394350171089172,
            0.7258609533309937,
            0.7511789798736572,
            0.7722285389900208,
            0.764830470085144,
            0.7746540307998657,
            0.7800334692001343,
            0.803866446018219,
            0.8172609210014343,
            0.8763578534126282,
            0.8531191349029541,
            0.8678815960884094
        ],
        "learning_rate": [
            0.0010000000474974513,
            0.0010000000474974513,
            0.0010000000474974513,
            0.0010000000474974513,
            0.0010000000474974513,
            0.0010000000474974513,
            0.0010000000474974513,
            0.0010000000474974513,
            0.0005000000237487257,
            0.0005000000237487257,
            0.0005000000237487257,
            0.0005000000237487257,
            0.0005000000237487257
        ]
    },
    "evaluation_metrics": {
        "accuracy": 0.4945054945054945,
        "precision": 0.24453568409612367,
        "recall": 0.4945054945054945,
        "f1": 0.3272462831286361,
        "classification_report": {
            "0": {
                "precision": 0.4945054945054945,
                "recall": 1.0,
                "f1-score": 0.6617647058823529,
                "support": 405.0
            },
            "1": {
                "precision": 0.0,
                "recall": 0.0,
                "f1-score": 0.0,
                "support": 414.0
            },
            "accuracy": 0.4945054945054945,
            "macro avg": {
                "precision": 0.24725274725274726,
                "recall": 0.5,
                "f1-score": 0.33088235294117646,
                "support": 819.0
            },
            "weighted avg": {
                "precision": 0.24453568409612367,
                "recall": 0.4945054945054945,
                "f1-score": 0.3272462831286361,
                "support": 819.0
            }
        },
        "confusion_matrix": [
            [
                405,
                0
            ],
            [
                414,
                0
            ]
        ]
    }
}