{
    "timestamp": "2025-04-28 20:53:12",
    "training_history": {
        "accuracy": [
            0.5568757057189941,
            0.6060506105422974,
            0.6441144347190857,
            0.6875687837600708,
            0.7169417142868042,
            0.7355335354804993,
            0.7774477601051331,
            0.7914191484451294,
            0.8072607517242432,
            0.8248624801635742,
            0.8316831588745117
        ],
        "loss": [
            0.7504764795303345,
            0.7034801840782166,
            0.6575803756713867,
            0.6185416579246521,
            0.5861961841583252,
            0.5568917393684387,
            0.5026299357414246,
            0.4758121967315674,
            0.45702844858169556,
            0.4342815577983856,
            0.41909581422805786
        ],
        "val_accuracy": [
            0.5787965655326843,
            0.527220606803894,
            0.5902578830718994,
            0.5845271944999695,
            0.5530086159706116,
            0.5386819243431091,
            0.5730658769607544,
            0.5873925685882568,
            0.5702005624771118,
            0.5587392449378967,
            0.6045845150947571
        ],
        "val_loss": [
            0.7451505064964294,
            0.7663539052009583,
            0.7458280920982361,
            0.7791540622711182,
            0.796697199344635,
            0.784774899482727,
            0.8202647566795349,
            0.8331611752510071,
            0.8465328812599182,
            0.9046787619590759,
            0.8992017507553101
        ],
        "learning_rate": [
            0.0010000000474974513,
            0.0010000000474974513,
            0.0010000000474974513,
            0.0010000000474974513,
            0.0010000000474974513,
            0.0010000000474974513,
            0.0005000000237487257,
            0.0005000000237487257,
            0.0005000000237487257,
            0.0005000000237487257,
            0.0005000000237487257
        ]
    },
    "evaluation_metrics": {
        "accuracy": 0.5300859598853869,
        "precision": 0.6019913829118331,
        "recall": 0.5300859598853869,
        "f1": 0.5096443055775535,
        "classification_report": {
            "0": {
                "precision": 0.4642857142857143,
                "recall": 0.8013698630136986,
                "f1-score": 0.5879396984924623,
                "support": 146.0
            },
            "1": {
                "precision": 0.7010309278350515,
                "recall": 0.33497536945812806,
                "f1-score": 0.4533333333333333,
                "support": 203.0
            },
            "accuracy": 0.5300859598853869,
            "macro avg": {
                "precision": 0.5826583210603828,
                "recall": 0.5681726162359133,
                "f1-score": 0.5206365159128978,
                "support": 349.0
            },
            "weighted avg": {
                "precision": 0.6019913829118331,
                "recall": 0.5300859598853869,
                "f1-score": 0.5096443055775535,
                "support": 349.0
            }
        },
        "confusion_matrix": [
            [
                117,
                29
            ],
            [
                135,
                68
            ]
        ]
    }
}