{
    "timestamp": "2025-04-28 20:53:56",
    "training_history": {
        "accuracy": [
            0.5262408256530762,
            0.5639151334762573,
            0.6025266051292419,
            0.6464612483978271,
            0.6771630048751831,
            0.7091392874717712,
            0.7480506896972656,
            0.7656320333480835,
            0.7803269028663635,
            0.7878992557525635,
            0.7977957725524902
        ],
        "loss": [
            0.7319005131721497,
            0.6953713893890381,
            0.6751533150672913,
            0.6445226669311523,
            0.617213249206543,
            0.5878349542617798,
            0.5326006412506104,
            0.5092360973358154,
            0.4910624921321869,
            0.47903239727020264,
            0.46225854754447937
        ],
        "val_accuracy": [
            0.45264115929603577,
            0.4899817705154419,
            0.4171220362186432,
            0.438069224357605,
            0.42531874775886536,
            0.4171220362186432,
            0.4298724830150604,
            0.4444444477558136,
            0.4198542833328247,
            0.43533697724342346,
            0.4207650125026703
        ],
        "val_loss": [
            0.7303199768066406,
            0.7515842914581299,
            1.1229168176651,
            1.2428375482559204,
            1.6854525804519653,
            1.450963020324707,
            1.5129880905151367,
            1.4300264120101929,
            1.6540462970733643,
            1.6532305479049683,
            1.5377719402313232
        ],
        "learning_rate": [
            0.0010000000474974513,
            0.0010000000474974513,
            0.0010000000474974513,
            0.0010000000474974513,
            0.0010000000474974513,
            0.0010000000474974513,
            0.0005000000237487257,
            0.0005000000237487257,
            0.0005000000237487257,
            0.0005000000237487257,
            0.0005000000237487257
        ]
    },
    "evaluation_metrics": {
        "accuracy": 0.4604185623293904,
        "precision": 0.4759534468839613,
        "recall": 0.4604185623293904,
        "f1": 0.32860185818924226,
        "classification_report": {
            "0": {
                "precision": 0.4588910133843212,
                "recall": 0.9467455621301775,
                "f1-score": 0.618158403090792,
                "support": 507.0
            },
            "1": {
                "precision": 0.49056603773584906,
                "recall": 0.04391891891891892,
                "f1-score": 0.08062015503875969,
                "support": 592.0
            },
            "accuracy": 0.4604185623293904,
            "macro avg": {
                "precision": 0.47472852556008516,
                "recall": 0.4953322405245482,
                "f1-score": 0.3493892790647758,
                "support": 1099.0
            },
            "weighted avg": {
                "precision": 0.4759534468839613,
                "recall": 0.4604185623293904,
                "f1-score": 0.32860185818924226,
                "support": 1099.0
            }
        },
        "confusion_matrix": [
            [
                480,
                27
            ],
            [
                566,
                26
            ]
        ]
    }
}