{
    "timestamp": "2025-04-28 20:52:00",
    "training_history": {
        "accuracy": [
            0.5520550608634949,
            0.5895055532455444,
            0.6292857527732849,
            0.660546600818634,
            0.6922595500946045,
            0.7183740139007568,
            0.7449057698249817,
            0.7615967988967896,
            0.7913276553153992,
            0.8040544986724854,
            0.8127477765083313,
            0.822831928730011,
            0.8249530792236328
        ],
        "loss": [
            0.7344998121261597,
            0.6908323168754578,
            0.6631873846054077,
            0.6334542632102966,
            0.6036812663078308,
            0.5723382234573364,
            0.5419955253601074,
            0.5241603851318359,
            0.47296154499053955,
            0.456330269575119,
            0.43785515427589417,
            0.4228944480419159,
            0.41798317432403564
        ],
        "val_accuracy": [
            0.5457809567451477,
            0.5233393311500549,
            0.5269299745559692,
            0.5314183235168457,
            0.5377019643783569,
            0.5215439796447754,
            0.5269299745559692,
            0.5278276205062866,
            0.5161579847335815,
            0.5197486281394958,
            0.514362633228302,
            0.5332136154174805,
            0.5134649872779846
        ],
        "val_loss": [
            0.8217589855194092,
            0.772553026676178,
            0.764036238193512,
            0.76521897315979,
            0.8116227388381958,
            0.8750312924385071,
            0.9057227969169617,
            0.9293166995048523,
            1.0183899402618408,
            1.12356436252594,
            1.201170563697815,
            1.1506493091583252,
            1.1493414640426636
        ],
        "learning_rate": [
            0.0010000000474974513,
            0.0010000000474974513,
            0.0010000000474974513,
            0.0010000000474974513,
            0.0010000000474974513,
            0.0010000000474974513,
            0.0010000000474974513,
            0.0010000000474974513,
            0.0005000000237487257,
            0.0005000000237487257,
            0.0005000000237487257,
            0.0005000000237487257,
            0.0005000000237487257
        ]
    },
    "evaluation_metrics": {
        "accuracy": 0.49730700179533216,
        "precision": 0.5027957096869036,
        "recall": 0.49730700179533216,
        "f1": 0.45505566299101,
        "classification_report": {
            "0": {
                "precision": 0.5121951219512195,
                "recall": 0.2226148409893993,
                "f1-score": 0.3103448275862069,
                "support": 566.0
            },
            "1": {
                "precision": 0.4930875576036866,
                "recall": 0.781021897810219,
                "f1-score": 0.6045197740112994,
                "support": 548.0
            },
            "accuracy": 0.49730700179533216,
            "macro avg": {
                "precision": 0.5026413397774531,
                "recall": 0.5018183693998092,
                "f1-score": 0.4574323007987532,
                "support": 1114.0
            },
            "weighted avg": {
                "precision": 0.5027957096869036,
                "recall": 0.49730700179533216,
                "f1-score": 0.45505566299101,
                "support": 1114.0
            }
        },
        "confusion_matrix": [
            [
                126,
                440
            ],
            [
                120,
                428
            ]
        ]
    }
}