{
    "timestamp": "2025-04-28 20:52:56",
    "training_history": {
        "accuracy": [
            0.5550280213356018,
            0.6057949662208557,
            0.6303871273994446,
            0.6721451282501221,
            0.7075724601745605,
            0.729242742061615,
            0.742391049861908,
            0.7699050307273865,
            0.8047236204147339,
            0.8167762160301208,
            0.822741687297821,
            0.8244460821151733,
            0.8364986777305603
        ],
        "loss": [
            0.761070191860199,
            0.7057815194129944,
            0.670869767665863,
            0.6341050267219543,
            0.6010702252388,
            0.5688216090202332,
            0.5466315150260925,
            0.5186014771461487,
            0.4664003849029541,
            0.45138195157051086,
            0.4361700713634491,
            0.42160847783088684,
            0.4133304953575134
        ],
        "val_accuracy": [
            0.5628742575645447,
            0.613772451877594,
            0.598802387714386,
            0.5718562602996826,
            0.5808383226394653,
            0.6017963886260986,
            0.5718562602996826,
            0.5928143858909607,
            0.5958083868026733,
            0.544910192489624,
            0.5778443217277527,
            0.56886225938797,
            0.56886225938797
        ],
        "val_loss": [
            0.7454536557197571,
            0.7192927598953247,
            0.7024754285812378,
            0.7236140370368958,
            0.730872631072998,
            0.7341076731681824,
            0.7444830536842346,
            0.7492392659187317,
            0.7632629871368408,
            0.77804034948349,
            0.7910743951797485,
            0.8015134930610657,
            0.8137125968933105
        ],
        "learning_rate": [
            0.0010000000474974513,
            0.0010000000474974513,
            0.0010000000474974513,
            0.0010000000474974513,
            0.0010000000474974513,
            0.0010000000474974513,
            0.0010000000474974513,
            0.0010000000474974513,
            0.0005000000237487257,
            0.0005000000237487257,
            0.0005000000237487257,
            0.0005000000237487257,
            0.0005000000237487257
        ]
    },
    "evaluation_metrics": {
        "accuracy": 0.3772455089820359,
        "precision": 0.44511377245508976,
        "recall": 0.3772455089820359,
        "f1": 0.3487006125259032,
        "classification_report": {
            "0": {
                "precision": 0.332,
                "recall": 0.6693548387096774,
                "f1-score": 0.4438502673796792,
                "support": 124.0
            },
            "1": {
                "precision": 0.5119047619047619,
                "recall": 0.20476190476190476,
                "f1-score": 0.29251700680272114,
                "support": 210.0
            },
            "accuracy": 0.3772455089820359,
            "macro avg": {
                "precision": 0.42195238095238097,
                "recall": 0.4370583717357911,
                "f1-score": 0.36818363709120017,
                "support": 334.0
            },
            "weighted avg": {
                "precision": 0.44511377245508976,
                "recall": 0.3772455089820359,
                "f1-score": 0.3487006125259032,
                "support": 334.0
            }
        },
        "confusion_matrix": [
            [
                83,
                41
            ],
            [
                167,
                43
            ]
        ]
    }
}