{
    "timestamp": "2025-04-28 19:01:13",
    "training_history": {
        "accuracy": [
            0.5439258217811584,
            0.5867744088172913,
            0.6197486519813538,
            0.6540395021438599,
            0.686355471611023,
            0.7077199220657349,
            0.7432076334953308,
            0.7645720839500427,
            0.77713942527771,
            0.7944344878196716,
            0.7989826202392578
        ],
        "loss": [
            0.7393245100975037,
            0.6944247484207153,
            0.6619595885276794,
            0.6335780620574951,
            0.6021596789360046,
            0.5810204148292542,
            0.5258965492248535,
            0.5059848427772522,
            0.48937368392944336,
            0.46652302145957947,
            0.455412894487381
        ],
        "val_accuracy": [
            0.4818049371242523,
            0.4818049371242523,
            0.45705968141555786,
            0.5065501928329468,
            0.4788937270641327,
            0.4978165924549103,
            0.45705968141555786,
            0.49636098742485046,
            0.47452694177627563,
            0.48617175221443176,
            0.4774381220340729
        ],
        "val_loss": [
            0.7421132922172546,
            0.7838357090950012,
            0.7866848707199097,
            0.7741851210594177,
            0.8107643723487854,
            0.843036413192749,
            0.8419703245162964,
            0.8598600625991821,
            0.941758930683136,
            0.9976230263710022,
            0.9788472652435303
        ],
        "learning_rate": [
            0.0010000000474974513,
            0.0010000000474974513,
            0.0010000000474974513,
            0.0010000000474974513,
            0.0010000000474974513,
            0.0010000000474974513,
            0.0005000000237487257,
            0.0005000000237487257,
            0.0005000000237487257,
            0.0005000000237487257,
            0.0005000000237487257
        ]
    },
    "evaluation_metrics": {
        "accuracy": 0.47161572052401746,
        "precision": 0.4653794877491575,
        "recall": 0.47161572052401746,
        "f1": 0.3925880321534906,
        "classification_report": {
            "0": {
                "precision": 0.47386172006745364,
                "recall": 0.8463855421686747,
                "f1-score": 0.6075675675675676,
                "support": 332.0
            },
            "1": {
                "precision": 0.4574468085106383,
                "recall": 0.12112676056338029,
                "f1-score": 0.1915367483296214,
                "support": 355.0
            },
            "accuracy": 0.47161572052401746,
            "macro avg": {
                "precision": 0.465654264289046,
                "recall": 0.48375615136602745,
                "f1-score": 0.3995521579485945,
                "support": 687.0
            },
            "weighted avg": {
                "precision": 0.4653794877491575,
                "recall": 0.47161572052401746,
                "f1-score": 0.3925880321534906,
                "support": 687.0
            }
        },
        "confusion_matrix": [
            [
                281,
                51
            ],
            [
                312,
                43
            ]
        ]
    }
}