{
    "timestamp": "2025-04-28 19:17:29",
    "training_history": {
        "accuracy": [
            0.5195267200469971,
            0.5411089658737183,
            0.5743470191955566,
            0.6015190482139587,
            0.6270366311073303,
            0.6506492495536804,
            0.6803278923034668,
            0.6938136219978333,
            0.7047926783561707,
            0.716147780418396,
            0.7234421372413635
        ],
        "loss": [
            0.7284735441207886,
            0.6953281164169312,
            0.6811485290527344,
            0.664579451084137,
            0.6439076066017151,
            0.6276470422744751,
            0.5980582237243652,
            0.5816863179206848,
            0.5710757374763489,
            0.5559685826301575,
            0.5495513081550598
        ],
        "val_accuracy": [
            0.49808916449546814,
            0.5197452306747437,
            0.5331209897994995,
            0.518471360206604,
            0.5426751375198364,
            0.506369411945343,
            0.522292971611023,
            0.5095541477203369,
            0.5025477409362793,
            0.5152866244316101,
            0.5038216710090637
        ],
        "val_loss": [
            0.7216513156890869,
            0.7614915370941162,
            0.8281974792480469,
            0.8867263793945312,
            1.1272387504577637,
            1.2518196105957031,
            1.232180118560791,
            1.4203300476074219,
            1.5068745613098145,
            1.5119096040725708,
            1.5737065076828003
        ],
        "learning_rate": [
            0.0010000000474974513,
            0.0010000000474974513,
            0.0010000000474974513,
            0.0010000000474974513,
            0.0010000000474974513,
            0.0010000000474974513,
            0.0005000000237487257,
            0.0005000000237487257,
            0.0005000000237487257,
            0.0005000000237487257,
            0.0005000000237487257
        ]
    },
    "evaluation_metrics": {
        "accuracy": 0.45003182686187143,
        "precision": 0.6078514001574246,
        "recall": 0.45003182686187143,
        "f1": 0.29113404674980664,
        "classification_report": {
            "0": {
                "precision": 0.44652061855670105,
                "recall": 0.9928366762177651,
                "f1-score": 0.616,
                "support": 698.0
            },
            "1": {
                "precision": 0.7368421052631579,
                "recall": 0.016036655211912942,
                "f1-score": 0.031390134529147976,
                "support": 873.0
            },
            "accuracy": 0.45003182686187143,
            "macro avg": {
                "precision": 0.5916813619099295,
                "recall": 0.504436665714839,
                "f1-score": 0.323695067264574,
                "support": 1571.0
            },
            "weighted avg": {
                "precision": 0.6078514001574246,
                "recall": 0.45003182686187143,
                "f1-score": 0.29113404674980664,
                "support": 1571.0
            }
        },
        "confusion_matrix": [
            [
                693,
                5
            ],
            [
                859,
                14
            ]
        ]
    }
}