{
    "timestamp": "2025-04-28 20:55:07",
    "training_history": {
        "accuracy": [
            0.5316495895385742,
            0.562299370765686,
            0.5937647819519043,
            0.619310736656189,
            0.6421993970870972,
            0.6612470149993896,
            0.6921599507331848,
            0.7049986720085144,
            0.7172849178314209,
            0.7297553420066833,
            0.7379900217056274
        ],
        "loss": [
            0.7309187650680542,
            0.6957805156707764,
            0.6751196980476379,
            0.6556940674781799,
            0.6389257311820984,
            0.6212534308433533,
            0.5854937434196472,
            0.5679782032966614,
            0.5532915592193604,
            0.5419033169746399,
            0.5317853689193726
        ],
        "val_accuracy": [
            0.5165604948997498,
            0.540764331817627,
            0.46815288066864014,
            0.46496814489364624,
            0.5337579846382141,
            0.5229299068450928,
            0.4847133755683899,
            0.47707006335258484,
            0.48089173436164856,
            0.46305733919143677,
            0.4636942744255066
        ],
        "val_loss": [
            0.7194305062294006,
            0.7482813596725464,
            1.347753643989563,
            1.0821616649627686,
            1.3671743869781494,
            0.9386352300643921,
            1.6384317874908447,
            2.5024192333221436,
            1.7997874021530151,
            2.7084968090057373,
            4.777127265930176
        ],
        "learning_rate": [
            0.0010000000474974513,
            0.0010000000474974513,
            0.0010000000474974513,
            0.0010000000474974513,
            0.0010000000474974513,
            0.0010000000474974513,
            0.0005000000237487257,
            0.0005000000237487257,
            0.0005000000237487257,
            0.0005000000237487257,
            0.0005000000237487257
        ]
    },
    "evaluation_metrics": {
        "accuracy": 0.4818586887332909,
        "precision": 0.4973114529869791,
        "recall": 0.4818586887332909,
        "f1": 0.46201008869919247,
        "classification_report": {
            "0": {
                "precision": 0.4616087751371115,
                "recall": 0.6917808219178082,
                "f1-score": 0.5537280701754386,
                "support": 730.0
            },
            "1": {
                "precision": 0.5283018867924528,
                "recall": 0.29964328180737215,
                "f1-score": 0.38239757207890746,
                "support": 841.0
            },
            "accuracy": 0.4818586887332909,
            "macro avg": {
                "precision": 0.49495533096478217,
                "recall": 0.49571205186259015,
                "f1-score": 0.468062821127173,
                "support": 1571.0
            },
            "weighted avg": {
                "precision": 0.4973114529869791,
                "recall": 0.4818586887332909,
                "f1-score": 0.46201008869919247,
                "support": 1571.0
            }
        },
        "confusion_matrix": [
            [
                505,
                225
            ],
            [
                589,
                252
            ]
        ]
    }
}