{
    "timestamp": "2025-04-28 20:49:58",
    "training_history": {
        "accuracy": [
            0.682539701461792,
            0.7809523940086365,
            0.8190476298332214,
            0.8539682626724243,
            0.8666666746139526,
            0.8682539463043213,
            0.8904761672019958,
            0.9031745791435242,
            0.8920634984970093,
            0.9047619104385376,
            0.9095237851142883
        ],
        "loss": [
            0.6917791366577148,
            0.5429677367210388,
            0.4714703857898712,
            0.4265211224555969,
            0.402354896068573,
            0.3776175379753113,
            0.35298362374305725,
            0.3391670286655426,
            0.3303219676017761,
            0.32536888122558594,
            0.31163981556892395
        ],
        "val_accuracy": [
            0.6153846383094788,
            0.6153846383094788,
            0.6538461446762085,
            0.6538461446762085,
            0.6153846383094788,
            0.692307710647583,
            0.6538461446762085,
            0.692307710647583,
            0.692307710647583,
            0.692307710647583,
            0.692307710647583
        ],
        "val_loss": [
            0.7755016088485718,
            0.7858344316482544,
            0.8182976245880127,
            0.789430558681488,
            0.7858089208602905,
            0.9595383405685425,
            0.8616672158241272,
            1.0077522993087769,
            0.9269015789031982,
            1.00858736038208,
            1.047782301902771
        ],
        "learning_rate": [
            0.0010000000474974513,
            0.0010000000474974513,
            0.0010000000474974513,
            0.0010000000474974513,
            0.0010000000474974513,
            0.0010000000474974513,
            0.0005000000237487257,
            0.0005000000237487257,
            0.0005000000237487257,
            0.0005000000237487257,
            0.0005000000237487257
        ]
    },
    "evaluation_metrics": {
        "accuracy": 0.48148148148148145,
        "precision": 0.23182441700960219,
        "recall": 0.48148148148148145,
        "f1": 0.312962962962963,
        "classification_report": {
            "0": {
                "precision": 0.48148148148148145,
                "recall": 1.0,
                "f1-score": 0.65,
                "support": 13.0
            },
            "1": {
                "precision": 0.0,
                "recall": 0.0,
                "f1-score": 0.0,
                "support": 14.0
            },
            "accuracy": 0.48148148148148145,
            "macro avg": {
                "precision": 0.24074074074074073,
                "recall": 0.5,
                "f1-score": 0.325,
                "support": 27.0
            },
            "weighted avg": {
                "precision": 0.23182441700960219,
                "recall": 0.48148148148148145,
                "f1-score": 0.312962962962963,
                "support": 27.0
            }
        },
        "confusion_matrix": [
            [
                13,
                0
            ],
            [
                14,
                0
            ]
        ]
    }
}