{
    "timestamp": "2025-04-28 21:03:14",
    "training_history": {
        "accuracy": [
            0.5227451920509338,
            0.5695966482162476,
            0.6051651239395142,
            0.6400530338287354,
            0.6730782985687256,
            0.698366641998291,
            0.7243355512619019,
            0.7433197498321533,
            0.7731212973594666,
            0.78687584400177,
            0.7913174033164978,
            0.8031019568443298,
            0.8064331412315369
        ],
        "loss": [
            0.7385960817337036,
            0.694621741771698,
            0.6662987470626831,
            0.6359025239944458,
            0.6041934490203857,
            0.577603816986084,
            0.5520023107528687,
            0.5239625573158264,
            0.47863253951072693,
            0.4599573314189911,
            0.4466782808303833,
            0.4333896338939667,
            0.42327526211738586
        ],
        "val_accuracy": [
            0.49056604504585266,
            0.4456424117088318,
            0.44294700026512146,
            0.44923630356788635,
            0.44025155901908875,
            0.4806828498840332,
            0.4734950661659241,
            0.446540892124176,
            0.47978436946868896,
            0.4734950661659241,
            0.454627126455307,
            0.4869721531867981,
            0.45103323459625244
        ],
        "val_loss": [
            0.7406606078147888,
            0.7326272130012512,
            0.7222470045089722,
            0.7445380091667175,
            0.7623252868652344,
            0.821477472782135,
            0.8249393701553345,
            0.867766261100769,
            0.8664216995239258,
            0.8549044132232666,
            0.91596519947052,
            0.8699156641960144,
            0.9023212790489197
        ],
        "learning_rate": [
            0.0010000000474974513,
            0.0010000000474974513,
            0.0010000000474974513,
            0.0010000000474974513,
            0.0010000000474974513,
            0.0010000000474974513,
            0.0010000000474974513,
            0.0010000000474974513,
            0.0005000000237487257,
            0.0005000000237487257,
            0.0005000000237487257,
            0.0005000000237487257,
            0.0005000000237487257
        ]
    },
    "evaluation_metrics": {
        "accuracy": 0.42908438061041293,
        "precision": 0.6603965069879685,
        "recall": 0.42908438061041293,
        "f1": 0.26332884595748396,
        "classification_report": {
            "0": {
                "precision": 0.4268953068592058,
                "recall": 0.9978902953586498,
                "f1-score": 0.5979772439949432,
                "support": 474.0
            },
            "1": {
                "precision": 0.8333333333333334,
                "recall": 0.0078125,
                "f1-score": 0.015479876160990712,
                "support": 640.0
            },
            "accuracy": 0.42908438061041293,
            "macro avg": {
                "precision": 0.6301143200962696,
                "recall": 0.502851397679325,
                "f1-score": 0.30672856007796695,
                "support": 1114.0
            },
            "weighted avg": {
                "precision": 0.6603965069879685,
                "recall": 0.42908438061041293,
                "f1-score": 0.26332884595748396,
                "support": 1114.0
            }
        },
        "confusion_matrix": [
            [
                473,
                1
            ],
            [
                635,
                5
            ]
        ]
    }
}