{
    "timestamp": "2025-04-28 20:57:57",
    "training_history": {
        "accuracy": [
            0.5875237584114075,
            0.6608778238296509,
            0.7065837383270264,
            0.736478328704834,
            0.7710385322570801,
            0.795576274394989,
            0.827630877494812,
            0.8430966138839722,
            0.8479350209236145,
            0.8598582744598389,
            0.8613271117210388
        ],
        "loss": [
            0.7355532050132751,
            0.6682636141777039,
            0.6073020100593567,
            0.5678756237030029,
            0.5249993205070496,
            0.49314647912979126,
            0.43844205141067505,
            0.41490438580513,
            0.3988977372646332,
            0.38634341955184937,
            0.37207987904548645
        ],
        "val_accuracy": [
            0.4920993149280548,
            0.5101580023765564,
            0.4988713264465332,
            0.471783310174942,
            0.4762979745864868,
            0.46275395154953003,
            0.4830699861049652,
            0.46726861596107483,
            0.4740406274795532,
            0.48758465051651,
            0.4898419976234436
        ],
        "val_loss": [
            0.7836863994598389,
            0.8174512982368469,
            0.9532787799835205,
            1.0043443441390991,
            1.1988770961761475,
            1.2849228382110596,
            1.1558442115783691,
            1.3084211349487305,
            1.2179757356643677,
            1.1758952140808105,
            1.3145300149917603
        ],
        "learning_rate": [
            0.0010000000474974513,
            0.0010000000474974513,
            0.0010000000474974513,
            0.0010000000474974513,
            0.0010000000474974513,
            0.0010000000474974513,
            0.0005000000237487257,
            0.0005000000237487257,
            0.0005000000237487257,
            0.0005000000237487257,
            0.0005000000237487257
        ]
    },
    "evaluation_metrics": {
        "accuracy": 0.5553047404063205,
        "precision": 0.5101382517455507,
        "recall": 0.5553047404063205,
        "f1": 0.5091627513556992,
        "classification_report": {
            "0": {
                "precision": 0.38095238095238093,
                "recall": 0.1807909604519774,
                "f1-score": 0.24521072796934865,
                "support": 177.0
            },
            "1": {
                "precision": 0.596100278551532,
                "recall": 0.8045112781954887,
                "f1-score": 0.6848000000000001,
                "support": 266.0
            },
            "accuracy": 0.5553047404063205,
            "macro avg": {
                "precision": 0.4885263297519565,
                "recall": 0.49265111932373307,
                "f1-score": 0.46500536398467435,
                "support": 443.0
            },
            "weighted avg": {
                "precision": 0.5101382517455507,
                "recall": 0.5553047404063205,
                "f1-score": 0.5091627513556992,
                "support": 443.0
            }
        },
        "confusion_matrix": [
            [
                32,
                145
            ],
            [
                52,
                214
            ]
        ]
    }
}