{
    "timestamp": "2025-04-28 20:58:47",
    "training_history": {
        "accuracy": [
            0.5282204747200012,
            0.5643352270126343,
            0.6027740836143494,
            0.6382248997688293,
            0.6679946780204773,
            0.6951084733009338,
            0.7310388088226318,
            0.7516600489616394,
            0.7650508880615234,
            0.7766342163085938,
            0.782352089881897
        ],
        "loss": [
            0.7411623001098633,
            0.7007240653038025,
            0.678112804889679,
            0.6517845988273621,
            0.627696692943573,
            0.6018035411834717,
            0.5529636740684509,
            0.5305255055427551,
            0.5105142593383789,
            0.4923661947250366,
            0.4818834066390991
        ],
        "val_accuracy": [
            0.4716981053352356,
            0.4869721531867981,
            0.5121293663978577,
            0.4941599369049072,
            0.5157232880592346,
            0.49685534834861755,
            0.5076370239257812,
            0.5112308859825134,
            0.5390835404396057,
            0.5058400630950928,
            0.5031446814537048
        ],
        "val_loss": [
            0.725479006767273,
            0.7680673599243164,
            0.7809111475944519,
            0.881883442401886,
            0.8122510313987732,
            0.9591773152351379,
            0.9637392163276672,
            1.0964864492416382,
            1.0459762811660767,
            1.0652042627334595,
            1.217382788658142
        ],
        "learning_rate": [
            0.0010000000474974513,
            0.0010000000474974513,
            0.0010000000474974513,
            0.0010000000474974513,
            0.0010000000474974513,
            0.0010000000474974513,
            0.0005000000237487257,
            0.0005000000237487257,
            0.0005000000237487257,
            0.0005000000237487257,
            0.0005000000237487257
        ]
    },
    "evaluation_metrics": {
        "accuracy": 0.4941599281221923,
        "precision": 0.5992286201276527,
        "recall": 0.4941599281221923,
        "f1": 0.36861235896313793,
        "classification_report": {
            "0": {
                "precision": 0.48347497639282344,
                "recall": 0.9696969696969697,
                "f1-score": 0.6452425960932577,
                "support": 528.0
            },
            "1": {
                "precision": 0.7037037037037037,
                "recall": 0.06495726495726496,
                "f1-score": 0.11893583724569641,
                "support": 585.0
            },
            "accuracy": 0.4941599281221923,
            "macro avg": {
                "precision": 0.5935893400482636,
                "recall": 0.5173271173271173,
                "f1-score": 0.3820892166694771,
                "support": 1113.0
            },
            "weighted avg": {
                "precision": 0.5992286201276527,
                "recall": 0.4941599281221923,
                "f1-score": 0.36861235896313793,
                "support": 1113.0
            }
        },
        "confusion_matrix": [
            [
                512,
                16
            ],
            [
                547,
                38
            ]
        ]
    }
}