{
    "timestamp": "2025-04-28 20:56:25",
    "training_history": {
        "accuracy": [
            0.5718594193458557,
            0.6028649806976318,
            0.6303835511207581,
            0.6667137742042542,
            0.6892375946044922,
            0.7194892168045044,
            0.7514371871948242,
            0.77217036485672,
            0.7854113578796387,
            0.7987937331199646,
            0.8010554909706116
        ],
        "loss": [
            0.7355911731719971,
            0.690794825553894,
            0.6636160612106323,
            0.6345860362052917,
            0.6146904826164246,
            0.5880118608474731,
            0.5415121912956238,
            0.5105459094047546,
            0.4937842786312103,
            0.4741220474243164,
            0.46306154131889343
        ],
        "val_accuracy": [
            0.5581395626068115,
            0.5627906918525696,
            0.5616279244422913,
            0.5558139681816101,
            0.5523256063461304,
            0.525581419467926,
            0.5267441868782043,
            0.5034883618354797,
            0.525581419467926,
            0.525581419467926,
            0.5383720993995667
        ],
        "val_loss": [
            0.7247151136398315,
            0.8382143378257751,
            0.8449181914329529,
            0.9168840050697327,
            0.9305274486541748,
            0.927004337310791,
            0.9703568816184998,
            0.95674067735672,
            0.9735039472579956,
            1.043899655342102,
            1.189255714416504
        ],
        "learning_rate": [
            0.0010000000474974513,
            0.0010000000474974513,
            0.0010000000474974513,
            0.0010000000474974513,
            0.0010000000474974513,
            0.0010000000474974513,
            0.0005000000237487257,
            0.0005000000237487257,
            0.0005000000237487257,
            0.0005000000237487257,
            0.0005000000237487257
        ]
    },
    "evaluation_metrics": {
        "accuracy": 0.49186046511627907,
        "precision": 0.4234719659609272,
        "recall": 0.49186046511627907,
        "f1": 0.33998731091323003,
        "classification_report": {
            "0": {
                "precision": 0.35294117647058826,
                "recall": 0.013888888888888888,
                "f1-score": 0.026726057906458794,
                "support": 432.0
            },
            "1": {
                "precision": 0.49466192170818507,
                "recall": 0.9742990654205608,
                "f1-score": 0.6561762391817467,
                "support": 428.0
            },
            "accuracy": 0.49186046511627907,
            "macro avg": {
                "precision": 0.42380154908938666,
                "recall": 0.4940939771547248,
                "f1-score": 0.34145114854410274,
                "support": 860.0
            },
            "weighted avg": {
                "precision": 0.4234719659609272,
                "recall": 0.49186046511627907,
                "f1-score": 0.33998731091323003,
                "support": 860.0
            }
        },
        "confusion_matrix": [
            [
                6,
                426
            ],
            [
                11,
                417
            ]
        ]
    }
}