{
    "timestamp": "2025-04-28 20:55:50",
    "training_history": {
        "accuracy": [
            0.5427751541137695,
            0.5851777195930481,
            0.6204262375831604,
            0.6574260592460632,
            0.6948356628417969,
            0.721365213394165,
            0.7639913558959961,
            0.7784857153892517,
            0.7906326651573181,
            0.8008793592453003,
            0.8113495707511902
        ],
        "loss": [
            0.7378187775611877,
            0.6936476230621338,
            0.6664584875106812,
            0.6356601119041443,
            0.602236270904541,
            0.5728491544723511,
            0.5176737308502197,
            0.4956805408000946,
            0.47718262672424316,
            0.4583282172679901,
            0.4472612142562866
        ],
        "val_accuracy": [
            0.5533707737922668,
            0.5374531745910645,
            0.5711610317230225,
            0.5383895039558411,
            0.5234082341194153,
            0.5037453174591064,
            0.5252808928489685,
            0.5159175992012024,
            0.5215355753898621,
            0.5252808928489685,
            0.5177902579307556
        ],
        "val_loss": [
            1.2339283227920532,
            1.5728991031646729,
            3.2984561920166016,
            2.7130517959594727,
            2.2255289554595947,
            1.8569037914276123,
            2.3453917503356934,
            1.6460206508636475,
            2.1402108669281006,
            2.655259609222412,
            2.012359380722046
        ],
        "learning_rate": [
            0.0010000000474974513,
            0.0010000000474974513,
            0.0010000000474974513,
            0.0010000000474974513,
            0.0010000000474974513,
            0.0010000000474974513,
            0.0005000000237487257,
            0.0005000000237487257,
            0.0005000000237487257,
            0.0005000000237487257,
            0.0005000000237487257
        ]
    },
    "evaluation_metrics": {
        "accuracy": 0.5341440598690365,
        "precision": 0.2853098766933768,
        "recall": 0.5341440598690365,
        "f1": 0.3719466563234388,
        "classification_report": {
            "0": {
                "precision": 0.0,
                "recall": 0.0,
                "f1-score": 0.0,
                "support": 498.0
            },
            "1": {
                "precision": 0.5341440598690365,
                "recall": 1.0,
                "f1-score": 0.6963414634146342,
                "support": 571.0
            },
            "accuracy": 0.5341440598690365,
            "macro avg": {
                "precision": 0.26707202993451823,
                "recall": 0.5,
                "f1-score": 0.3481707317073171,
                "support": 1069.0
            },
            "weighted avg": {
                "precision": 0.2853098766933768,
                "recall": 0.5341440598690365,
                "f1-score": 0.3719466563234388,
                "support": 1069.0
            }
        },
        "confusion_matrix": [
            [
                0,
                498
            ],
            [
                0,
                571
            ]
        ]
    }
}