{
    "timestamp": "2025-04-28 20:59:14",
    "training_history": {
        "accuracy": [
            0.5632705092430115,
            0.6235798597335815,
            0.6705341935157776,
            0.7044355869293213,
            0.7354363203048706,
            0.7622069120407104,
            0.7955644130706787,
            0.8075900673866272,
            0.8205825686454773,
            0.8335750699043274,
            0.8382886052131653
        ],
        "loss": [
            0.7376759052276611,
            0.6767703890800476,
            0.632378101348877,
            0.5966528654098511,
            0.5560648441314697,
            0.5290548205375671,
            0.4760763347148895,
            0.45039939880371094,
            0.4351591467857361,
            0.4147185683250427,
            0.4045260548591614
        ],
        "val_accuracy": [
            0.4375,
            0.44391027092933655,
            0.4423076808452606,
            0.48076921701431274,
            0.504807710647583,
            0.47756409645080566,
            0.4711538553237915,
            0.49839743971824646,
            0.5016025900840759,
            0.5176281929016113,
            0.5192307829856873
        ],
        "val_loss": [
            0.7427207827568054,
            0.7855416536331177,
            0.7724989056587219,
            0.7869064211845398,
            0.8038522601127625,
            0.8506814241409302,
            0.8238264322280884,
            0.8407002091407776,
            0.8565720915794373,
            0.8106892704963684,
            0.9192440509796143
        ],
        "learning_rate": [
            0.0010000000474974513,
            0.0010000000474974513,
            0.0010000000474974513,
            0.0010000000474974513,
            0.0010000000474974513,
            0.0010000000474974513,
            0.0005000000237487257,
            0.0005000000237487257,
            0.0005000000237487257,
            0.0005000000237487257,
            0.0005000000237487257
        ]
    },
    "evaluation_metrics": {
        "accuracy": 0.4592,
        "precision": 0.48678761792168307,
        "recall": 0.4592,
        "f1": 0.4404844664039861,
        "classification_report": {
            "0": {
                "precision": 0.42626728110599077,
                "recall": 0.6751824817518248,
                "f1-score": 0.5225988700564972,
                "support": 274.0
            },
            "1": {
                "precision": 0.5340314136125655,
                "recall": 0.2905982905982906,
                "f1-score": 0.3763837638376384,
                "support": 351.0
            },
            "accuracy": 0.4592,
            "macro avg": {
                "precision": 0.4801493473592781,
                "recall": 0.48289038617505775,
                "f1-score": 0.4494913169470678,
                "support": 625.0
            },
            "weighted avg": {
                "precision": 0.48678761792168307,
                "recall": 0.4592,
                "f1-score": 0.4404844664039861,
                "support": 625.0
            }
        },
        "confusion_matrix": [
            [
                185,
                89
            ],
            [
                249,
                102
            ]
        ]
    }
}