{
    "timestamp": "2025-04-28 21:00:46",
    "training_history": {
        "accuracy": [
            0.5266210436820984,
            0.5678836107254028,
            0.5970717072486877,
            0.6308708786964417,
            0.6541167497634888,
            0.6799771785736084,
            0.6977562308311462,
            0.7319357395172119,
            0.7513310313224792,
            0.7632154226303101,
            0.7724377512931824,
            0.7873645424842834
        ],
        "loss": [
            0.7502094507217407,
            0.7048788070678711,
            0.6793981194496155,
            0.6547932624816895,
            0.6344896554946899,
            0.6140361428260803,
            0.592764675617218,
            0.5469621419906616,
            0.52486652135849,
            0.5072295069694519,
            0.49620819091796875,
            0.4799874722957611
        ],
        "val_accuracy": [
            0.45895522832870483,
            0.5223880410194397,
            0.5547263622283936,
            0.5609452724456787,
            0.5870646834373474,
            0.5634328126907349,
            0.5621890425682068,
            0.5310945510864258,
            0.5435323119163513,
            0.5621890425682068,
            0.5472636818885803,
            0.572139322757721
        ],
        "val_loss": [
            0.7339275479316711,
            0.710951030254364,
            0.7565181851387024,
            0.7882158756256104,
            0.8040195107460022,
            0.8140832781791687,
            0.8745104074478149,
            0.9133173823356628,
            1.0222984552383423,
            1.2178013324737549,
            1.116551160812378,
            1.0706374645233154
        ],
        "learning_rate": [
            0.0010000000474974513,
            0.0010000000474974513,
            0.0010000000474974513,
            0.0010000000474974513,
            0.0010000000474974513,
            0.0010000000474974513,
            0.0010000000474974513,
            0.0005000000237487257,
            0.0005000000237487257,
            0.0005000000237487257,
            0.0005000000237487257,
            0.0005000000237487257
        ]
    },
    "evaluation_metrics": {
        "accuracy": 0.5062189054726368,
        "precision": 0.47673709569087963,
        "recall": 0.5062189054726368,
        "f1": 0.4769755467931255,
        "classification_report": {
            "0": {
                "precision": 0.3798076923076923,
                "recall": 0.2276657060518732,
                "f1-score": 0.28468468468468466,
                "support": 347.0
            },
            "1": {
                "precision": 0.5503355704697986,
                "recall": 0.7177242888402626,
                "f1-score": 0.6229819563152895,
                "support": 457.0
            },
            "accuracy": 0.5062189054726368,
            "macro avg": {
                "precision": 0.46507163138874547,
                "recall": 0.4726949974460679,
                "f1-score": 0.4538333204999871,
                "support": 804.0
            },
            "weighted avg": {
                "precision": 0.47673709569087963,
                "recall": 0.5062189054726368,
                "f1-score": 0.4769755467931255,
                "support": 804.0
            }
        },
        "confusion_matrix": [
            [
                79,
                268
            ],
            [
                129,
                328
            ]
        ]
    }
}