{
    "timestamp": "2025-04-28 21:01:33",
    "training_history": {
        "accuracy": [
            0.5572710037231445,
            0.5991030931472778,
            0.6340979337692261,
            0.6722540855407715,
            0.7028378248214722,
            0.7337891459465027,
            0.7494485974311829,
            0.7668725252151489,
            0.8053962588310242,
            0.8178943991661072,
            0.8262020349502563,
            0.8343625664710999,
            0.8405381441116333
        ],
        "loss": [
            0.7389969229698181,
            0.6900572776794434,
            0.6545335650444031,
            0.6209869384765625,
            0.5946428179740906,
            0.5584675073623657,
            0.5367851257324219,
            0.5136242508888245,
            0.46380800008773804,
            0.43609699606895447,
            0.4233044981956482,
            0.4133431315422058,
            0.40280553698539734
        ],
        "val_accuracy": [
            0.4701348841190338,
            0.4373795688152313,
            0.49325627088546753,
            0.4624277353286743,
            0.46820810437202454,
            0.4797687828540802,
            0.510597288608551,
            0.5433526039123535,
            0.4874759018421173,
            0.5183044075965881,
            0.4874759018421173,
            0.4797687828540802,
            0.5183044075965881
        ],
        "val_loss": [
            0.9006958603858948,
            0.8839783668518066,
            0.7617068290710449,
            0.7812996506690979,
            0.955702543258667,
            1.0287349224090576,
            0.9494781494140625,
            0.8868401050567627,
            1.1200608015060425,
            1.11263108253479,
            1.146735668182373,
            1.2431795597076416,
            1.290631890296936
        ],
        "learning_rate": [
            0.0010000000474974513,
            0.0010000000474974513,
            0.0010000000474974513,
            0.0010000000474974513,
            0.0010000000474974513,
            0.0010000000474974513,
            0.0010000000474974513,
            0.0010000000474974513,
            0.0005000000237487257,
            0.0005000000237487257,
            0.0005000000237487257,
            0.0005000000237487257,
            0.0005000000237487257
        ]
    },
    "evaluation_metrics": {
        "accuracy": 0.4480769230769231,
        "precision": 0.44388163875773484,
        "recall": 0.4480769230769231,
        "f1": 0.44419085374649825,
        "classification_report": {
            "0": {
                "precision": 0.47540983606557374,
                "recall": 0.5330882352941176,
                "f1-score": 0.5025996533795494,
                "support": 272.0
            },
            "1": {
                "precision": 0.40930232558139534,
                "recall": 0.3548387096774194,
                "f1-score": 0.38012958963282933,
                "support": 248.0
            },
            "accuracy": 0.4480769230769231,
            "macro avg": {
                "precision": 0.44235608082348454,
                "recall": 0.4439634724857685,
                "f1-score": 0.4413646215061894,
                "support": 520.0
            },
            "weighted avg": {
                "precision": 0.44388163875773484,
                "recall": 0.4480769230769231,
                "f1-score": 0.44419085374649825,
                "support": 520.0
            }
        },
        "confusion_matrix": [
            [
                145,
                127
            ],
            [
                160,
                88
            ]
        ]
    }
}