{
    "timestamp": "2025-04-28 21:00:09",
    "training_history": {
        "accuracy": [
            0.540050745010376,
            0.5806149840354919,
            0.6209073066711426,
            0.6467319130897522,
            0.6703515648841858,
            0.695753276348114,
            0.7354114055633545,
            0.7528995871543884,
            0.7651625275611877,
            0.7748882174491882,
            0.7874833941459656
        ],
        "loss": [
            0.7331131100654602,
            0.68916255235672,
            0.6634863615036011,
            0.6399813890457153,
            0.618440568447113,
            0.5951780676841736,
            0.5457679033279419,
            0.5223936438560486,
            0.5048643350601196,
            0.48820286989212036,
            0.4753657281398773
        ],
        "val_accuracy": [
            0.5160305500030518,
            0.49236640334129333,
            0.5465648770332336,
            0.5305343270301819,
            0.5305343270301819,
            0.5740457773208618,
            0.5503816604614258,
            0.5412213802337646,
            0.5458015203475952,
            0.5412213802337646,
            0.5465648770332336
        ],
        "val_loss": [
            0.7816421389579773,
            0.8970624804496765,
            0.863457441329956,
            0.9347773790359497,
            1.1575413942337036,
            1.3857074975967407,
            1.2669658660888672,
            1.3063621520996094,
            1.4535359144210815,
            1.4210598468780518,
            1.5043002367019653
        ],
        "learning_rate": [
            0.0010000000474974513,
            0.0010000000474974513,
            0.0010000000474974513,
            0.0010000000474974513,
            0.0010000000474974513,
            0.0010000000474974513,
            0.0005000000237487257,
            0.0005000000237487257,
            0.0005000000237487257,
            0.0005000000237487257,
            0.0005000000237487257
        ]
    },
    "evaluation_metrics": {
        "accuracy": 0.4607170099160946,
        "precision": 0.5095363226038886,
        "recall": 0.4607170099160946,
        "f1": 0.41298425391198107,
        "classification_report": {
            "0": {
                "precision": 0.43349282296650715,
                "recall": 0.7975352112676056,
                "f1-score": 0.5616862988220707,
                "support": 568.0
            },
            "1": {
                "precision": 0.5676691729323309,
                "recall": 0.2032301480484522,
                "f1-score": 0.2993062438057483,
                "support": 743.0
            },
            "accuracy": 0.4607170099160946,
            "macro avg": {
                "precision": 0.500580997949419,
                "recall": 0.500382679658029,
                "f1-score": 0.43049627131390944,
                "support": 1311.0
            },
            "weighted avg": {
                "precision": 0.5095363226038886,
                "recall": 0.4607170099160946,
                "f1-score": 0.41298425391198107,
                "support": 1311.0
            }
        },
        "confusion_matrix": [
            [
                453,
                115
            ],
            [
                592,
                151
            ]
        ]
    }
}