{
    "timestamp": "2025-04-28 21:02:23",
    "training_history": {
        "accuracy": [
            0.5401826500892639,
            0.5744292140007019,
            0.6128832101821899,
            0.6434442400932312,
            0.68043053150177,
            0.7064579129219055,
            0.7485322952270508,
            0.7685909867286682,
            0.7764514088630676,
            0.7909980416297913,
            0.7999347448348999
        ],
        "loss": [
            0.7395742535591125,
            0.698124349117279,
            0.6732195019721985,
            0.6488887071609497,
            0.6173937916755676,
            0.5905978083610535,
            0.5370537638664246,
            0.51481693983078,
            0.4970085322856903,
            0.47945863008499146,
            0.4660910665988922
        ],
        "val_accuracy": [
            0.5799162983894348,
            0.5748953819274902,
            0.581589937210083,
            0.5757322311401367,
            0.5723849534988403,
            0.5748953819274902,
            0.492887020111084,
            0.484518826007843,
            0.47280335426330566,
            0.5313807725906372,
            0.4686192572116852
        ],
        "val_loss": [
            0.7341182231903076,
            0.7828679084777832,
            0.8684961795806885,
            0.8957818746566772,
            1.3896743059158325,
            0.9046801328659058,
            0.8599458932876587,
            0.8333129286766052,
            0.9093436598777771,
            0.9926095604896545,
            1.1227819919586182
        ],
        "learning_rate": [
            0.0010000000474974513,
            0.0010000000474974513,
            0.0010000000474974513,
            0.0010000000474974513,
            0.0010000000474974513,
            0.0010000000474974513,
            0.0005000000237487257,
            0.0005000000237487257,
            0.0005000000237487257,
            0.0005000000237487257,
            0.0005000000237487257
        ]
    },
    "evaluation_metrics": {
        "accuracy": 0.5196652719665272,
        "precision": 0.4085976320285944,
        "recall": 0.5196652719665272,
        "f1": 0.36006919072907134,
        "classification_report": {
            "0": {
                "precision": 0.2857142857142857,
                "recall": 0.0035026269702276708,
                "f1-score": 0.006920415224913495,
                "support": 571.0
            },
            "1": {
                "precision": 0.5210437710437711,
                "recall": 0.9919871794871795,
                "f1-score": 0.6832229580573953,
                "support": 624.0
            },
            "accuracy": 0.5196652719665272,
            "macro avg": {
                "precision": 0.4033790283790284,
                "recall": 0.4977449032287036,
                "f1-score": 0.3450716866411544,
                "support": 1195.0
            },
            "weighted avg": {
                "precision": 0.4085976320285944,
                "recall": 0.5196652719665272,
                "f1-score": 0.36006919072907134,
                "support": 1195.0
            }
        },
        "confusion_matrix": [
            [
                2,
                569
            ],
            [
                5,
                619
            ]
        ]
    }
}