{
    "timestamp": "2025-04-28 18:18:55",
    "training_history": {
        "accuracy": [
            0.5295964479446411,
            0.5575762987136841,
            0.5874214768409729,
            0.6064788699150085,
            0.6262823939323425,
            0.6481688618659973,
            0.6792575716972351,
            0.6931853294372559,
            0.7052477598190308,
            0.7126469016075134,
            0.7205744981765747
        ],
        "loss": [
            0.7303257584571838,
            0.693241536617279,
            0.6751912832260132,
            0.6633379459381104,
            0.6502189636230469,
            0.628556489944458,
            0.5971598029136658,
            0.5825212001800537,
            0.5685833096504211,
            0.557102620601654,
            0.5456473231315613
        ],
        "val_accuracy": [
            0.4751937985420227,
            0.5310077667236328,
            0.5069767236709595,
            0.4922480583190918,
            0.448062002658844,
            0.4713178277015686,
            0.4751937985420227,
            0.5178294777870178,
            0.5217054486274719,
            0.513178288936615,
            0.5147286653518677
        ],
        "val_loss": [
            0.7148913741111755,
            0.7344256043434143,
            0.7372595071792603,
            0.7283893823623657,
            0.7462657690048218,
            0.7529953718185425,
            0.7764135599136353,
            0.815889298915863,
            0.7981687784194946,
            0.8368536233901978,
            0.8811793327331543
        ],
        "learning_rate": [
            0.0010000000474974513,
            0.0010000000474974513,
            0.0010000000474974513,
            0.0010000000474974513,
            0.0010000000474974513,
            0.0010000000474974513,
            0.0005000000237487257,
            0.0005000000237487257,
            0.0005000000237487257,
            0.0005000000237487257,
            0.0005000000237487257
        ]
    },
    "evaluation_metrics": {
        "accuracy": 0.4604651162790698,
        "precision": 0.4815088811572972,
        "recall": 0.4604651162790698,
        "f1": 0.30360259640760767,
        "classification_report": {
            "0": {
                "precision": 0.45984251968503936,
                "recall": 0.9831649831649831,
                "f1-score": 0.6266094420600858,
                "support": 594.0
            },
            "1": {
                "precision": 0.5,
                "recall": 0.014367816091954023,
                "f1-score": 0.027932960893854747,
                "support": 696.0
            },
            "accuracy": 0.4604651162790698,
            "macro avg": {
                "precision": 0.47992125984251965,
                "recall": 0.4987663996284686,
                "f1-score": 0.3272712014769703,
                "support": 1290.0
            },
            "weighted avg": {
                "precision": 0.4815088811572972,
                "recall": 0.4604651162790698,
                "f1-score": 0.30360259640760767,
                "support": 1290.0
            }
        },
        "confusion_matrix": [
            [
                584,
                10
            ],
            [
                686,
                10
            ]
        ]
    }
}