{
    "timestamp": "2025-04-28 21:04:04",
    "training_history": {
        "accuracy": [
            0.5386797189712524,
            0.5733886361122131,
            0.5991987586021423,
            0.6241934299468994,
            0.6535488963127136,
            0.6744309663772583,
            0.692122220993042,
            0.7276820540428162,
            0.7443097233772278,
            0.760370135307312,
            0.7750478386878967,
            0.7857902646064758
        ],
        "loss": [
            0.7334312796592712,
            0.6892582774162292,
            0.6683041453361511,
            0.6471710205078125,
            0.6239608526229858,
            0.597867488861084,
            0.5778248310089111,
            0.5322511196136475,
            0.5127076506614685,
            0.49077874422073364,
            0.47781410813331604,
            0.46471136808395386
        ],
        "val_accuracy": [
            0.46499103307724,
            0.5314183235168457,
            0.5242369771003723,
            0.5403949618339539,
            0.5287253260612488,
            0.4964093267917633,
            0.4712746739387512,
            0.4892280101776123,
            0.5394973158836365,
            0.5197486281394958,
            0.5053859949111938,
            0.479353666305542
        ],
        "val_loss": [
            0.7424193024635315,
            0.7342092990875244,
            0.7914056181907654,
            0.7773730158805847,
            0.9073640704154968,
            1.0727185010910034,
            1.008932113647461,
            0.96998530626297,
            1.0870047807693481,
            1.056351661682129,
            1.0986123085021973,
            1.0104094743728638
        ],
        "learning_rate": [
            0.0010000000474974513,
            0.0010000000474974513,
            0.0010000000474974513,
            0.0010000000474974513,
            0.0010000000474974513,
            0.0010000000474974513,
            0.0010000000474974513,
            0.0005000000237487257,
            0.0005000000237487257,
            0.0005000000237487257,
            0.0005000000237487257,
            0.0005000000237487257
        ]
    },
    "evaluation_metrics": {
        "accuracy": 0.5296229802513465,
        "precision": 0.2805005012103181,
        "recall": 0.5296229802513465,
        "f1": 0.3667576975918948,
        "classification_report": {
            "0": {
                "precision": 0.0,
                "recall": 0.0,
                "f1-score": 0.0,
                "support": 524.0
            },
            "1": {
                "precision": 0.5296229802513465,
                "recall": 1.0,
                "f1-score": 0.692488262910798,
                "support": 590.0
            },
            "accuracy": 0.5296229802513465,
            "macro avg": {
                "precision": 0.26481149012567323,
                "recall": 0.5,
                "f1-score": 0.346244131455399,
                "support": 1114.0
            },
            "weighted avg": {
                "precision": 0.2805005012103181,
                "recall": 0.5296229802513465,
                "f1-score": 0.3667576975918948,
                "support": 1114.0
            }
        },
        "confusion_matrix": [
            [
                0,
                524
            ],
            [
                0,
                590
            ]
        ]
    }
}