{
    "timestamp": "2025-04-28 20:57:06",
    "training_history": {
        "accuracy": [
            0.5323256850242615,
            0.571060061454773,
            0.6169689893722534,
            0.6559048891067505,
            0.691737174987793,
            0.72212815284729,
            0.7564288377761841,
            0.772551417350769,
            0.7819830775260925,
            0.7984683513641357,
            0.8102378249168396
        ],
        "loss": [
            0.7294880747795105,
            0.6917866468429565,
            0.6645423173904419,
            0.6344801187515259,
            0.6022650599479675,
            0.5717425346374512,
            0.5265573263168335,
            0.5028380155563354,
            0.4881897270679474,
            0.47107335925102234,
            0.45221883058547974
        ],
        "val_accuracy": [
            0.44003963470458984,
            0.44400396943092346,
            0.49157580733299255,
            0.44103071093559265,
            0.4628344774246216,
            0.44103071093559265,
            0.47274529933929443,
            0.47670960426330566,
            0.4836471676826477,
            0.4846382439136505,
            0.4806739389896393
        ],
        "val_loss": [
            0.7557255029678345,
            0.8908998966217041,
            0.9579785466194153,
            1.6208831071853638,
            1.1270126104354858,
            1.5116196870803833,
            1.3607802391052246,
            1.4556705951690674,
            1.5768232345581055,
            1.5645368099212646,
            1.5889577865600586
        ],
        "learning_rate": [
            0.0010000000474974513,
            0.0010000000474974513,
            0.0010000000474974513,
            0.0010000000474974513,
            0.0010000000474974513,
            0.0010000000474974513,
            0.0005000000237487257,
            0.0005000000237487257,
            0.0005000000237487257,
            0.0005000000237487257,
            0.0005000000237487257
        ]
    },
    "evaluation_metrics": {
        "accuracy": 0.47425742574257423,
        "precision": 0.5035592871025767,
        "recall": 0.47425742574257423,
        "f1": 0.389701256177162,
        "classification_report": {
            "0": {
                "precision": 0.46561443066516345,
                "recall": 0.8787234042553191,
                "f1-score": 0.608695652173913,
                "support": 470.0
            },
            "1": {
                "precision": 0.5365853658536586,
                "recall": 0.12222222222222222,
                "f1-score": 0.19909502262443438,
                "support": 540.0
            },
            "accuracy": 0.47425742574257423,
            "macro avg": {
                "precision": 0.501099898259411,
                "recall": 0.5004728132387707,
                "f1-score": 0.40389533739917366,
                "support": 1010.0
            },
            "weighted avg": {
                "precision": 0.5035592871025767,
                "recall": 0.47425742574257423,
                "f1-score": 0.389701256177162,
                "support": 1010.0
            }
        },
        "confusion_matrix": [
            [
                413,
                57
            ],
            [
                474,
                66
            ]
        ]
    }
}