{
    "timestamp": "2025-04-28 21:04:24",
    "training_history": {
        "accuracy": [
            0.5600035190582275,
            0.6283138990402222,
            0.6778897047042847,
            0.7259632349014282,
            0.7572463750839233,
            0.7854365706443787,
            0.8032873868942261,
            0.8385471701622009,
            0.8454400897026062,
            0.8542771339416504,
            0.8673559427261353,
            0.8715977668762207
        ],
        "loss": [
            0.7385181188583374,
            0.6775420308113098,
            0.6260532736778259,
            0.571538507938385,
            0.5366402268409729,
            0.4942510426044464,
            0.46651706099510193,
            0.4106989800930023,
            0.3931807577610016,
            0.371086984872818,
            0.35492396354675293,
            0.3456505537033081
        ],
        "val_accuracy": [
            0.5153664350509644,
            0.49881798028945923,
            0.5650117993354797,
            0.5200945734977722,
            0.5508274435997009,
            0.5531914830207825,
            0.5791962146759033,
            0.5910165309906006,
            0.588652491569519,
            0.588652491569519,
            0.5791962146759033,
            0.5910165309906006
        ],
        "val_loss": [
            0.7380403280258179,
            0.7367711663246155,
            0.7418959140777588,
            0.7984960675239563,
            0.8452433347702026,
            0.8658326268196106,
            0.9621561765670776,
            1.0315406322479248,
            1.0345964431762695,
            1.0991291999816895,
            1.2793163061141968,
            1.254044771194458
        ],
        "learning_rate": [
            0.0010000000474974513,
            0.0010000000474974513,
            0.0010000000474974513,
            0.0010000000474974513,
            0.0010000000474974513,
            0.0010000000474974513,
            0.0010000000474974513,
            0.0005000000237487257,
            0.0005000000237487257,
            0.0005000000237487257,
            0.0005000000237487257,
            0.0005000000237487257
        ]
    },
    "evaluation_metrics": {
        "accuracy": 0.5589622641509434,
        "precision": 0.5649262204982333,
        "recall": 0.5589622641509434,
        "f1": 0.5561024295191387,
        "classification_report": {
            "0": {
                "precision": 0.5932203389830508,
                "recall": 0.4772727272727273,
                "f1-score": 0.5289672544080605,
                "support": 220.0
            },
            "1": {
                "precision": 0.5344129554655871,
                "recall": 0.6470588235294118,
                "f1-score": 0.5853658536585367,
                "support": 204.0
            },
            "accuracy": 0.5589622641509434,
            "macro avg": {
                "precision": 0.5638166472243189,
                "recall": 0.5621657754010696,
                "f1-score": 0.5571665540332986,
                "support": 424.0
            },
            "weighted avg": {
                "precision": 0.5649262204982333,
                "recall": 0.5589622641509434,
                "f1-score": 0.5561024295191387,
                "support": 424.0
            }
        },
        "confusion_matrix": [
            [
                105,
                115
            ],
            [
                72,
                132
            ]
        ]
    }
}