{
    "timestamp": "2025-04-28 22:18:24",
    "training_history": {
        "accuracy": [
            0.5429583191871643,
            0.5766312479972839,
            0.6122913360595703,
            0.648348867893219,
            0.6839728355407715,
            0.7085772156715393,
            0.7443456649780273,
            0.7593033909797668,
            0.7739720940589905,
            0.7827877998352051,
            0.7916034460067749
        ],
        "loss": [
            0.7378737926483154,
            0.6952487826347351,
            0.6655877828598022,
            0.6401963829994202,
            0.611041784286499,
            0.5881040096282959,
            0.5393537878990173,
            0.5150398015975952,
            0.5002352595329285,
            0.4839961528778076,
            0.4657476544380188
        ],
        "val_accuracy": [
            0.491510272026062,
            0.5361930131912231,
            0.5290437936782837,
            0.5263628363609314,
            0.5245755314826965,
            0.508489727973938,
            0.5192135572433472,
            0.5102770328521729,
            0.5192135572433472,
            0.537980318069458,
            0.5111706852912903
        ],
        "val_loss": [
            0.7493829727172852,
            0.7507568001747131,
            0.8189176321029663,
            0.888049304485321,
            0.8585348129272461,
            0.9869832992553711,
            0.9720378518104553,
            1.06925630569458,
            1.3749127388000488,
            1.6405370235443115,
            1.2312488555908203
        ],
        "learning_rate": [
            0.0010000000474974513,
            0.0010000000474974513,
            0.0010000000474974513,
            0.0010000000474974513,
            0.0010000000474974513,
            0.0010000000474974513,
            0.0005000000237487257,
            0.0005000000237487257,
            0.0005000000237487257,
            0.0005000000237487257,
            0.0005000000237487257
        ]
    },
    "evaluation_metrics": {
        "accuracy": 0.5478105451295799,
        "precision": 0.5475124896030734,
        "recall": 0.5478105451295799,
        "f1": 0.547093781606118,
        "classification_report": {
            "0": {
                "precision": 0.5428015564202334,
                "recall": 0.5072727272727273,
                "f1-score": 0.524436090225564,
                "support": 550.0
            },
            "1": {
                "precision": 0.5520661157024793,
                "recall": 0.5869947275922671,
                "f1-score": 0.5689948892674617,
                "support": 569.0
            },
            "accuracy": 0.5478105451295799,
            "macro avg": {
                "precision": 0.5474338360613564,
                "recall": 0.5471337274324972,
                "f1-score": 0.5467154897465129,
                "support": 1119.0
            },
            "weighted avg": {
                "precision": 0.5475124896030734,
                "recall": 0.5478105451295799,
                "f1-score": 0.547093781606118,
                "support": 1119.0
            }
        },
        "confusion_matrix": [
            [
                279,
                271
            ],
            [
                235,
                334
            ]
        ]
    }
}