{
    "timestamp": "2025-04-28 20:57:38",
    "training_history": {
        "accuracy": [
            0.5572260022163391,
            0.591254472732544,
            0.6394277215003967,
            0.6724054217338562,
            0.7010992765426636,
            0.7289039492607117,
            0.7662463784217834,
            0.7832201719284058,
            0.7996281981468201,
            0.8094891905784607,
            0.821209192276001
        ],
        "loss": [
            0.7447372078895569,
            0.698840320110321,
            0.6605100035667419,
            0.6319886445999146,
            0.5990309715270996,
            0.5676102042198181,
            0.5215902924537659,
            0.4986748993396759,
            0.4717789888381958,
            0.4566802978515625,
            0.440774142742157
        ],
        "val_accuracy": [
            0.5071574449539185,
            0.5051124691963196,
            0.48670756816864014,
            0.48670756816864014,
            0.511247456073761,
            0.4969325065612793,
            0.5153374075889587,
            0.5153374075889587,
            0.511247456073761,
            0.5173823833465576,
            0.511247456073761
        ],
        "val_loss": [
            0.7392615675926208,
            0.7487004399299622,
            0.7790094017982483,
            0.79001384973526,
            0.8311454653739929,
            0.8749389052391052,
            0.8956706523895264,
            0.9342717528343201,
            0.9787124395370483,
            0.9933770895004272,
            1.032155990600586
        ],
        "learning_rate": [
            0.0010000000474974513,
            0.0010000000474974513,
            0.0010000000474974513,
            0.0010000000474974513,
            0.0010000000474974513,
            0.0010000000474974513,
            0.0005000000237487257,
            0.0005000000237487257,
            0.0005000000237487257,
            0.0005000000237487257,
            0.0005000000237487257
        ]
    },
    "evaluation_metrics": {
        "accuracy": 0.5132924335378323,
        "precision": 0.5284876637456933,
        "recall": 0.5132924335378323,
        "f1": 0.5159383822531204,
        "classification_report": {
            "0": {
                "precision": 0.594017094017094,
                "recall": 0.4929078014184397,
                "f1-score": 0.5387596899224806,
                "support": 282.0
            },
            "1": {
                "precision": 0.4392156862745098,
                "recall": 0.5410628019323671,
                "f1-score": 0.4848484848484848,
                "support": 207.0
            },
            "accuracy": 0.5132924335378323,
            "macro avg": {
                "precision": 0.5166163901458019,
                "recall": 0.5169853016754034,
                "f1-score": 0.5118040873854827,
                "support": 489.0
            },
            "weighted avg": {
                "precision": 0.5284876637456933,
                "recall": 0.5132924335378323,
                "f1-score": 0.5159383822531204,
                "support": 489.0
            }
        },
        "confusion_matrix": [
            [
                139,
                143
            ],
            [
                95,
                112
            ]
        ]
    }
}