{
    "timestamp": "2025-04-28 20:57:16",
    "training_history": {
        "accuracy": [
            0.5895205140113831,
            0.6633797287940979,
            0.7200309634208679,
            0.7509667277336121,
            0.7704949975013733,
            0.7869296073913574,
            0.8174787163734436,
            0.8312065005302429,
            0.8313998579978943,
            0.843774139881134,
            0.860788881778717
        ],
        "loss": [
            0.7349518537521362,
            0.6552528738975525,
            0.592094898223877,
            0.5549958944320679,
            0.5159939527511597,
            0.4891950786113739,
            0.4441426694393158,
            0.4222238063812256,
            0.40526828169822693,
            0.39170342683792114,
            0.3681042194366455
        ],
        "val_accuracy": [
            0.43386244773864746,
            0.44973546266555786,
            0.5449735522270203,
            0.47089946269989014,
            0.5132275223731995,
            0.49735450744628906,
            0.49735450744628906,
            0.523809552192688,
            0.5079365372657776,
            0.5132275223731995,
            0.5291005373001099
        ],
        "val_loss": [
            0.7855262756347656,
            0.7901199460029602,
            0.786742627620697,
            0.9021642208099365,
            0.9593851566314697,
            1.0659949779510498,
            0.9870525002479553,
            1.1395184993743896,
            1.1118868589401245,
            1.183504581451416,
            1.2835979461669922
        ],
        "learning_rate": [
            0.0010000000474974513,
            0.0010000000474974513,
            0.0010000000474974513,
            0.0010000000474974513,
            0.0010000000474974513,
            0.0010000000474974513,
            0.0005000000237487257,
            0.0005000000237487257,
            0.0005000000237487257,
            0.0005000000237487257,
            0.0005000000237487257
        ]
    },
    "evaluation_metrics": {
        "accuracy": 0.5105263157894737,
        "precision": 0.544127913523252,
        "recall": 0.5105263157894737,
        "f1": 0.5134725805109428,
        "classification_report": {
            "0": {
                "precision": 0.4205607476635514,
                "recall": 0.5921052631578947,
                "f1-score": 0.4918032786885246,
                "support": 76.0
            },
            "1": {
                "precision": 0.6265060240963856,
                "recall": 0.45614035087719296,
                "f1-score": 0.5279187817258884,
                "support": 114.0
            },
            "accuracy": 0.5105263157894737,
            "macro avg": {
                "precision": 0.5235333858799684,
                "recall": 0.5241228070175439,
                "f1-score": 0.5098610302072064,
                "support": 190.0
            },
            "weighted avg": {
                "precision": 0.544127913523252,
                "recall": 0.5105263157894737,
                "f1-score": 0.5134725805109428,
                "support": 190.0
            }
        },
        "confusion_matrix": [
            [
                45,
                31
            ],
            [
                62,
                52
            ]
        ]
    }
}