{
    "timestamp": "2025-04-28 21:04:41",
    "training_history": {
        "accuracy": [
            0.5726603865623474,
            0.64027339220047,
            0.6878023147583008,
            0.7270241975784302,
            0.7548896074295044,
            0.7861198782920837,
            0.8109358549118042,
            0.8339642286300659,
            0.8430073857307434,
            0.8473185896873474,
            0.855520486831665
        ],
        "loss": [
            0.75006502866745,
            0.6780654191970825,
            0.6223193407058716,
            0.5764929056167603,
            0.5341617465019226,
            0.49519893527030945,
            0.4478535056114197,
            0.4174288809299469,
            0.3971810042858124,
            0.38750287890434265,
            0.3752437233924866
        ],
        "val_accuracy": [
            0.508474588394165,
            0.49435028433799744,
            0.4887005686759949,
            0.5112994313240051,
            0.5112994313240051,
            0.505649745464325,
            0.5225988626480103,
            0.5141242742538452,
            0.5028248429298401,
            0.5112994313240051,
            0.508474588394165
        ],
        "val_loss": [
            0.8220676779747009,
            0.8278027772903442,
            0.9114435315132141,
            0.8562864065170288,
            0.9716464281082153,
            1.1228392124176025,
            1.095963478088379,
            1.1419081687927246,
            1.2228871583938599,
            1.2676565647125244,
            1.270087480545044
        ],
        "learning_rate": [
            0.0010000000474974513,
            0.0010000000474974513,
            0.0010000000474974513,
            0.0010000000474974513,
            0.0010000000474974513,
            0.0010000000474974513,
            0.0005000000237487257,
            0.0005000000237487257,
            0.0005000000237487257,
            0.0005000000237487257,
            0.0005000000237487257
        ]
    },
    "evaluation_metrics": {
        "accuracy": 0.5536723163841808,
        "precision": 0.3065530339302244,
        "recall": 0.5536723163841808,
        "f1": 0.3946173600410888,
        "classification_report": {
            "0": {
                "precision": 0.5536723163841808,
                "recall": 1.0,
                "f1-score": 0.7127272727272728,
                "support": 196.0
            },
            "1": {
                "precision": 0.0,
                "recall": 0.0,
                "f1-score": 0.0,
                "support": 158.0
            },
            "accuracy": 0.5536723163841808,
            "macro avg": {
                "precision": 0.2768361581920904,
                "recall": 0.5,
                "f1-score": 0.3563636363636364,
                "support": 354.0
            },
            "weighted avg": {
                "precision": 0.3065530339302244,
                "recall": 0.5536723163841808,
                "f1-score": 0.3946173600410888,
                "support": 354.0
            }
        },
        "confusion_matrix": [
            [
                196,
                0
            ],
            [
                158,
                0
            ]
        ]
    }
}