{
    "timestamp": "2025-04-28 21:01:07",
    "training_history": {
        "accuracy": [
            0.5483949184417725,
            0.6040856242179871,
            0.6468871831893921,
            0.6860408782958984,
            0.7191958427429199,
            0.734760046005249,
            0.7809662818908691,
            0.789559006690979,
            0.8059338331222534,
            0.8117704391479492,
            0.8227140307426453
        ],
        "loss": [
            0.7394201159477234,
            0.6805561780929565,
            0.642342746257782,
            0.6051321029663086,
            0.5709219574928284,
            0.544960081577301,
            0.4885002672672272,
            0.47358977794647217,
            0.45247650146484375,
            0.4393475353717804,
            0.4223080575466156
        ],
        "val_accuracy": [
            0.47516199946403503,
            0.5485960841178894,
            0.4967602491378784,
            0.4989200830459595,
            0.48596110939979553,
            0.49460044503211975,
            0.5161986947059631,
            0.511879026889801,
            0.5032397508621216,
            0.48596110939979553,
            0.5161986947059631
        ],
        "val_loss": [
            0.7587166428565979,
            0.8337452411651611,
            1.0329537391662598,
            1.066336750984192,
            1.1421540975570679,
            1.1678578853607178,
            1.1704961061477661,
            1.287704348564148,
            1.3078869581222534,
            1.3368498086929321,
            1.3368620872497559
        ],
        "learning_rate": [
            0.0010000000474974513,
            0.0010000000474974513,
            0.0010000000474974513,
            0.0010000000474974513,
            0.0010000000474974513,
            0.0010000000474974513,
            0.0005000000237487257,
            0.0005000000237487257,
            0.0005000000237487257,
            0.0005000000237487257,
            0.0005000000237487257
        ]
    },
    "evaluation_metrics": {
        "accuracy": 0.5301724137931034,
        "precision": 0.5784487568550754,
        "recall": 0.5301724137931034,
        "f1": 0.5166118749724258,
        "classification_report": {
            "0": {
                "precision": 0.47003154574132494,
                "recall": 0.7487437185929648,
                "f1-score": 0.5775193798449613,
                "support": 199.0
            },
            "1": {
                "precision": 0.6598639455782312,
                "recall": 0.3660377358490566,
                "f1-score": 0.47087378640776695,
                "support": 265.0
            },
            "accuracy": 0.5301724137931034,
            "macro avg": {
                "precision": 0.5649477456597781,
                "recall": 0.5573907272210107,
                "f1-score": 0.5241965831263641,
                "support": 464.0
            },
            "weighted avg": {
                "precision": 0.5784487568550754,
                "recall": 0.5301724137931034,
                "f1-score": 0.5166118749724258,
                "support": 464.0
            }
        },
        "confusion_matrix": [
            [
                149,
                50
            ],
            [
                168,
                97
            ]
        ]
    }
}