{
    "timestamp": "2025-04-28 21:09:07",
    "training_history": {
        "accuracy": [
            0.5515835881233215,
            0.5893697142601013,
            0.6113985776901245,
            0.630761981010437,
            0.6638444662094116,
            0.6799153089523315,
            0.7191125750541687,
            0.7409846186637878,
            0.7534493803977966,
            0.7626215219497681,
            0.7782220244407654
        ],
        "loss": [
            0.7466884255409241,
            0.7058645486831665,
            0.6801960468292236,
            0.6566953063011169,
            0.6349793076515198,
            0.6134166121482849,
            0.5681369304656982,
            0.5508931875228882,
            0.5313133001327515,
            0.5149976015090942,
            0.4965992867946625
        ],
        "val_accuracy": [
            0.4547461271286011,
            0.5209712982177734,
            0.4768211841583252,
            0.5011037588119507,
            0.5121412873268127,
            0.4988962411880493,
            0.4988962411880493,
            0.47240617871284485,
            0.5055187344551086,
            0.5011037588119507,
            0.5099337697029114
        ],
        "val_loss": [
            0.7504220604896545,
            0.7553779482841492,
            0.7527933120727539,
            0.7749634981155396,
            0.7748143076896667,
            0.8578272461891174,
            0.8959895968437195,
            0.8791787028312683,
            0.9556673765182495,
            0.9711299538612366,
            0.9693498015403748
        ],
        "learning_rate": [
            0.0010000000474974513,
            0.0010000000474974513,
            0.0010000000474974513,
            0.0010000000474974513,
            0.0010000000474974513,
            0.0010000000474974513,
            0.0005000000237487257,
            0.0005000000237487257,
            0.0005000000237487257,
            0.0005000000237487257,
            0.0005000000237487257
        ]
    },
    "evaluation_metrics": {
        "accuracy": 0.4216335540838852,
        "precision": 0.5088195234755684,
        "recall": 0.4216335540838852,
        "f1": 0.31512718405979023,
        "classification_report": {
            "0": {
                "precision": 0.4072289156626506,
                "recall": 0.9135135135135135,
                "f1-score": 0.5633333333333334,
                "support": 185.0
            },
            "1": {
                "precision": 0.5789473684210527,
                "recall": 0.08208955223880597,
                "f1-score": 0.14379084967320263,
                "support": 268.0
            },
            "accuracy": 0.4216335540838852,
            "macro avg": {
                "precision": 0.49308814204185164,
                "recall": 0.49780153287615975,
                "f1-score": 0.353562091503268,
                "support": 453.0
            },
            "weighted avg": {
                "precision": 0.5088195234755684,
                "recall": 0.4216335540838852,
                "f1-score": 0.31512718405979023,
                "support": 453.0
            }
        },
        "confusion_matrix": [
            [
                169,
                16
            ],
            [
                246,
                22
            ]
        ]
    }
}