{
    "timestamp": "2025-04-28 21:18:25",
    "training_history": {
        "accuracy": [
            0.5422773957252502,
            0.5661082863807678,
            0.5862997174263,
            0.6205005645751953,
            0.6489181518554688,
            0.6778841614723206,
            0.7118855118751526,
            0.7237511277198792,
            0.7366636991500854,
            0.7454382181167603,
            0.7556087374687195
        ],
        "loss": [
            0.7434130311012268,
            0.7012487649917603,
            0.6814055442810059,
            0.6608151793479919,
            0.6404851078987122,
            0.6144930124282837,
            0.5774580836296082,
            0.5598134398460388,
            0.5402288436889648,
            0.530503511428833,
            0.5166497230529785
        ],
        "val_accuracy": [
            0.36304062604904175,
            0.3892529606819153,
            0.3840104937553406,
            0.40760156512260437,
            0.39711663126945496,
            0.39711663126945496,
            0.401048481464386,
            0.401048481464386,
            0.41939711570739746,
            0.4285714328289032,
            0.4128440320491791
        ],
        "val_loss": [
            0.8163889050483704,
            1.660882592201233,
            1.571313738822937,
            1.074464201927185,
            1.6429654359817505,
            1.8648306131362915,
            1.7151926755905151,
            1.8705438375473022,
            1.603782057762146,
            1.75419020652771,
            1.551085352897644
        ],
        "learning_rate": [
            0.0010000000474974513,
            0.0010000000474974513,
            0.0010000000474974513,
            0.0010000000474974513,
            0.0010000000474974513,
            0.0010000000474974513,
            0.0005000000237487257,
            0.0005000000237487257,
            0.0005000000237487257,
            0.0005000000237487257,
            0.0005000000237487257
        ]
    },
    "evaluation_metrics": {
        "accuracy": 0.5203145478374837,
        "precision": 0.5279176548907653,
        "recall": 0.5203145478374837,
        "f1": 0.46520542420582617,
        "classification_report": {
            "0": {
                "precision": 0.5159744408945687,
                "recall": 0.8367875647668394,
                "f1-score": 0.6383399209486166,
                "support": 386.0
            },
            "1": {
                "precision": 0.5401459854014599,
                "recall": 0.1962864721485411,
                "f1-score": 0.28793774319066145,
                "support": 377.0
            },
            "accuracy": 0.5203145478374837,
            "macro avg": {
                "precision": 0.5280602131480143,
                "recall": 0.5165370184576903,
                "f1-score": 0.463138832069639,
                "support": 763.0
            },
            "weighted avg": {
                "precision": 0.5279176548907653,
                "recall": 0.5203145478374837,
                "f1-score": 0.46520542420582617,
                "support": 763.0
            }
        },
        "confusion_matrix": [
            [
                323,
                63
            ],
            [
                303,
                74
            ]
        ]
    }
}