{
    "timestamp": "2025-04-28 21:06:38",
    "training_history": {
        "accuracy": [
            0.5499419569969177,
            0.5990127921104431,
            0.632868766784668,
            0.674157977104187,
            0.7017421722412109,
            0.7315911650657654,
            0.7671312689781189,
            0.7822299599647522,
            0.7964575886726379,
            0.8079558610916138,
            0.8193379640579224
        ],
        "loss": [
            0.746924877166748,
            0.6893929243087769,
            0.6494762301445007,
            0.6114564538002014,
            0.5826424360275269,
            0.5451885461807251,
            0.4942462146282196,
            0.47080671787261963,
            0.4511822462081909,
            0.4375557005405426,
            0.4210350811481476
        ],
        "val_accuracy": [
            0.478723406791687,
            0.5151975750923157,
            0.4954407215118408,
            0.4620060920715332,
            0.478723406791687,
            0.457446813583374,
            0.5227963328361511,
            0.503039538860321,
            0.5197568535804749,
            0.49696049094200134,
            0.5091185569763184
        ],
        "val_loss": [
            0.8129245638847351,
            0.8374496698379517,
            0.9649109840393066,
            1.071980595588684,
            1.1835514307022095,
            1.0917214155197144,
            1.285262942314148,
            1.289868712425232,
            1.346885323524475,
            1.4751176834106445,
            1.395470380783081
        ],
        "learning_rate": [
            0.0010000000474974513,
            0.0010000000474974513,
            0.0010000000474974513,
            0.0010000000474974513,
            0.0010000000474974513,
            0.0010000000474974513,
            0.0005000000237487257,
            0.0005000000237487257,
            0.0005000000237487257,
            0.0005000000237487257,
            0.0005000000237487257
        ]
    },
    "evaluation_metrics": {
        "accuracy": 0.48254931714719274,
        "precision": 0.5211375426768029,
        "recall": 0.48254931714719274,
        "f1": 0.4690366857653963,
        "classification_report": {
            "0": {
                "precision": 0.4327354260089686,
                "recall": 0.6868327402135231,
                "f1-score": 0.530949105914718,
                "support": 281.0
            },
            "1": {
                "precision": 0.5868544600938967,
                "recall": 0.3306878306878307,
                "f1-score": 0.4230118443316413,
                "support": 378.0
            },
            "accuracy": 0.48254931714719274,
            "macro avg": {
                "precision": 0.5097949430514327,
                "recall": 0.508760285450677,
                "f1-score": 0.47698047512317965,
                "support": 659.0
            },
            "weighted avg": {
                "precision": 0.5211375426768029,
                "recall": 0.48254931714719274,
                "f1-score": 0.4690366857653963,
                "support": 659.0
            }
        },
        "confusion_matrix": [
            [
                193,
                88
            ],
            [
                253,
                125
            ]
        ]
    }
}