{
    "timestamp": "2025-04-28 21:08:46",
    "training_history": {
        "accuracy": [
            0.5321094393730164,
            0.5768635272979736,
            0.6169357895851135,
            0.6586669683456421,
            0.6883432865142822,
            0.7108309268951416,
            0.7530413866043091,
            0.772100567817688,
            0.7822384238243103,
            0.7906436920166016,
            0.803104043006897
        ],
        "loss": [
            0.7401796579360962,
            0.6928807497024536,
            0.6638622879981995,
            0.6342861652374268,
            0.606878936290741,
            0.5823100209236145,
            0.5326492190361023,
            0.5072386264801025,
            0.4909244775772095,
            0.47670719027519226,
            0.46312007308006287
        ],
        "val_accuracy": [
            0.45601436495780945,
            0.4640933573246002,
            0.4676840305328369,
            0.4551166892051697,
            0.45870736241340637,
            0.46229803562164307,
            0.46229803562164307,
            0.4640933573246002,
            0.4640933573246002,
            0.4578096866607666,
            0.4640933573246002
        ],
        "val_loss": [
            0.7804263830184937,
            1.2001949548721313,
            1.1501367092132568,
            1.8625768423080444,
            2.223268985748291,
            3.0474374294281006,
            3.2253026962280273,
            2.5869345664978027,
            3.2125744819641113,
            3.6605989933013916,
            3.0373806953430176
        ],
        "learning_rate": [
            0.0010000000474974513,
            0.0010000000474974513,
            0.0010000000474974513,
            0.0010000000474974513,
            0.0010000000474974513,
            0.0010000000474974513,
            0.0005000000237487257,
            0.0005000000237487257,
            0.0005000000237487257,
            0.0005000000237487257,
            0.0005000000237487257
        ]
    },
    "evaluation_metrics": {
        "accuracy": 0.5224416517055656,
        "precision": 0.571217141039085,
        "recall": 0.5224416517055656,
        "f1": 0.3652058796123526,
        "classification_report": {
            "0": {
                "precision": 0.5216998191681737,
                "recall": 0.9948275862068966,
                "f1-score": 0.6844602609727165,
                "support": 580.0
            },
            "1": {
                "precision": 0.625,
                "recall": 0.009363295880149813,
                "f1-score": 0.01845018450184502,
                "support": 534.0
            },
            "accuracy": 0.5224416517055656,
            "macro avg": {
                "precision": 0.5733499095840868,
                "recall": 0.5020954410435232,
                "f1-score": 0.35145522273728075,
                "support": 1114.0
            },
            "weighted avg": {
                "precision": 0.571217141039085,
                "recall": 0.5224416517055656,
                "f1-score": 0.3652058796123526,
                "support": 1114.0
            }
        },
        "confusion_matrix": [
            [
                577,
                3
            ],
            [
                529,
                5
            ]
        ]
    }
}