{
    "timestamp": "2025-04-28 21:11:50",
    "training_history": {
        "accuracy": [
            0.5241157412528992,
            0.5515809059143066,
            0.5887727737426758,
            0.6247052550315857,
            0.6517952680587769,
            0.6796355843544006,
            0.6956591606140137,
            0.7263665795326233,
            0.7438102960586548,
            0.7587084770202637,
            0.7672025561332703,
            0.7796891927719116
        ],
        "loss": [
            0.7288265228271484,
            0.6924108862876892,
            0.6743972897529602,
            0.6502950191497803,
            0.6289380788803101,
            0.6025091409683228,
            0.584304690361023,
            0.5423716902732849,
            0.5198029279708862,
            0.5026042461395264,
            0.49161484837532043,
            0.47443050146102905
        ],
        "val_accuracy": [
            0.448867529630661,
            0.45847633481025696,
            0.4866163432598114,
            0.5833905339241028,
            0.5682910084724426,
            0.5799587965011597,
            0.4625943601131439,
            0.503774881362915,
            0.5030885338783264,
            0.5058339238166809,
            0.5271105170249939,
            0.49553877115249634
        ],
        "val_loss": [
            0.7322202920913696,
            0.7188432216644287,
            0.7682260870933533,
            0.736683189868927,
            0.733738362789154,
            0.7901402711868286,
            1.1435227394104004,
            0.8751894235610962,
            1.0734176635742188,
            0.9629903435707092,
            0.9751877188682556,
            1.1272027492523193
        ],
        "learning_rate": [
            0.0010000000474974513,
            0.0010000000474974513,
            0.0010000000474974513,
            0.0010000000474974513,
            0.0010000000474974513,
            0.0010000000474974513,
            0.0010000000474974513,
            0.0005000000237487257,
            0.0005000000237487257,
            0.0005000000237487257,
            0.0005000000237487257,
            0.0005000000237487257
        ]
    },
    "evaluation_metrics": {
        "accuracy": 0.4447494852436513,
        "precision": 0.6036493438689732,
        "recall": 0.4447494852436513,
        "f1": 0.2909474627200964,
        "classification_report": {
            "0": {
                "precision": 0.4395527603074773,
                "recall": 0.9889937106918238,
                "f1-score": 0.6086115142718916,
                "support": 636.0
            },
            "1": {
                "precision": 0.7307692307692307,
                "recall": 0.023142509135200974,
                "f1-score": 0.0448642266824085,
                "support": 821.0
            },
            "accuracy": 0.4447494852436513,
            "macro avg": {
                "precision": 0.585160995538354,
                "recall": 0.5060681099135124,
                "f1-score": 0.3267378704771501,
                "support": 1457.0
            },
            "weighted avg": {
                "precision": 0.6036493438689732,
                "recall": 0.4447494852436513,
                "f1-score": 0.2909474627200964,
                "support": 1457.0
            }
        },
        "confusion_matrix": [
            [
                629,
                7
            ],
            [
                802,
                19
            ]
        ]
    }
}