{
    "timestamp": "2025-04-28 21:16:34",
    "training_history": {
        "accuracy": [
            0.5437401533126831,
            0.5910347700119019,
            0.6262341737747192,
            0.666123628616333,
            0.7027053833007812,
            0.7289692163467407,
            0.7667357921600342,
            0.785446286201477,
            0.7958135604858398,
            0.8063783645629883,
            0.816696286201477
        ],
        "loss": [
            0.740109384059906,
            0.6941889524459839,
            0.6638365983963013,
            0.6301836967468262,
            0.5953719019889832,
            0.5682177543640137,
            0.5160562992095947,
            0.48804420232772827,
            0.4715111553668976,
            0.45433172583580017,
            0.44098812341690063
        ],
        "val_accuracy": [
            0.5528662204742432,
            0.53121018409729,
            0.49808916449546814,
            0.5197452306747437,
            0.5031847357749939,
            0.5146496891975403,
            0.46878981590270996,
            0.4675159156322479,
            0.5146496891975403,
            0.47388535737991333,
            0.4993630647659302
        ],
        "val_loss": [
            0.7449014186859131,
            0.7753787040710449,
            0.8021303415298462,
            0.8350352048873901,
            0.9745731353759766,
            0.7788044810295105,
            0.8895733952522278,
            1.0032711029052734,
            0.9559730291366577,
            0.9932675361633301,
            0.8437018990516663
        ],
        "learning_rate": [
            0.0010000000474974513,
            0.0010000000474974513,
            0.0010000000474974513,
            0.0010000000474974513,
            0.0010000000474974513,
            0.0010000000474974513,
            0.0005000000237487257,
            0.0005000000237487257,
            0.0005000000237487257,
            0.0005000000237487257,
            0.0005000000237487257
        ]
    },
    "evaluation_metrics": {
        "accuracy": 0.5006369426751592,
        "precision": 0.49904159045853946,
        "recall": 0.5006369426751592,
        "f1": 0.4987871357087715,
        "classification_report": {
            "0": {
                "precision": 0.5158371040723982,
                "recall": 0.5615763546798029,
                "f1-score": 0.5377358490566039,
                "support": 406.0
            },
            "1": {
                "precision": 0.48104956268221577,
                "recall": 0.43535620052770446,
                "f1-score": 0.45706371191135736,
                "support": 379.0
            },
            "accuracy": 0.5006369426751592,
            "macro avg": {
                "precision": 0.498443333377307,
                "recall": 0.4984662776037537,
                "f1-score": 0.4973997804839806,
                "support": 785.0
            },
            "weighted avg": {
                "precision": 0.49904159045853946,
                "recall": 0.5006369426751592,
                "f1-score": 0.4987871357087715,
                "support": 785.0
            }
        },
        "confusion_matrix": [
            [
                228,
                178
            ],
            [
                214,
                165
            ]
        ]
    }
}