{
    "timestamp": "2025-04-28 21:12:21",
    "training_history": {
        "accuracy": [
            0.5383244156837463,
            0.5828352570533752,
            0.6145538687705994,
            0.6529306769371033,
            0.6891055703163147,
            0.717468798160553,
            0.7560553550720215,
            0.7766593098640442,
            0.7848904132843018,
            0.7960050106048584,
            0.8057565093040466
        ],
        "loss": [
            0.7379255890846252,
            0.6918620467185974,
            0.6630269289016724,
            0.6292563676834106,
            0.5953348278999329,
            0.565251886844635,
            0.518604040145874,
            0.49224653840065,
            0.4731634855270386,
            0.45831936597824097,
            0.447327584028244
        ],
        "val_accuracy": [
            0.5679677128791809,
            0.5585464239120483,
            0.5585464239120483,
            0.5195154547691345,
            0.5773889422416687,
            0.5343202948570251,
            0.545087456703186,
            0.5275908708572388,
            0.5410497784614563,
            0.5666217803955078,
            0.5504710674285889
        ],
        "val_loss": [
            0.7144148349761963,
            0.7395906448364258,
            0.7787814736366272,
            0.8665413856506348,
            0.9604688286781311,
            0.9934967756271362,
            1.1077711582183838,
            1.1848077774047852,
            1.1615681648254395,
            1.1193211078643799,
            1.282307505607605
        ],
        "learning_rate": [
            0.0010000000474974513,
            0.0010000000474974513,
            0.0010000000474974513,
            0.0010000000474974513,
            0.0010000000474974513,
            0.0010000000474974513,
            0.0005000000237487257,
            0.0005000000237487257,
            0.0005000000237487257,
            0.0005000000237487257,
            0.0005000000237487257
        ]
    },
    "evaluation_metrics": {
        "accuracy": 0.4637096774193548,
        "precision": 0.49609674164445666,
        "recall": 0.4637096774193548,
        "f1": 0.46510608762659306,
        "classification_report": {
            "0": {
                "precision": 0.38657407407407407,
                "recall": 0.5548172757475083,
                "f1-score": 0.45566166439290584,
                "support": 301.0
            },
            "1": {
                "precision": 0.5705128205128205,
                "recall": 0.4018058690744921,
                "f1-score": 0.47152317880794703,
                "support": 443.0
            },
            "accuracy": 0.4637096774193548,
            "macro avg": {
                "precision": 0.4785434472934473,
                "recall": 0.4783115724110002,
                "f1-score": 0.46359242160042646,
                "support": 744.0
            },
            "weighted avg": {
                "precision": 0.49609674164445666,
                "recall": 0.4637096774193548,
                "f1-score": 0.46510608762659306,
                "support": 744.0
            }
        },
        "confusion_matrix": [
            [
                167,
                134
            ],
            [
                265,
                178
            ]
        ]
    }
}