{
    "timestamp": "2025-04-28 21:22:18",
    "training_history": {
        "accuracy": [
            0.5566872358322144,
            0.6051954627037048,
            0.6355966925621033,
            0.6726337671279907,
            0.7044752836227417,
            0.7278806567192078,
            0.7730966806411743,
            0.7943415641784668,
            0.8063786029815674,
            0.8133230209350586,
            0.8245370388031006
        ],
        "loss": [
            0.741125226020813,
            0.6905425786972046,
            0.6565329432487488,
            0.6220765709877014,
            0.5891084671020508,
            0.5603139400482178,
            0.5038623809814453,
            0.4770877957344055,
            0.4574314057826996,
            0.4409841299057007,
            0.4263968765735626
        ],
        "val_accuracy": [
            0.5814266204833984,
            0.5720053911209106,
            0.5827725529670715,
            0.5639300346374512,
            0.5814266204833984,
            0.5289367437362671,
            0.5746971964836121,
            0.5625841021537781,
            0.5302826166152954,
            0.5612382292747498,
            0.5518169403076172
        ],
        "val_loss": [
            0.738518476486206,
            1.2599656581878662,
            0.9132769107818604,
            1.093261480331421,
            1.0957118272781372,
            0.8431691527366638,
            1.1341931819915771,
            1.1388933658599854,
            1.1488664150238037,
            1.2361983060836792,
            1.1357824802398682
        ],
        "learning_rate": [
            0.0010000000474974513,
            0.0010000000474974513,
            0.0010000000474974513,
            0.0010000000474974513,
            0.0010000000474974513,
            0.0010000000474974513,
            0.0005000000237487257,
            0.0005000000237487257,
            0.0005000000237487257,
            0.0005000000237487257,
            0.0005000000237487257
        ]
    },
    "evaluation_metrics": {
        "accuracy": 0.5625841184387618,
        "precision": 0.49350642627897,
        "recall": 0.5625841184387618,
        "f1": 0.43504907827867695,
        "classification_report": {
            "0": {
                "precision": 0.39285714285714285,
                "recall": 0.034482758620689655,
                "f1-score": 0.06340057636887607,
                "support": 319.0
            },
            "1": {
                "precision": 0.5692307692307692,
                "recall": 0.9599056603773585,
                "f1-score": 0.7146619841966638,
                "support": 424.0
            },
            "accuracy": 0.5625841184387618,
            "macro avg": {
                "precision": 0.481043956043956,
                "recall": 0.49719420949902404,
                "f1-score": 0.38903128028276995,
                "support": 743.0
            },
            "weighted avg": {
                "precision": 0.49350642627897,
                "recall": 0.5625841184387618,
                "f1-score": 0.43504907827867695,
                "support": 743.0
            }
        },
        "confusion_matrix": [
            [
                11,
                308
            ],
            [
                17,
                407
            ]
        ]
    }
}