{
    "timestamp": "2025-04-28 21:20:50",
    "training_history": {
        "accuracy": [
            0.5714671015739441,
            0.612864077091217,
            0.6570927500724792,
            0.6957254409790039,
            0.7133899927139282,
            0.746089518070221,
            0.7562028169631958,
            0.7926779985427856,
            0.8078479170799255,
            0.8155339956283569,
            0.8253101110458374,
            0.8333333134651184
        ],
        "loss": [
            0.7421748042106628,
            0.6903963685035706,
            0.6451334357261658,
            0.6037307977676392,
            0.5784734487533569,
            0.5490047931671143,
            0.5219998359680176,
            0.47783786058425903,
            0.4548543393611908,
            0.43958187103271484,
            0.42316579818725586,
            0.41427934169769287
        ],
        "val_accuracy": [
            0.5008665323257446,
            0.5407279133796692,
            0.5580589175224304,
            0.5511265397071838,
            0.5684575438499451,
            0.5511265397071838,
            0.5459272265434265,
            0.5424609780311584,
            0.5372617244720459,
            0.566724419593811,
            0.5528596043586731,
            0.5355286002159119
        ],
        "val_loss": [
            0.7601442337036133,
            0.7307048439979553,
            0.7394165396690369,
            0.7526741027832031,
            0.8994895815849304,
            0.9257171750068665,
            0.8443165421485901,
            0.9109450578689575,
            0.982519268989563,
            0.9060596227645874,
            0.9617294669151306,
            1.000893235206604
        ],
        "learning_rate": [
            0.0010000000474974513,
            0.0010000000474974513,
            0.0010000000474974513,
            0.0010000000474974513,
            0.0010000000474974513,
            0.0010000000474974513,
            0.0010000000474974513,
            0.0005000000237487257,
            0.0005000000237487257,
            0.0005000000237487257,
            0.0005000000237487257,
            0.0005000000237487257
        ]
    },
    "evaluation_metrics": {
        "accuracy": 0.4800693240901213,
        "precision": 0.46942813318650944,
        "recall": 0.4800693240901213,
        "f1": 0.42238239133745414,
        "classification_report": {
            "0": {
                "precision": 0.4528301886792453,
                "recall": 0.16551724137931034,
                "f1-score": 0.24242424242424243,
                "support": 290.0
            },
            "1": {
                "precision": 0.4861995753715499,
                "recall": 0.7979094076655052,
                "f1-score": 0.604221635883905,
                "support": 287.0
            },
            "accuracy": 0.4800693240901213,
            "macro avg": {
                "precision": 0.4695148820253976,
                "recall": 0.4817133245224078,
                "f1-score": 0.4233229391540737,
                "support": 577.0
            },
            "weighted avg": {
                "precision": 0.46942813318650944,
                "recall": 0.4800693240901213,
                "f1-score": 0.42238239133745414,
                "support": 577.0
            }
        },
        "confusion_matrix": [
            [
                48,
                242
            ],
            [
                58,
                229
            ]
        ]
    }
}