{
    "timestamp": "2025-04-28 21:13:15",
    "training_history": {
        "accuracy": [
            0.5352563858032227,
            0.5707849264144897,
            0.6077044010162354,
            0.646196186542511,
            0.6807268857955933,
            0.7043420672416687,
            0.74570631980896,
            0.756894052028656,
            0.7731010913848877,
            0.7789066433906555,
            0.7902757525444031
        ],
        "loss": [
            0.7343477606773376,
            0.6955839991569519,
            0.6724677681922913,
            0.6438151001930237,
            0.612336277961731,
            0.5876820087432861,
            0.5381221175193787,
            0.5187526941299438,
            0.4995042085647583,
            0.4890218675136566,
            0.4763333797454834
        ],
        "val_accuracy": [
            0.5555555820465088,
            0.5773115754127502,
            0.5687645673751831,
            0.5734265446662903,
            0.5664335489273071,
            0.5773115754127502,
            0.5330225229263306,
            0.558663547039032,
            0.5827505588531494,
            0.5765345692634583,
            0.5687645673751831
        ],
        "val_loss": [
            0.7147703170776367,
            0.7198947668075562,
            0.7414326071739197,
            0.8386042714118958,
            0.962702751159668,
            0.7645212411880493,
            0.8073015213012695,
            0.9168479442596436,
            0.904918909072876,
            0.9557831287384033,
            1.1734240055084229
        ],
        "learning_rate": [
            0.0010000000474974513,
            0.0010000000474974513,
            0.0010000000474974513,
            0.0010000000474974513,
            0.0010000000474974513,
            0.0010000000474974513,
            0.0005000000237487257,
            0.0005000000237487257,
            0.0005000000237487257,
            0.0005000000237487257,
            0.0005000000237487257
        ]
    },
    "evaluation_metrics": {
        "accuracy": 0.5151515151515151,
        "precision": 0.5203450336598908,
        "recall": 0.5151515151515151,
        "f1": 0.4221115583385646,
        "classification_report": {
            "0": {
                "precision": 0.5271317829457365,
                "recall": 0.10776545166402536,
                "f1-score": 0.17894736842105263,
                "support": 631.0
            },
            "1": {
                "precision": 0.5138169257340242,
                "recall": 0.9070121951219512,
                "f1-score": 0.6560088202866593,
                "support": 656.0
            },
            "accuracy": 0.5151515151515151,
            "macro avg": {
                "precision": 0.5204743543398803,
                "recall": 0.5073888233929883,
                "f1-score": 0.41747809435385597,
                "support": 1287.0
            },
            "weighted avg": {
                "precision": 0.5203450336598908,
                "recall": 0.5151515151515151,
                "f1-score": 0.4221115583385646,
                "support": 1287.0
            }
        },
        "confusion_matrix": [
            [
                68,
                563
            ],
            [
                61,
                595
            ]
        ]
    }
}