{
    "timestamp": "2025-04-28 21:14:57",
    "training_history": {
        "accuracy": [
            0.5359489917755127,
            0.5707383155822754,
            0.6112614274024963,
            0.6504316329956055,
            0.671885073184967,
            0.7017136812210083,
            0.736245334148407,
            0.7522870898246765,
            0.7694240212440491,
            0.7758020758628845,
            0.787849485874176
        ],
        "loss": [
            0.7525084614753723,
            0.7081050276756287,
            0.6755489706993103,
            0.6433029174804688,
            0.6150782108306885,
            0.5889300107955933,
            0.5470340847969055,
            0.5224268436431885,
            0.5080198049545288,
            0.49493375420570374,
            0.48251238465309143
        ],
        "val_accuracy": [
            0.4349258542060852,
            0.44975289702415466,
            0.4514003396034241,
            0.4546952247619629,
            0.44481053948402405,
            0.4530477821826935,
            0.4563426673412323,
            0.4546952247619629,
            0.4612849950790405,
            0.46622735261917114,
            0.44975289702415466
        ],
        "val_loss": [
            1.5428526401519775,
            1.8885128498077393,
            1.8689839839935303,
            1.8849265575408936,
            1.6839559078216553,
            2.0364887714385986,
            2.3455066680908203,
            3.025956153869629,
            2.638997793197632,
            2.5937037467956543,
            3.1412148475646973
        ],
        "learning_rate": [
            0.0010000000474974513,
            0.0010000000474974513,
            0.0010000000474974513,
            0.0010000000474974513,
            0.0010000000474974513,
            0.0010000000474974513,
            0.0005000000237487257,
            0.0005000000237487257,
            0.0005000000237487257,
            0.0005000000237487257,
            0.0005000000237487257
        ]
    },
    "evaluation_metrics": {
        "accuracy": 0.42174629324546953,
        "precision": 0.17786993586629357,
        "recall": 0.42174629324546953,
        "f1": 0.25021332809001207,
        "classification_report": {
            "0": {
                "precision": 0.42174629324546953,
                "recall": 1.0,
                "f1-score": 0.5932792584009271,
                "support": 256.0
            },
            "1": {
                "precision": 0.0,
                "recall": 0.0,
                "f1-score": 0.0,
                "support": 351.0
            },
            "accuracy": 0.42174629324546953,
            "macro avg": {
                "precision": 0.21087314662273476,
                "recall": 0.5,
                "f1-score": 0.29663962920046355,
                "support": 607.0
            },
            "weighted avg": {
                "precision": 0.17786993586629357,
                "recall": 0.42174629324546953,
                "f1-score": 0.25021332809001207,
                "support": 607.0
            }
        },
        "confusion_matrix": [
            [
                256,
                0
            ],
            [
                351,
                0
            ]
        ]
    }
}