{
    "timestamp": "2025-04-28 21:14:31",
    "training_history": {
        "accuracy": [
            0.5487351417541504,
            0.615947425365448,
            0.6553819179534912,
            0.6876240372657776,
            0.7213541865348816,
            0.7377232313156128,
            0.7669891119003296,
            0.80307537317276,
            0.8158482313156128,
            0.8286210298538208,
            0.8392857313156128,
            0.8518105149269104
        ],
        "loss": [
            0.7554415464401245,
            0.6948689818382263,
            0.6525272130966187,
            0.6134740114212036,
            0.5750344395637512,
            0.5501949191093445,
            0.5222570300102234,
            0.46741926670074463,
            0.45081818103790283,
            0.42466723918914795,
            0.41298913955688477,
            0.39584067463874817
        ],
        "val_accuracy": [
            0.5264900922775269,
            0.5629138946533203,
            0.5165562629699707,
            0.5430463552474976,
            0.5,
            0.5860927104949951,
            0.5298013091087341,
            0.5298013091087341,
            0.5496688485145569,
            0.556291401386261,
            0.5629138946533203,
            0.5430463552474976
        ],
        "val_loss": [
            0.7905036211013794,
            0.7891589403152466,
            0.859856128692627,
            0.8765055537223816,
            0.9221963286399841,
            0.9375249743461609,
            0.9634162783622742,
            1.0298463106155396,
            0.9327440857887268,
            1.0196645259857178,
            1.0164374113082886,
            1.0968478918075562
        ],
        "learning_rate": [
            0.0010000000474974513,
            0.0010000000474974513,
            0.0010000000474974513,
            0.0010000000474974513,
            0.0010000000474974513,
            0.0010000000474974513,
            0.0010000000474974513,
            0.0005000000237487257,
            0.0005000000237487257,
            0.0005000000237487257,
            0.0005000000237487257,
            0.0005000000237487257
        ]
    },
    "evaluation_metrics": {
        "accuracy": 0.4470198675496689,
        "precision": 0.5819706085065053,
        "recall": 0.4470198675496689,
        "f1": 0.314308916069652,
        "classification_report": {
            "0": {
                "precision": 0.4359861591695502,
                "recall": 0.9692307692307692,
                "f1-score": 0.6014319809069212,
                "support": 130.0
            },
            "1": {
                "precision": 0.6923076923076923,
                "recall": 0.05232558139534884,
                "f1-score": 0.0972972972972973,
                "support": 172.0
            },
            "accuracy": 0.4470198675496689,
            "macro avg": {
                "precision": 0.5641469257386212,
                "recall": 0.510778175313059,
                "f1-score": 0.34936463910210924,
                "support": 302.0
            },
            "weighted avg": {
                "precision": 0.5819706085065053,
                "recall": 0.4470198675496689,
                "f1-score": 0.314308916069652,
                "support": 302.0
            }
        },
        "confusion_matrix": [
            [
                126,
                4
            ],
            [
                163,
                9
            ]
        ]
    }
}