{
    "timestamp": "2025-04-28 21:16:05",
    "training_history": {
        "accuracy": [
            0.5501437783241272,
            0.5850264430046082,
            0.6111420392990112,
            0.6416643261909485,
            0.6658781170845032,
            0.6925039291381836,
            0.7073012590408325,
            0.7443640232086182,
            0.7642638683319092,
            0.7749327421188354,
            0.7881993055343628,
            0.7928842902183533
        ],
        "loss": [
            0.7456780672073364,
            0.7006085515022278,
            0.6757380962371826,
            0.6490219235420227,
            0.6272755265235901,
            0.6017504334449768,
            0.5840919613838196,
            0.5382062792778015,
            0.5151650309562683,
            0.4991641044616699,
            0.48403823375701904,
            0.47143733501434326
        ],
        "val_accuracy": [
            0.48494982719421387,
            0.5072463750839233,
            0.48494982719421387,
            0.5005574226379395,
            0.48383501172065735,
            0.4860646724700928,
            0.48494982719421387,
            0.5005574226379395,
            0.5005574226379395,
            0.4938684403896332,
            0.5027870535850525,
            0.5139353275299072
        ],
        "val_loss": [
            0.7356331944465637,
            0.732354998588562,
            0.7512534856796265,
            0.7657226324081421,
            0.7949694395065308,
            0.7801592350006104,
            0.8065502047538757,
            0.848973274230957,
            0.8575093150138855,
            0.9156132936477661,
            0.9681041240692139,
            1.0082902908325195
        ],
        "learning_rate": [
            0.0010000000474974513,
            0.0010000000474974513,
            0.0010000000474974513,
            0.0010000000474974513,
            0.0010000000474974513,
            0.0010000000474974513,
            0.0010000000474974513,
            0.0005000000237487257,
            0.0005000000237487257,
            0.0005000000237487257,
            0.0005000000237487257,
            0.0005000000237487257
        ]
    },
    "evaluation_metrics": {
        "accuracy": 0.4910913140311804,
        "precision": 0.4421242588295952,
        "recall": 0.4910913140311804,
        "f1": 0.3545715476499406,
        "classification_report": {
            "0": {
                "precision": 0.4953596287703016,
                "recall": 0.9510022271714922,
                "f1-score": 0.6514111365369946,
                "support": 449.0
            },
            "1": {
                "precision": 0.3888888888888889,
                "recall": 0.031180400890868598,
                "f1-score": 0.057731958762886594,
                "support": 449.0
            },
            "accuracy": 0.4910913140311804,
            "macro avg": {
                "precision": 0.4421242588295953,
                "recall": 0.4910913140311804,
                "f1-score": 0.3545715476499406,
                "support": 898.0
            },
            "weighted avg": {
                "precision": 0.4421242588295952,
                "recall": 0.4910913140311804,
                "f1-score": 0.3545715476499406,
                "support": 898.0
            }
        },
        "confusion_matrix": [
            [
                427,
                22
            ],
            [
                435,
                14
            ]
        ]
    }
}