{
    "timestamp": "2025-04-28 21:19:07",
    "training_history": {
        "accuracy": [
            0.5430957078933716,
            0.5831096768379211,
            0.6181032061576843,
            0.6404215097427368,
            0.6698479056358337,
            0.6935580372810364,
            0.7277065515518188,
            0.744656503200531,
            0.7569341063499451,
            0.7673724889755249,
            0.7766179442405701
        ],
        "loss": [
            0.7446162104606628,
            0.6964260339736938,
            0.661967396736145,
            0.6388026475906372,
            0.6121222972869873,
            0.5888307690620422,
            0.5424312949180603,
            0.5181032419204712,
            0.5031803250312805,
            0.48948657512664795,
            0.4702337682247162
        ],
        "val_accuracy": [
            0.500618040561676,
            0.500618040561676,
            0.49320149421691895,
            0.46847960352897644,
            0.47836834192276,
            0.49320149421691895,
            0.499381959438324,
            0.4672435224056244,
            0.49072930216789246,
            0.5092707276344299,
            0.4511742889881134
        ],
        "val_loss": [
            0.761054515838623,
            0.7639691233634949,
            0.855118989944458,
            0.8762363195419312,
            0.9367279410362244,
            0.8602827787399292,
            1.0114027261734009,
            1.034515619277954,
            1.072633981704712,
            1.0973889827728271,
            1.18612539768219
        ],
        "learning_rate": [
            0.0010000000474974513,
            0.0010000000474974513,
            0.0010000000474974513,
            0.0010000000474974513,
            0.0010000000474974513,
            0.0010000000474974513,
            0.0005000000237487257,
            0.0005000000237487257,
            0.0005000000237487257,
            0.0005000000237487257,
            0.0005000000237487257
        ]
    },
    "evaluation_metrics": {
        "accuracy": 0.5432098765432098,
        "precision": 0.5429684499314129,
        "recall": 0.5432098765432098,
        "f1": 0.5430858782124651,
        "classification_report": {
            "0": {
                "precision": 0.5866666666666667,
                "recall": 0.5892857142857143,
                "f1-score": 0.5879732739420936,
                "support": 448.0
            },
            "1": {
                "precision": 0.4888888888888889,
                "recall": 0.4861878453038674,
                "f1-score": 0.48753462603878117,
                "support": 362.0
            },
            "accuracy": 0.5432098765432098,
            "macro avg": {
                "precision": 0.5377777777777778,
                "recall": 0.5377367797947908,
                "f1-score": 0.5377539499904374,
                "support": 810.0
            },
            "weighted avg": {
                "precision": 0.5429684499314129,
                "recall": 0.5432098765432098,
                "f1-score": 0.5430858782124651,
                "support": 810.0
            }
        },
        "confusion_matrix": [
            [
                264,
                184
            ],
            [
                186,
                176
            ]
        ]
    }
}