{
    "timestamp": "2025-04-28 21:10:45",
    "training_history": {
        "accuracy": [
            0.5463858842849731,
            0.5754758715629578,
            0.611711859703064,
            0.6524378657341003,
            0.6827926635742188,
            0.7109972834587097,
            0.7444507479667664,
            0.7628533244132996,
            0.7710111737251282,
            0.7835009098052979,
            0.7945361137390137
        ],
        "loss": [
            0.7234604358673096,
            0.6842535138130188,
            0.6605625748634338,
            0.6264358162879944,
            0.5966504812240601,
            0.5701398253440857,
            0.5258429050445557,
            0.5018103718757629,
            0.48679542541503906,
            0.47266480326652527,
            0.4588678777217865
        ],
        "val_accuracy": [
            0.5608055591583252,
            0.570100724697113,
            0.5685514807701111,
            0.5367931723594666,
            0.46165764331817627,
            0.4864446222782135,
            0.4585592448711395,
            0.45778465270996094,
            0.5189775228500366,
            0.5406661629676819,
            0.4601084291934967
        ],
        "val_loss": [
            0.7021395564079285,
            0.7627573609352112,
            0.947251558303833,
            0.8876184225082397,
            0.8914157748222351,
            0.8736452460289001,
            0.8867179155349731,
            0.9091241955757141,
            0.9956063032150269,
            0.961261510848999,
            0.9280025362968445
        ],
        "learning_rate": [
            0.0010000000474974513,
            0.0010000000474974513,
            0.0010000000474974513,
            0.0010000000474974513,
            0.0010000000474974513,
            0.0010000000474974513,
            0.0005000000237487257,
            0.0005000000237487257,
            0.0005000000237487257,
            0.0005000000237487257,
            0.0005000000237487257
        ]
    },
    "evaluation_metrics": {
        "accuracy": 0.5290472501936483,
        "precision": 0.5558718696578601,
        "recall": 0.5290472501936483,
        "f1": 0.5025646596512441,
        "classification_report": {
            "0": {
                "precision": 0.5015839493136219,
                "recall": 0.7774140752864157,
                "f1-score": 0.6097560975609756,
                "support": 611.0
            },
            "1": {
                "precision": 0.6046511627906976,
                "recall": 0.3058823529411765,
                "f1-score": 0.40625,
                "support": 680.0
            },
            "accuracy": 0.5290472501936483,
            "macro avg": {
                "precision": 0.5531175560521597,
                "recall": 0.5416482141137962,
                "f1-score": 0.5080030487804879,
                "support": 1291.0
            },
            "weighted avg": {
                "precision": 0.5558718696578601,
                "recall": 0.5290472501936483,
                "f1-score": 0.5025646596512441,
                "support": 1291.0
            }
        },
        "confusion_matrix": [
            [
                475,
                136
            ],
            [
                472,
                208
            ]
        ]
    }
}