{
    "timestamp": "2025-04-28 21:06:09",
    "training_history": {
        "accuracy": [
            0.543448269367218,
            0.6044444441795349,
            0.6418390870094299,
            0.6782375574111938,
            0.7139463424682617,
            0.7375478744506836,
            0.7772414088249207,
            0.7857471108436584,
            0.8036015033721924,
            0.816321849822998,
            0.8242911696434021
        ],
        "loss": [
            0.7493343949317932,
            0.697149932384491,
            0.6616316437721252,
            0.6305152177810669,
            0.59420245885849,
            0.5646884441375732,
            0.5094096064567566,
            0.49108877778053284,
            0.4686110317707062,
            0.4449023902416229,
            0.43179965019226074
        ],
        "val_accuracy": [
            0.5467479825019836,
            0.5284552574157715,
            0.5142276287078857,
            0.5040650367736816,
            0.5020325183868408,
            0.5182926654815674,
            0.5325203537940979,
            0.4918699264526367,
            0.5182926654815674,
            0.5101625919342041,
            0.5101625919342041
        ],
        "val_loss": [
            0.7757856249809265,
            0.8175403475761414,
            0.9379807114601135,
            0.9044399261474609,
            1.0913662910461426,
            1.0528746843338013,
            1.2608171701431274,
            1.3111367225646973,
            1.3614083528518677,
            1.356384515762329,
            1.43486487865448
        ],
        "learning_rate": [
            0.0010000000474974513,
            0.0010000000474974513,
            0.0010000000474974513,
            0.0010000000474974513,
            0.0010000000474974513,
            0.0010000000474974513,
            0.0005000000237487257,
            0.0005000000237487257,
            0.0005000000237487257,
            0.0005000000237487257,
            0.0005000000237487257
        ]
    },
    "evaluation_metrics": {
        "accuracy": 0.4817073170731707,
        "precision": 0.49100546503390347,
        "recall": 0.4817073170731707,
        "f1": 0.3304235762330332,
        "classification_report": {
            "0": {
                "precision": 0.5,
                "recall": 0.0196078431372549,
                "f1-score": 0.03773584905660377,
                "support": 255.0
            },
            "1": {
                "precision": 0.48132780082987553,
                "recall": 0.9789029535864979,
                "f1-score": 0.6453407510431154,
                "support": 237.0
            },
            "accuracy": 0.4817073170731707,
            "macro avg": {
                "precision": 0.4906639004149378,
                "recall": 0.49925539836187643,
                "f1-score": 0.3415383000498596,
                "support": 492.0
            },
            "weighted avg": {
                "precision": 0.49100546503390347,
                "recall": 0.4817073170731707,
                "f1-score": 0.3304235762330332,
                "support": 492.0
            }
        },
        "confusion_matrix": [
            [
                5,
                250
            ],
            [
                5,
                232
            ]
        ]
    }
}