{
    "timestamp": "2025-04-28 21:08:02",
    "training_history": {
        "accuracy": [
            0.5561386942863464,
            0.5999257564544678,
            0.6485899090766907,
            0.6872879266738892,
            0.7197306752204895,
            0.7402989864349365,
            0.7809584140777588,
            0.7938401103019714,
            0.8072519302368164,
            0.817642092704773,
            0.827237069606781
        ],
        "loss": [
            0.736484706401825,
            0.6851404309272766,
            0.6514426469802856,
            0.6155139803886414,
            0.5827626585960388,
            0.5502521395683289,
            0.4992031157016754,
            0.4737986922264099,
            0.4571147561073303,
            0.43874478340148926,
            0.426505982875824
        ],
        "val_accuracy": [
            0.45335084199905396,
            0.4875164330005646,
            0.44152429699897766,
            0.4349540174007416,
            0.44152429699897766,
            0.4520367980003357,
            0.4494086802005768,
            0.44152429699897766,
            0.4612352252006531,
            0.44415244460105896,
            0.4717476963996887
        ],
        "val_loss": [
            0.8213419318199158,
            1.050890326499939,
            1.471732497215271,
            1.6397863626480103,
            1.4291269779205322,
            1.9892855882644653,
            1.348494529724121,
            1.8132895231246948,
            1.583885669708252,
            1.9382100105285645,
            1.7053743600845337
        ],
        "learning_rate": [
            0.0010000000474974513,
            0.0010000000474974513,
            0.0010000000474974513,
            0.0010000000474974513,
            0.0010000000474974513,
            0.0010000000474974513,
            0.0005000000237487257,
            0.0005000000237487257,
            0.0005000000237487257,
            0.0005000000237487257,
            0.0005000000237487257
        ]
    },
    "evaluation_metrics": {
        "accuracy": 0.4763779527559055,
        "precision": 0.22693595387190774,
        "recall": 0.4763779527559055,
        "f1": 0.3074225721784777,
        "classification_report": {
            "0": {
                "precision": 0.4763779527559055,
                "recall": 1.0,
                "f1-score": 0.6453333333333333,
                "support": 363.0
            },
            "1": {
                "precision": 0.0,
                "recall": 0.0,
                "f1-score": 0.0,
                "support": 399.0
            },
            "accuracy": 0.4763779527559055,
            "macro avg": {
                "precision": 0.23818897637795275,
                "recall": 0.5,
                "f1-score": 0.32266666666666666,
                "support": 762.0
            },
            "weighted avg": {
                "precision": 0.22693595387190774,
                "recall": 0.4763779527559055,
                "f1-score": 0.3074225721784777,
                "support": 762.0
            }
        },
        "confusion_matrix": [
            [
                363,
                0
            ],
            [
                399,
                0
            ]
        ]
    }
}