{
    "timestamp": "2025-04-28 21:07:30",
    "training_history": {
        "accuracy": [
            0.5245254635810852,
            0.5581970810890198,
            0.5948129892349243,
            0.6256342530250549,
            0.6535425782203674,
            0.6782872676849365,
            0.7128046154975891,
            0.7264611721038818,
            0.7391154766082764,
            0.7481676340103149,
            0.7586919665336609
        ],
        "loss": [
            0.7326896786689758,
            0.6942275166511536,
            0.6769040822982788,
            0.6554621458053589,
            0.6344882845878601,
            0.6137194037437439,
            0.5787944197654724,
            0.5601863265037537,
            0.5425330996513367,
            0.5291421413421631,
            0.5167243480682373
        ],
        "val_accuracy": [
            0.5534055829048157,
            0.5247678160667419,
            0.48606809973716736,
            0.5255417823791504,
            0.522445797920227,
            0.5549535751342773,
            0.5286377668380737,
            0.5634675025939941,
            0.529411792755127,
            0.522445797920227,
            0.5479876399040222
        ],
        "val_loss": [
            0.7701350450515747,
            0.8234509825706482,
            0.9928162097930908,
            1.3264786005020142,
            0.8643459677696228,
            2.1162800788879395,
            1.4699903726577759,
            2.2597053050994873,
            1.7902092933654785,
            1.945505976676941,
            2.3971264362335205
        ],
        "learning_rate": [
            0.0010000000474974513,
            0.0010000000474974513,
            0.0010000000474974513,
            0.0010000000474974513,
            0.0010000000474974513,
            0.0010000000474974513,
            0.0005000000237487257,
            0.0005000000237487257,
            0.0005000000237487257,
            0.0005000000237487257,
            0.0005000000237487257
        ]
    },
    "evaluation_metrics": {
        "accuracy": 0.588553750966744,
        "precision": 0.3463955177770241,
        "recall": 0.588553750966744,
        "f1": 0.43611431790232924,
        "classification_report": {
            "0": {
                "precision": 0.0,
                "recall": 0.0,
                "f1-score": 0.0,
                "support": 532.0
            },
            "1": {
                "precision": 0.588553750966744,
                "recall": 1.0,
                "f1-score": 0.7409931840311587,
                "support": 761.0
            },
            "accuracy": 0.588553750966744,
            "macro avg": {
                "precision": 0.294276875483372,
                "recall": 0.5,
                "f1-score": 0.37049659201557933,
                "support": 1293.0
            },
            "weighted avg": {
                "precision": 0.3463955177770241,
                "recall": 0.588553750966744,
                "f1-score": 0.43611431790232924,
                "support": 1293.0
            }
        },
        "confusion_matrix": [
            [
                0,
                532
            ],
            [
                0,
                761
            ]
        ]
    }
}