{
    "timestamp": "2025-04-28 18:09:17",
    "training_history": {
        "accuracy": [
            0.5188080668449402,
            0.5430340766906738,
            0.5685242414474487,
            0.5945820212364197,
            0.6222652196884155,
            0.6521413922309875,
            0.6857327222824097,
            0.7030443549156189,
            0.7148090600967407,
            0.7276831865310669,
            0.7375386953353882
        ],
        "loss": [
            0.7247053980827332,
            0.6942100524902344,
            0.6836824417114258,
            0.6712673306465149,
            0.6572090983390808,
            0.637119710445404,
            0.6034966111183167,
            0.58425372838974,
            0.5724649429321289,
            0.5562180280685425,
            0.542293131351471
        ],
        "val_accuracy": [
            0.4910828173160553,
            0.5031847357749939,
            0.4974522292613983,
            0.5554140210151672,
            0.524840772151947,
            0.5031847357749939,
            0.48343950510025024,
            0.45350319147109985,
            0.4885350465774536,
            0.4636942744255066,
            0.45668789744377136
        ],
        "val_loss": [
            0.7111982703208923,
            0.720663845539093,
            0.7400715351104736,
            1.0448132753372192,
            0.885831892490387,
            0.9260063171386719,
            0.942354679107666,
            1.1925042867660522,
            1.0096250772476196,
            1.1323559284210205,
            1.6944516897201538
        ],
        "learning_rate": [
            0.0010000000474974513,
            0.0010000000474974513,
            0.0010000000474974513,
            0.0010000000474974513,
            0.0010000000474974513,
            0.0010000000474974513,
            0.0005000000237487257,
            0.0005000000237487257,
            0.0005000000237487257,
            0.0005000000237487257,
            0.0005000000237487257
        ]
    },
    "evaluation_metrics": {
        "accuracy": 0.5168682367918523,
        "precision": 0.5022430697019624,
        "recall": 0.5168682367918523,
        "f1": 0.39893264313844556,
        "classification_report": {
            "0": {
                "precision": 0.4842105263157895,
                "recall": 0.06084656084656084,
                "f1-score": 0.1081081081081081,
                "support": 756.0
            },
            "1": {
                "precision": 0.518970189701897,
                "recall": 0.939877300613497,
                "f1-score": 0.6687036228721083,
                "support": 815.0
            },
            "accuracy": 0.5168682367918523,
            "macro avg": {
                "precision": 0.5015903580088432,
                "recall": 0.5003619307300289,
                "f1-score": 0.3884058654901082,
                "support": 1571.0
            },
            "weighted avg": {
                "precision": 0.5022430697019624,
                "recall": 0.5168682367918523,
                "f1-score": 0.39893264313844556,
                "support": 1571.0
            }
        },
        "confusion_matrix": [
            [
                46,
                710
            ],
            [
                49,
                766
            ]
        ]
    }
}