{
    "timestamp": "2025-04-28 21:21:47",
    "training_history": {
        "accuracy": [
            0.5731450915336609,
            0.6001461744308472,
            0.6161823868751526,
            0.6291118264198303,
            0.6461988091468811,
            0.6633315086364746,
            0.7016630172729492,
            0.7181103825569153,
            0.7294864654541016,
            0.738304078578949,
            0.7478983998298645
        ],
        "loss": [
            0.732067883014679,
            0.6816707253456116,
            0.6594656705856323,
            0.6399514079093933,
            0.6208503842353821,
            0.605339527130127,
            0.5712594985961914,
            0.5521841049194336,
            0.5386182069778442,
            0.5257784128189087,
            0.5160143375396729
        ],
        "val_accuracy": [
            0.5045977234840393,
            0.5356321930885315,
            0.5195402503013611,
            0.5264368057250977,
            0.548275887966156,
            0.5091953873634338,
            0.5022988319396973,
            0.5091953873634338,
            0.4850574731826782,
            0.477011501789093,
            0.49425286054611206
        ],
        "val_loss": [
            0.7373510003089905,
            0.7409642934799194,
            0.7771555185317993,
            0.7903965711593628,
            0.8679722547531128,
            0.7822233438491821,
            0.8288553357124329,
            0.8330593705177307,
            0.9386940598487854,
            1.0320733785629272,
            0.9049798846244812
        ],
        "learning_rate": [
            0.0010000000474974513,
            0.0010000000474974513,
            0.0010000000474974513,
            0.0010000000474974513,
            0.0010000000474974513,
            0.0010000000474974513,
            0.0005000000237487257,
            0.0005000000237487257,
            0.0005000000237487257,
            0.0005000000237487257,
            0.0005000000237487257
        ]
    },
    "evaluation_metrics": {
        "accuracy": 0.48160919540229885,
        "precision": 0.4886668988737955,
        "recall": 0.48160919540229885,
        "f1": 0.47979976871293567,
        "classification_report": {
            "0": {
                "precision": 0.45252525252525255,
                "recall": 0.5544554455445545,
                "f1-score": 0.4983314794215796,
                "support": 404.0
            },
            "1": {
                "precision": 0.52,
                "recall": 0.4184549356223176,
                "f1-score": 0.46373365041617126,
                "support": 466.0
            },
            "accuracy": 0.48160919540229885,
            "macro avg": {
                "precision": 0.4862626262626263,
                "recall": 0.48645519058343606,
                "f1-score": 0.48103256491887547,
                "support": 870.0
            },
            "weighted avg": {
                "precision": 0.4886668988737955,
                "recall": 0.48160919540229885,
                "f1-score": 0.47979976871293567,
                "support": 870.0
            }
        },
        "confusion_matrix": [
            [
                224,
                180
            ],
            [
                271,
                195
            ]
        ]
    }
}