{
    "timestamp": "2025-04-28 18:21:52",
    "training_history": {
        "accuracy": [
            0.5422500967979431,
            0.5734150409698486,
            0.6041423678398132,
            0.63710618019104,
            0.665451169013977,
            0.6861872673034668,
            0.7032040357589722,
            0.7215091586112976,
            0.7321810722351074,
            0.744068443775177,
            0.7554939985275269,
            0.782550573348999,
            0.7933683395385742,
            0.8003451824188232,
            0.8057905435562134,
            0.8112115859985352
        ],
        "loss": [
            0.7284537553787231,
            0.6909547448158264,
            0.6717008948326111,
            0.6471545696258545,
            0.6221331357955933,
            0.6004819273948669,
            0.5797271728515625,
            0.5600315928459167,
            0.5467199087142944,
            0.5328899025917053,
            0.518443763256073,
            0.4763093888759613,
            0.4572169780731201,
            0.4474560618400574,
            0.43905195593833923,
            0.431793749332428
        ],
        "val_accuracy": [
            0.4554140269756317,
            0.42038217186927795,
            0.43184712529182434,
            0.42866241931915283,
            0.428025484085083,
            0.5356687903404236,
            0.4248407781124115,
            0.4191082715988159,
            0.42292994260787964,
            0.43566879630088806,
            0.4254777133464813,
            0.4222930073738098,
            0.4242038130760193,
            0.4184713363647461,
            0.42356687784194946,
            0.5012738704681396
        ],
        "val_loss": [
            0.7275853157043457,
            0.9282518625259399,
            0.8434778451919556,
            0.7602548599243164,
            0.9352260828018188,
            0.726224958896637,
            0.749295175075531,
            1.3814759254455566,
            1.4475767612457275,
            1.0526456832885742,
            0.975951611995697,
            0.9843883514404297,
            1.8234012126922607,
            1.3926109075546265,
            1.3833820819854736,
            0.7785948514938354
        ],
        "learning_rate": [
            0.0010000000474974513,
            0.0010000000474974513,
            0.0010000000474974513,
            0.0010000000474974513,
            0.0010000000474974513,
            0.0010000000474974513,
            0.0010000000474974513,
            0.0010000000474974513,
            0.0010000000474974513,
            0.0010000000474974513,
            0.0010000000474974513,
            0.0005000000237487257,
            0.0005000000237487257,
            0.0005000000237487257,
            0.0005000000237487257,
            0.0005000000237487257
        ]
    },
    "evaluation_metrics": {
        "accuracy": 0.4487587523870146,
        "precision": 0.49747668190323674,
        "recall": 0.4487587523870146,
        "f1": 0.37333533290474524,
        "classification_report": {
            "0": {
                "precision": 0.4325925925925926,
                "recall": 0.8538011695906432,
                "f1-score": 0.5742379547689282,
                "support": 684.0
            },
            "1": {
                "precision": 0.5475113122171946,
                "recall": 0.13641488162344984,
                "f1-score": 0.2184115523465704,
                "support": 887.0
            },
            "accuracy": 0.4487587523870146,
            "macro avg": {
                "precision": 0.49005195240489363,
                "recall": 0.49510802560704653,
                "f1-score": 0.3963247535577493,
                "support": 1571.0
            },
            "weighted avg": {
                "precision": 0.49747668190323674,
                "recall": 0.4487587523870146,
                "f1-score": 0.37333533290474524,
                "support": 1571.0
            }
        },
        "confusion_matrix": [
            [
                584,
                100
            ],
            [
                766,
                121
            ]
        ]
    }
}