{
    "timestamp": "2025-04-28 21:19:35",
    "training_history": {
        "accuracy": [
            0.5509568452835083,
            0.6028779149055481,
            0.6515353918075562,
            0.7018988132476807,
            0.722148060798645,
            0.7588636875152588,
            0.8052959442138672,
            0.8164960741996765,
            0.8337783813476562,
            0.8435692191123962,
            0.8489838242530823
        ],
        "loss": [
            0.7525675296783447,
            0.6979205012321472,
            0.6559352278709412,
            0.6086451411247253,
            0.56950843334198,
            0.5286045074462891,
            0.46162480115890503,
            0.44124215841293335,
            0.41855180263519287,
            0.4026702046394348,
            0.38901105523109436
        ],
        "val_accuracy": [
            0.5475285053253174,
            0.5133079886436462,
            0.5665399432182312,
            0.5323193669319153,
            0.519011378288269,
            0.5456273555755615,
            0.536121666431427,
            0.5228136777877808,
            0.519011378288269,
            0.5228136777877808,
            0.519011378288269
        ],
        "val_loss": [
            0.7653543949127197,
            0.793607771396637,
            0.7720590829849243,
            0.9305124878883362,
            1.000275731086731,
            0.9387053847312927,
            1.6414908170700073,
            1.544715404510498,
            1.8117097616195679,
            1.5530191659927368,
            1.551965355873108
        ],
        "learning_rate": [
            0.0010000000474974513,
            0.0010000000474974513,
            0.0010000000474974513,
            0.0010000000474974513,
            0.0010000000474974513,
            0.0010000000474974513,
            0.0005000000237487257,
            0.0005000000237487257,
            0.0005000000237487257,
            0.0005000000237487257,
            0.0005000000237487257
        ]
    },
    "evaluation_metrics": {
        "accuracy": 0.48859315589353614,
        "precision": 0.4766616520856914,
        "recall": 0.48859315589353614,
        "f1": 0.47162912413332886,
        "classification_report": {
            "0": {
                "precision": 0.43452380952380953,
                "recall": 0.29554655870445345,
                "f1-score": 0.35180722891566263,
                "support": 247.0
            },
            "1": {
                "precision": 0.5139664804469274,
                "recall": 0.6594982078853047,
                "f1-score": 0.5777080062794349,
                "support": 279.0
            },
            "accuracy": 0.48859315589353614,
            "macro avg": {
                "precision": 0.47424514498536846,
                "recall": 0.47752238329487906,
                "f1-score": 0.46475761759754874,
                "support": 526.0
            },
            "weighted avg": {
                "precision": 0.4766616520856914,
                "recall": 0.48859315589353614,
                "f1-score": 0.47162912413332886,
                "support": 526.0
            }
        },
        "confusion_matrix": [
            [
                73,
                174
            ],
            [
                95,
                184
            ]
        ]
    }
}