{
    "timestamp": "2025-04-28 21:23:29",
    "training_history": {
        "accuracy": [
            0.5345357656478882,
            0.5511255860328674,
            0.5963746309280396,
            0.6271584630012512,
            0.660564124584198,
            0.6924328804016113,
            0.7295000553131104,
            0.7554018497467041,
            0.7692342400550842,
            0.7771449089050293,
            0.7893951535224915
        ],
        "loss": [
            0.7434951663017273,
            0.7035756707191467,
            0.6808738708496094,
            0.655188798904419,
            0.633135974407196,
            0.6038485765457153,
            0.5581877827644348,
            0.5311775207519531,
            0.5102297067642212,
            0.49753549695014954,
            0.48166337609291077
        ],
        "val_accuracy": [
            0.5300546288490295,
            0.5081967115402222,
            0.5114753842353821,
            0.4896174967288971,
            0.49508196115493774,
            0.4852459132671356,
            0.4644808769226074,
            0.47322404384613037,
            0.46338796615600586,
            0.47103825211524963,
            0.4622950851917267
        ],
        "val_loss": [
            0.735154926776886,
            0.7482717633247375,
            0.7772500514984131,
            0.7963468432426453,
            0.852607786655426,
            0.920046329498291,
            0.9238309860229492,
            0.9212669134140015,
            0.9741599559783936,
            0.9289754033088684,
            0.9111306071281433
        ],
        "learning_rate": [
            0.0010000000474974513,
            0.0010000000474974513,
            0.0010000000474974513,
            0.0010000000474974513,
            0.0010000000474974513,
            0.0010000000474974513,
            0.0005000000237487257,
            0.0005000000237487257,
            0.0005000000237487257,
            0.0005000000237487257,
            0.0005000000237487257
        ]
    },
    "evaluation_metrics": {
        "accuracy": 0.5010917030567685,
        "precision": 0.4898997686876884,
        "recall": 0.5010917030567685,
        "f1": 0.458905793428386,
        "classification_report": {
            "0": {
                "precision": 0.46798029556650245,
                "recall": 0.21396396396396397,
                "f1-score": 0.2936630602782071,
                "support": 444.0
            },
            "1": {
                "precision": 0.5105189340813464,
                "recall": 0.7711864406779662,
                "f1-score": 0.6143459915611814,
                "support": 472.0
            },
            "accuracy": 0.5010917030567685,
            "macro avg": {
                "precision": 0.48924961482392443,
                "recall": 0.4925752023209651,
                "f1-score": 0.45400452591969426,
                "support": 916.0
            },
            "weighted avg": {
                "precision": 0.4898997686876884,
                "recall": 0.5010917030567685,
                "f1-score": 0.458905793428386,
                "support": 916.0
            }
        },
        "confusion_matrix": [
            [
                95,
                349
            ],
            [
                108,
                364
            ]
        ]
    }
}