{
    "timestamp": "2025-04-28 21:05:47",
    "training_history": {
        "accuracy": [
            0.5851473808288574,
            0.6682539582252502,
            0.722449004650116,
            0.761904776096344,
            0.7909297347068787,
            0.8125850558280945,
            0.8425170183181763,
            0.8602041006088257,
            0.8639456033706665,
            0.8716553449630737,
            0.8815192580223083
        ],
        "loss": [
            0.7387029528617859,
            0.6666688323020935,
            0.5953190922737122,
            0.5454123616218567,
            0.4966455399990082,
            0.46630632877349854,
            0.4118243455886841,
            0.3866625726222992,
            0.3700639009475708,
            0.35264846682548523,
            0.33908742666244507
        ],
        "val_accuracy": [
            0.5876923203468323,
            0.5292307734489441,
            0.47999998927116394,
            0.5199999809265137,
            0.5815384387969971,
            0.5323076844215393,
            0.48615384101867676,
            0.4953846037387848,
            0.48923078179359436,
            0.5046153664588928,
            0.5046153664588928
        ],
        "val_loss": [
            0.9384930729866028,
            1.147242784500122,
            1.1637390851974487,
            1.121341347694397,
            1.1976799964904785,
            1.33478844165802,
            1.482268214225769,
            1.355790138244629,
            1.4601836204528809,
            1.6367344856262207,
            1.5265132188796997
        ],
        "learning_rate": [
            0.0010000000474974513,
            0.0010000000474974513,
            0.0010000000474974513,
            0.0010000000474974513,
            0.0010000000474974513,
            0.0010000000474974513,
            0.0005000000237487257,
            0.0005000000237487257,
            0.0005000000237487257,
            0.0005000000237487257,
            0.0005000000237487257
        ]
    },
    "evaluation_metrics": {
        "accuracy": 0.5046153846153846,
        "precision": 0.25463668639053255,
        "recall": 0.5046153846153846,
        "f1": 0.3384741230140002,
        "classification_report": {
            "0": {
                "precision": 0.0,
                "recall": 0.0,
                "f1-score": 0.0,
                "support": 161.0
            },
            "1": {
                "precision": 0.5046153846153846,
                "recall": 1.0,
                "f1-score": 0.6707566462167688,
                "support": 164.0
            },
            "accuracy": 0.5046153846153846,
            "macro avg": {
                "precision": 0.2523076923076923,
                "recall": 0.5,
                "f1-score": 0.3353783231083844,
                "support": 325.0
            },
            "weighted avg": {
                "precision": 0.25463668639053255,
                "recall": 0.5046153846153846,
                "f1-score": 0.3384741230140002,
                "support": 325.0
            }
        },
        "confusion_matrix": [
            [
                0,
                161
            ],
            [
                0,
                164
            ]
        ]
    }
}