{
    "timestamp": "2025-04-28 21:21:15",
    "training_history": {
        "accuracy": [
            0.5466333031654358,
            0.5878071188926697,
            0.6234455704689026,
            0.6556718349456787,
            0.680391252040863,
            0.7047315835952759,
            0.7197452187538147,
            0.7612981796264648,
            0.7716863751411438,
            0.7933727502822876,
            0.8033060431480408,
            0.8135426044464111
        ],
        "loss": [
            0.7395457029342651,
            0.6970341205596924,
            0.6671746969223022,
            0.639259397983551,
            0.6139912605285645,
            0.5909475088119507,
            0.569923996925354,
            0.5283994078636169,
            0.5035656690597534,
            0.4807322323322296,
            0.469618558883667,
            0.4521656036376953
        ],
        "val_accuracy": [
            0.4745417535305023,
            0.5112016201019287,
            0.49694502353668213,
            0.4501018226146698,
            0.4338085651397705,
            0.47657841444015503,
            0.5112016201019287,
            0.5173116326332092,
            0.48065173625946045,
            0.5193482637405396,
            0.5071282982826233,
            0.49898168444633484
        ],
        "val_loss": [
            0.8125522136688232,
            0.7710408568382263,
            0.9491772651672363,
            1.0158060789108276,
            1.2291690111160278,
            0.9923098683357239,
            1.0204449892044067,
            1.1983036994934082,
            1.386048436164856,
            1.1992919445037842,
            1.3452073335647583,
            1.2735536098480225
        ],
        "learning_rate": [
            0.0010000000474974513,
            0.0010000000474974513,
            0.0010000000474974513,
            0.0010000000474974513,
            0.0010000000474974513,
            0.0010000000474974513,
            0.0010000000474974513,
            0.0005000000237487257,
            0.0005000000237487257,
            0.0005000000237487257,
            0.0005000000237487257,
            0.0005000000237487257
        ]
    },
    "evaluation_metrics": {
        "accuracy": 0.47657841140529533,
        "precision": 0.48485404988450514,
        "recall": 0.47657841140529533,
        "f1": 0.4637151190788799,
        "classification_report": {
            "0": {
                "precision": 0.4613003095975232,
                "recall": 0.6422413793103449,
                "f1-score": 0.536936936936937,
                "support": 232.0
            },
            "1": {
                "precision": 0.5059523809523809,
                "recall": 0.3281853281853282,
                "f1-score": 0.39812646370023425,
                "support": 259.0
            },
            "accuracy": 0.47657841140529533,
            "macro avg": {
                "precision": 0.4836263452749521,
                "recall": 0.48521335374783653,
                "f1-score": 0.4675317003185856,
                "support": 491.0
            },
            "weighted avg": {
                "precision": 0.48485404988450514,
                "recall": 0.47657841140529533,
                "f1-score": 0.4637151190788799,
                "support": 491.0
            }
        },
        "confusion_matrix": [
            [
                149,
                83
            ],
            [
                174,
                85
            ]
        ]
    }
}