{
    "timestamp": "2025-04-28 21:14:17",
    "training_history": {
        "accuracy": [
            0.5249999761581421,
            0.552828311920166,
            0.582904040813446,
            0.6130807995796204,
            0.6413636207580566,
            0.6636615991592407,
            0.7001767754554749,
            0.7153535485267639,
            0.7250757813453674,
            0.7361615896224976,
            0.7464646697044373
        ],
        "loss": [
            0.7311868071556091,
            0.6950090527534485,
            0.6803356409072876,
            0.661875307559967,
            0.6421683430671692,
            0.6243128180503845,
            0.5853461623191833,
            0.5689478516578674,
            0.5555446147918701,
            0.5423039197921753,
            0.5316166877746582
        ],
        "val_accuracy": [
            0.49617835879325867,
            0.49299362301826477,
            0.4974522292613983,
            0.49235668778419495,
            0.4878980815410614,
            0.4878980815410614,
            0.4885350465774536,
            0.4789808988571167,
            0.48343950510025024,
            0.4789808988571167,
            0.4700636863708496
        ],
        "val_loss": [
            0.9204541444778442,
            1.2570308446884155,
            1.7969735860824585,
            1.9573646783828735,
            1.5488203763961792,
            1.6205534934997559,
            1.8959964513778687,
            2.2104060649871826,
            2.0300629138946533,
            2.1583802700042725,
            2.3771026134490967
        ],
        "learning_rate": [
            0.0010000000474974513,
            0.0010000000474974513,
            0.0010000000474974513,
            0.0010000000474974513,
            0.0010000000474974513,
            0.0010000000474974513,
            0.0005000000237487257,
            0.0005000000237487257,
            0.0005000000237487257,
            0.0005000000237487257,
            0.0005000000237487257
        ]
    },
    "evaluation_metrics": {
        "accuracy": 0.475493316359007,
        "precision": 0.5428480919189901,
        "recall": 0.475493316359007,
        "f1": 0.33955915164848904,
        "classification_report": {
            "0": {
                "precision": 0.47019867549668876,
                "recall": 0.9673024523160763,
                "f1-score": 0.6327985739750446,
                "support": 734.0
            },
            "1": {
                "precision": 0.6065573770491803,
                "recall": 0.04420549581839905,
                "f1-score": 0.0824053452115813,
                "support": 837.0
            },
            "accuracy": 0.475493316359007,
            "macro avg": {
                "precision": 0.5383780262729345,
                "recall": 0.5057539740672377,
                "f1-score": 0.3576019595933129,
                "support": 1571.0
            },
            "weighted avg": {
                "precision": 0.5428480919189901,
                "recall": 0.475493316359007,
                "f1-score": 0.33955915164848904,
                "support": 1571.0
            }
        },
        "confusion_matrix": [
            [
                710,
                24
            ],
            [
                800,
                37
            ]
        ]
    }
}