{
    "timestamp": "2025-04-28 21:18:34",
    "training_history": {
        "accuracy": [
            0.6127536296844482,
            0.6831883788108826,
            0.7518840432167053,
            0.7724637389183044,
            0.8078261017799377,
            0.8286956548690796,
            0.8417391180992126,
            0.8518840670585632,
            0.8600000143051147,
            0.8744927644729614,
            0.8973913192749023,
            0.9049275517463684,
            0.8982608914375305,
            0.906376838684082,
            0.9168115854263306
        ],
        "loss": [
            0.7354633808135986,
            0.650823712348938,
            0.5803652405738831,
            0.5323681831359863,
            0.4875863194465637,
            0.4506809413433075,
            0.4230596423149109,
            0.3979705274105072,
            0.37351664900779724,
            0.3523838520050049,
            0.31907862424850464,
            0.3025927245616913,
            0.3027048707008362,
            0.2897905707359314,
            0.2750385105609894
        ],
        "val_accuracy": [
            0.45255473256111145,
            0.49635037779808044,
            0.5182482004165649,
            0.5328466892242432,
            0.5985401272773743,
            0.6204379796981812,
            0.5766423344612122,
            0.6204379796981812,
            0.5985401272773743,
            0.5912408828735352,
            0.6131386756896973,
            0.6350364685058594,
            0.5912408828735352,
            0.6058394312858582,
            0.5766423344612122
        ],
        "val_loss": [
            0.8258748054504395,
            0.7787986397743225,
            0.8179279565811157,
            0.8657931685447693,
            0.7742881774902344,
            0.8823177814483643,
            0.9232593178749084,
            0.9529525637626648,
            1.0062289237976074,
            0.9267211556434631,
            1.0431135892868042,
            1.0772507190704346,
            1.1416916847229004,
            1.197871446609497,
            1.197681188583374
        ],
        "learning_rate": [
            0.0010000000474974513,
            0.0010000000474974513,
            0.0010000000474974513,
            0.0010000000474974513,
            0.0010000000474974513,
            0.0010000000474974513,
            0.0010000000474974513,
            0.0010000000474974513,
            0.0010000000474974513,
            0.0010000000474974513,
            0.0005000000237487257,
            0.0005000000237487257,
            0.0005000000237487257,
            0.0005000000237487257,
            0.0005000000237487257
        ]
    },
    "evaluation_metrics": {
        "accuracy": 0.5,
        "precision": 0.6727272727272727,
        "recall": 0.5,
        "f1": 0.4772835963653755,
        "classification_report": {
            "0": {
                "precision": 0.8181818181818182,
                "recall": 0.3,
                "f1-score": 0.43902439024390244,
                "support": 90.0
            },
            "1": {
                "precision": 0.4,
                "recall": 0.875,
                "f1-score": 0.5490196078431373,
                "support": 48.0
            },
            "accuracy": 0.5,
            "macro avg": {
                "precision": 0.6090909090909091,
                "recall": 0.5875,
                "f1-score": 0.49402199904351984,
                "support": 138.0
            },
            "weighted avg": {
                "precision": 0.6727272727272727,
                "recall": 0.5,
                "f1-score": 0.4772835963653755,
                "support": 138.0
            }
        },
        "confusion_matrix": [
            [
                27,
                63
            ],
            [
                6,
                42
            ]
        ]
    }
}