{
    "timestamp": "2025-04-28 21:22:53",
    "training_history": {
        "accuracy": [
            0.5349974632263184,
            0.5676752328872681,
            0.6096318960189819,
            0.651538074016571,
            0.6787191033363342,
            0.7085224390029907,
            0.72576904296875,
            0.754815936088562,
            0.7703983783721924,
            0.7880988121032715,
            0.7919313907623291,
            0.800000011920929
        ],
        "loss": [
            0.7494651675224304,
            0.7083306908607483,
            0.6771007776260376,
            0.6439117789268494,
            0.6132468581199646,
            0.5864794254302979,
            0.5647919178009033,
            0.5188084840774536,
            0.4955691695213318,
            0.47428685426712036,
            0.4666743874549866,
            0.45370423793792725
        ],
        "val_accuracy": [
            0.44345617294311523,
            0.44218552112579346,
            0.44853875041007996,
            0.5006353259086609,
            0.4510800540447235,
            0.4866581857204437,
            0.5146124362945557,
            0.5146124362945557,
            0.5146124362945557,
            0.5146124362945557,
            0.5031766295433044,
            0.5095298886299133
        ],
        "val_loss": [
            0.8146650195121765,
            0.7889795899391174,
            0.8013114929199219,
            0.9117758274078369,
            0.9405134320259094,
            0.9616830945014954,
            0.972976565361023,
            1.0977058410644531,
            1.0823158025741577,
            1.1777278184890747,
            1.2276272773742676,
            1.1847622394561768
        ],
        "learning_rate": [
            0.0010000000474974513,
            0.0010000000474974513,
            0.0010000000474974513,
            0.0010000000474974513,
            0.0010000000474974513,
            0.0010000000474974513,
            0.0010000000474974513,
            0.0005000000237487257,
            0.0005000000237487257,
            0.0005000000237487257,
            0.0005000000237487257,
            0.0005000000237487257
        ]
    },
    "evaluation_metrics": {
        "accuracy": 0.4777636594663278,
        "precision": 0.44774396526782584,
        "recall": 0.4777636594663278,
        "f1": 0.3443190438204775,
        "classification_report": {
            "0": {
                "precision": 0.4806924101198402,
                "recall": 0.9450261780104712,
                "f1-score": 0.6372462488967343,
                "support": 382.0
            },
            "1": {
                "precision": 0.4166666666666667,
                "recall": 0.037037037037037035,
                "f1-score": 0.06802721088435373,
                "support": 405.0
            },
            "accuracy": 0.4777636594663278,
            "macro avg": {
                "precision": 0.4486795383932535,
                "recall": 0.4910316075237541,
                "f1-score": 0.352636729890544,
                "support": 787.0
            },
            "weighted avg": {
                "precision": 0.44774396526782584,
                "recall": 0.4777636594663278,
                "f1-score": 0.3443190438204775,
                "support": 787.0
            }
        },
        "confusion_matrix": [
            [
                361,
                21
            ],
            [
                390,
                15
            ]
        ]
    }
}