{
    "timestamp": "2025-04-28 21:24:50",
    "training_history": {
        "accuracy": [
            0.564069926738739,
            0.6336557865142822,
            0.6802443861961365,
            0.7165648341178894,
            0.7460115551948547,
            0.7643414735794067,
            0.7994738817214966,
            0.8128818869590759,
            0.8267142176628113,
            0.8373218178749084,
            0.8424134254455566
        ],
        "loss": [
            0.7477496862411499,
            0.6845225095748901,
            0.6335484385490417,
            0.5928365588188171,
            0.5498404502868652,
            0.5223122835159302,
            0.4742632508277893,
            0.4502464830875397,
            0.43426740169525146,
            0.4165384769439697,
            0.39855077862739563
        ],
        "val_accuracy": [
            0.5469879508018494,
            0.5493975877761841,
            0.5325301289558411,
            0.559036135673523,
            0.5421686768531799,
            0.5325301289558411,
            0.5469879508018494,
            0.5349397659301758,
            0.5638554096221924,
            0.5638554096221924,
            0.5638554096221924
        ],
        "val_loss": [
            0.7661721110343933,
            0.7790124416351318,
            0.8568888902664185,
            0.8668034076690674,
            0.856408417224884,
            0.8429415225982666,
            1.0001347064971924,
            0.9154279828071594,
            0.9239103198051453,
            1.0326520204544067,
            1.057299017906189
        ],
        "learning_rate": [
            0.0010000000474974513,
            0.0010000000474974513,
            0.0010000000474974513,
            0.0010000000474974513,
            0.0010000000474974513,
            0.0010000000474974513,
            0.0005000000237487257,
            0.0005000000237487257,
            0.0005000000237487257,
            0.0005000000237487257,
            0.0005000000237487257
        ]
    },
    "evaluation_metrics": {
        "accuracy": 0.5048076923076923,
        "precision": 0.4864265888750425,
        "recall": 0.5048076923076923,
        "f1": 0.38960433244916,
        "classification_report": {
            "0": {
                "precision": 0.4642857142857143,
                "recall": 0.06372549019607843,
                "f1-score": 0.11206896551724137,
                "support": 204.0
            },
            "1": {
                "precision": 0.5077319587628866,
                "recall": 0.9292452830188679,
                "f1-score": 0.6566666666666666,
                "support": 212.0
            },
            "accuracy": 0.5048076923076923,
            "macro avg": {
                "precision": 0.48600883652430044,
                "recall": 0.49648538660747316,
                "f1-score": 0.384367816091954,
                "support": 416.0
            },
            "weighted avg": {
                "precision": 0.4864265888750425,
                "recall": 0.5048076923076923,
                "f1-score": 0.38960433244916,
                "support": 416.0
            }
        },
        "confusion_matrix": [
            [
                13,
                191
            ],
            [
                15,
                197
            ]
        ]
    }
}