{
    "timestamp": "2025-04-28 21:17:53",
    "training_history": {
        "accuracy": [
            0.5442677140235901,
            0.585241436958313,
            0.6328432559967041,
            0.6795211434364319,
            0.7121796607971191,
            0.7368040680885315,
            0.7708684802055359,
            0.7930826544761658,
            0.8056157827377319,
            0.8091508150100708,
            0.8167028427124023
        ],
        "loss": [
            0.7352907061576843,
            0.6902045011520386,
            0.6586751341819763,
            0.6211286783218384,
            0.5895172357559204,
            0.5548937916755676,
            0.5055294036865234,
            0.47345468401908875,
            0.4569970965385437,
            0.44692307710647583,
            0.4355527460575104
        ],
        "val_accuracy": [
            0.5966736078262329,
            0.4792099893093109,
            0.5,
            0.43139293789863586,
            0.5062370300292969,
            0.3752598762512207,
            0.5322245359420776,
            0.4802494943141937,
            0.47505196928977966,
            0.4854469895362854,
            0.5083159804344177
        ],
        "val_loss": [
            0.7256751656532288,
            0.7770295739173889,
            0.7895063757896423,
            0.9032896757125854,
            0.8950827717781067,
            1.3330739736557007,
            0.8773735165596008,
            0.9995335936546326,
            0.9943382740020752,
            1.135008692741394,
            0.9889340400695801
        ],
        "learning_rate": [
            0.0010000000474974513,
            0.0010000000474974513,
            0.0010000000474974513,
            0.0010000000474974513,
            0.0010000000474974513,
            0.0010000000474974513,
            0.0005000000237487257,
            0.0005000000237487257,
            0.0005000000237487257,
            0.0005000000237487257,
            0.0005000000237487257
        ]
    },
    "evaluation_metrics": {
        "accuracy": 0.5597092419522326,
        "precision": 0.5648333839199206,
        "recall": 0.5597092419522326,
        "f1": 0.40829175708255894,
        "classification_report": {
            "0": {
                "precision": 0.5714285714285714,
                "recall": 0.009411764705882352,
                "f1-score": 0.018518518518518517,
                "support": 425.0
            },
            "1": {
                "precision": 0.5596234309623431,
                "recall": 0.9944237918215614,
                "f1-score": 0.7161981258366801,
                "support": 538.0
            },
            "accuracy": 0.5597092419522326,
            "macro avg": {
                "precision": 0.5655260011954573,
                "recall": 0.5019177782637219,
                "f1-score": 0.3673583221775993,
                "support": 963.0
            },
            "weighted avg": {
                "precision": 0.5648333839199206,
                "recall": 0.5597092419522326,
                "f1-score": 0.40829175708255894,
                "support": 963.0
            }
        },
        "confusion_matrix": [
            [
                4,
                421
            ],
            [
                3,
                535
            ]
        ]
    }
}