{
    "timestamp": "2025-04-28 21:24:31",
    "training_history": {
        "accuracy": [
            0.5202800035476685,
            0.5513176918029785,
            0.5844142436981201,
            0.6172791719436646,
            0.6561148762702942,
            0.6909357905387878,
            0.7249330878257751,
            0.7434887886047363,
            0.7591877579689026,
            0.7693277597427368,
            0.7809861898422241
        ],
        "loss": [
            0.7249442338943481,
            0.6932274103164673,
            0.678256630897522,
            0.6576189994812012,
            0.6288679242134094,
            0.6015089154243469,
            0.5594823956489563,
            0.5364258885383606,
            0.5175499320030212,
            0.5033276677131653,
            0.49090853333473206
        ],
        "val_accuracy": [
            0.5,
            0.4757961928844452,
            0.47133758664131165,
            0.47452229261398315,
            0.5057324767112732,
            0.4872611463069916,
            0.5012738704681396,
            0.49235668778419495,
            0.5006369352340698,
            0.518471360206604,
            0.49808916449546814
        ],
        "val_loss": [
            0.724790632724762,
            0.7537173628807068,
            0.8709689378738403,
            0.9108781218528748,
            0.9391458630561829,
            1.0827094316482544,
            1.1928400993347168,
            1.3466379642486572,
            1.3507966995239258,
            1.348425030708313,
            1.4414197206497192
        ],
        "learning_rate": [
            0.0010000000474974513,
            0.0010000000474974513,
            0.0010000000474974513,
            0.0010000000474974513,
            0.0010000000474974513,
            0.0010000000474974513,
            0.0005000000237487257,
            0.0005000000237487257,
            0.0005000000237487257,
            0.0005000000237487257,
            0.0005000000237487257
        ]
    },
    "evaluation_metrics": {
        "accuracy": 0.400381922342457,
        "precision": 0.1603056837386413,
        "recall": 0.400381922342457,
        "f1": 0.2289456628667322,
        "classification_report": {
            "0": {
                "precision": 0.400381922342457,
                "recall": 1.0,
                "f1-score": 0.5718181818181818,
                "support": 629.0
            },
            "1": {
                "precision": 0.0,
                "recall": 0.0,
                "f1-score": 0.0,
                "support": 942.0
            },
            "accuracy": 0.400381922342457,
            "macro avg": {
                "precision": 0.2001909611712285,
                "recall": 0.5,
                "f1-score": 0.2859090909090909,
                "support": 1571.0
            },
            "weighted avg": {
                "precision": 0.1603056837386413,
                "recall": 0.400381922342457,
                "f1-score": 0.2289456628667322,
                "support": 1571.0
            }
        },
        "confusion_matrix": [
            [
                629,
                0
            ],
            [
                942,
                0
            ]
        ]
    }
}