{
    "timestamp": "2025-04-28 21:05:31",
    "training_history": {
        "accuracy": [
            0.5338817834854126,
            0.5607995986938477,
            0.5898101925849915,
            0.6219239234924316,
            0.6508262753486633,
            0.6715017557144165,
            0.6946308612823486,
            0.7166414260864258,
            0.7447499632835388,
            0.7574149966239929,
            0.7645233273506165,
            0.7725698351860046,
            0.7815544605255127
        ],
        "loss": [
            0.7343265414237976,
            0.6995040774345398,
            0.682563841342926,
            0.6627503633499146,
            0.63809734582901,
            0.6153890490531921,
            0.5955851674079895,
            0.5746037364006042,
            0.5333002805709839,
            0.5175034999847412,
            0.503845751285553,
            0.49683690071105957,
            0.4816148281097412
        ],
        "val_accuracy": [
            0.47445255517959595,
            0.44616788625717163,
            0.4781021773815155,
            0.5082116723060608,
            0.45802921056747437,
            0.4717153310775757,
            0.4416058361530304,
            0.4799270033836365,
            0.48175182938575745,
            0.48813867568969727,
            0.4635036587715149,
            0.45894160866737366,
            0.47354015707969666
        ],
        "val_loss": [
            0.7425864934921265,
            0.732072651386261,
            0.729025661945343,
            0.7584715485572815,
            0.7515617609024048,
            0.7802619934082031,
            0.7958294153213501,
            0.9187225699424744,
            0.9540857672691345,
            0.8931783437728882,
            0.938728928565979,
            1.0121145248413086,
            1.002312183380127
        ],
        "learning_rate": [
            0.0010000000474974513,
            0.0010000000474974513,
            0.0010000000474974513,
            0.0010000000474974513,
            0.0010000000474974513,
            0.0010000000474974513,
            0.0010000000474974513,
            0.0010000000474974513,
            0.0005000000237487257,
            0.0005000000237487257,
            0.0005000000237487257,
            0.0005000000237487257,
            0.0005000000237487257
        ]
    },
    "evaluation_metrics": {
        "accuracy": 0.5264598540145985,
        "precision": 0.5229537007336569,
        "recall": 0.5264598540145985,
        "f1": 0.519259418422764,
        "classification_report": {
            "0": {
                "precision": 0.5048543689320388,
                "recall": 0.3977055449330784,
                "f1-score": 0.4449197860962567,
                "support": 523.0
            },
            "1": {
                "precision": 0.5394736842105263,
                "recall": 0.643979057591623,
                "f1-score": 0.5871121718377087,
                "support": 573.0
            },
            "accuracy": 0.5264598540145985,
            "macro avg": {
                "precision": 0.5221640265712826,
                "recall": 0.5208423012623506,
                "f1-score": 0.5160159789669827,
                "support": 1096.0
            },
            "weighted avg": {
                "precision": 0.5229537007336569,
                "recall": 0.5264598540145985,
                "f1-score": 0.519259418422764,
                "support": 1096.0
            }
        },
        "confusion_matrix": [
            [
                208,
                315
            ],
            [
                204,
                369
            ]
        ]
    }
}