{
    "timestamp": "2025-04-28 21:09:54",
    "training_history": {
        "accuracy": [
            0.5495411157608032,
            0.599342942237854,
            0.6435127258300781,
            0.6758447885513306,
            0.7019712328910828,
            0.7227263450622559,
            0.743377149105072,
            0.7582916021347046,
            0.7778472900390625,
            0.7811847925186157,
            0.7967772483825684,
            0.805068850517273,
            0.8101794123649597,
            0.8412598967552185,
            0.8469440937042236,
            0.8531497716903687,
            0.8601897954940796,
            0.8610763549804688
        ],
        "loss": [
            0.7459395527839661,
            0.6917775869369507,
            0.6547870635986328,
            0.6242284178733826,
            0.5986300110816956,
            0.5719507932662964,
            0.546563446521759,
            0.5301798582077026,
            0.5056595206260681,
            0.4970225989818573,
            0.47454333305358887,
            0.4620872139930725,
            0.44712719321250916,
            0.3990928828716278,
            0.38641035556793213,
            0.3723379373550415,
            0.3630930185317993,
            0.35670384764671326
        ],
        "val_accuracy": [
            0.5183777213096619,
            0.5107731223106384,
            0.48795944452285767,
            0.48415717482566833,
            0.5209125280380249,
            0.48795944452285767,
            0.515842854976654,
            0.519645094871521,
            0.5145754218101501,
            0.5133079886436462,
            0.515842854976654,
            0.49936628341674805,
            0.5044360160827637,
            0.5082382559776306,
            0.5120405554771423,
            0.5323193669319153,
            0.5069708228111267,
            0.5107731223106384
        ],
        "val_loss": [
            1.2973358631134033,
            1.0317506790161133,
            1.0169756412506104,
            1.33251953125,
            1.4103615283966064,
            1.4125036001205444,
            2.4437217712402344,
            0.9727634787559509,
            1.543936014175415,
            1.6315065622329712,
            0.9769688844680786,
            1.2412511110305786,
            2.4146740436553955,
            1.0280617475509644,
            1.7733020782470703,
            1.4031760692596436,
            1.4477399587631226,
            1.484054684638977
        ],
        "learning_rate": [
            0.0010000000474974513,
            0.0010000000474974513,
            0.0010000000474974513,
            0.0010000000474974513,
            0.0010000000474974513,
            0.0010000000474974513,
            0.0010000000474974513,
            0.0010000000474974513,
            0.0010000000474974513,
            0.0010000000474974513,
            0.0010000000474974513,
            0.0010000000474974513,
            0.0010000000474974513,
            0.0005000000237487257,
            0.0005000000237487257,
            0.0005000000237487257,
            0.0005000000237487257,
            0.0005000000237487257
        ]
    },
    "evaluation_metrics": {
        "accuracy": 0.4740177439797212,
        "precision": 0.486294863119117,
        "recall": 0.4740177439797212,
        "f1": 0.4728699772924187,
        "classification_report": {
            "0": {
                "precision": 0.5309734513274337,
                "recall": 0.41284403669724773,
                "f1-score": 0.46451612903225803,
                "support": 436.0
            },
            "1": {
                "precision": 0.4311111111111111,
                "recall": 0.5495750708215298,
                "f1-score": 0.4831880448318805,
                "support": 353.0
            },
            "accuracy": 0.4740177439797212,
            "macro avg": {
                "precision": 0.4810422812192724,
                "recall": 0.4812095537593888,
                "f1-score": 0.47385208693206926,
                "support": 789.0
            },
            "weighted avg": {
                "precision": 0.486294863119117,
                "recall": 0.4740177439797212,
                "f1-score": 0.4728699772924187,
                "support": 789.0
            }
        },
        "confusion_matrix": [
            [
                180,
                256
            ],
            [
                159,
                194
            ]
        ]
    }
}