{
    "timestamp": "2025-04-28 21:15:28",
    "training_history": {
        "accuracy": [
            0.5560017824172974,
            0.6062583923339844,
            0.6375501751899719,
            0.6762048006057739,
            0.7005801200866699,
            0.726740300655365,
            0.7542949318885803,
            0.7855867743492126,
            0.8046631217002869,
            0.8126394748687744,
            0.8263610005378723,
            0.8333891034126282
        ],
        "loss": [
            0.743540346622467,
            0.6900345683097839,
            0.653717577457428,
            0.6188780069351196,
            0.5908780097961426,
            0.5612002611160278,
            0.5326356291770935,
            0.47914329171180725,
            0.4577442705631256,
            0.4420003890991211,
            0.42470288276672363,
            0.4103495180606842
        ],
        "val_accuracy": [
            0.5547226667404175,
            0.5757121443748474,
            0.5967016220092773,
            0.6116941571235657,
            0.5022488832473755,
            0.5727136135101318,
            0.5502249002456665,
            0.5487256646156311,
            0.5457271337509155,
            0.5352323651313782,
            0.5142428874969482,
            0.517241358757019
        ],
        "val_loss": [
            0.9448609352111816,
            0.8074773550033569,
            0.9324723482131958,
            1.293021559715271,
            0.8541629314422607,
            0.927272617816925,
            1.0945500135421753,
            0.9916291236877441,
            1.0874667167663574,
            1.2588218450546265,
            1.1938458681106567,
            1.2300193309783936
        ],
        "learning_rate": [
            0.0010000000474974513,
            0.0010000000474974513,
            0.0010000000474974513,
            0.0010000000474974513,
            0.0010000000474974513,
            0.0010000000474974513,
            0.0010000000474974513,
            0.0005000000237487257,
            0.0005000000237487257,
            0.0005000000237487257,
            0.0005000000237487257,
            0.0005000000237487257
        ]
    },
    "evaluation_metrics": {
        "accuracy": 0.5067466266866567,
        "precision": 0.4964195777998111,
        "recall": 0.5067466266866567,
        "f1": 0.42500730999728453,
        "classification_report": {
            "0": {
                "precision": 0.4819277108433735,
                "recall": 0.12269938650306748,
                "f1-score": 0.19559902200489,
                "support": 326.0
            },
            "1": {
                "precision": 0.5102739726027398,
                "recall": 0.873900293255132,
                "f1-score": 0.6443243243243244,
                "support": 341.0
            },
            "accuracy": 0.5067466266866567,
            "macro avg": {
                "precision": 0.49610084172305663,
                "recall": 0.4982998398790997,
                "f1-score": 0.4199616731646072,
                "support": 667.0
            },
            "weighted avg": {
                "precision": 0.4964195777998111,
                "recall": 0.5067466266866567,
                "f1-score": 0.42500730999728453,
                "support": 667.0
            }
        },
        "confusion_matrix": [
            [
                40,
                286
            ],
            [
                43,
                298
            ]
        ]
    }
}