{
    "timestamp": "2025-04-28 21:17:13",
    "training_history": {
        "accuracy": [
            0.5262766480445862,
            0.5552387833595276,
            0.5838291049003601,
            0.6244009137153625,
            0.6567922830581665,
            0.6924062371253967,
            0.726822018623352,
            0.7466121315956116,
            0.7587175965309143,
            0.7665262222290039,
            0.7764005661010742
        ],
        "loss": [
            0.7371459603309631,
            0.6986325979232788,
            0.6794232130050659,
            0.6512247920036316,
            0.6229603886604309,
            0.5917001366615295,
            0.5430893898010254,
            0.5192732810974121,
            0.5077517628669739,
            0.4893195331096649,
            0.47558698058128357
        ],
        "val_accuracy": [
            0.5163853168487549,
            0.5114200711250305,
            0.4736842215061188,
            0.4577954411506653,
            0.47864946722984314,
            0.47765639424324036,
            0.47964251041412354,
            0.47666335105895996,
            0.47567030787467957,
            0.4697120189666748,
            0.46474677324295044
        ],
        "val_loss": [
            0.7940823435783386,
            0.8283768892288208,
            1.097915530204773,
            1.2159136533737183,
            1.0953494310379028,
            1.224112629890442,
            1.2166982889175415,
            1.6011669635772705,
            1.5105476379394531,
            1.468392014503479,
            1.5524541139602661
        ],
        "learning_rate": [
            0.0010000000474974513,
            0.0010000000474974513,
            0.0010000000474974513,
            0.0010000000474974513,
            0.0010000000474974513,
            0.0010000000474974513,
            0.0005000000237487257,
            0.0005000000237487257,
            0.0005000000237487257,
            0.0005000000237487257,
            0.0005000000237487257
        ]
    },
    "evaluation_metrics": {
        "accuracy": 0.5218253968253969,
        "precision": 0.49119296933433065,
        "recall": 0.5218253968253969,
        "f1": 0.3987742741780427,
        "classification_report": {
            "0": {
                "precision": 0.5256544502617801,
                "recall": 0.9453860640301318,
                "f1-score": 0.6756393001345895,
                "support": 531.0
            },
            "1": {
                "precision": 0.4528301886792453,
                "recall": 0.050314465408805034,
                "f1-score": 0.09056603773584906,
                "support": 477.0
            },
            "accuracy": 0.5218253968253969,
            "macro avg": {
                "precision": 0.4892423194705127,
                "recall": 0.4978502647194684,
                "f1-score": 0.38310266893521927,
                "support": 1008.0
            },
            "weighted avg": {
                "precision": 0.49119296933433065,
                "recall": 0.5218253968253969,
                "f1-score": 0.3987742741780427,
                "support": 1008.0
            }
        },
        "confusion_matrix": [
            [
                502,
                29
            ],
            [
                453,
                24
            ]
        ]
    }
}