{
    "timestamp": "2025-04-28 21:33:18",
    "training_history": {
        "accuracy": [
            0.574382483959198,
            0.62406325340271,
            0.6555647850036621,
            0.6965029239654541,
            0.7291146516799927,
            0.7466000318527222,
            0.7851790189743042,
            0.7985012531280518,
            0.8069664239883423,
            0.8182070255279541,
            0.8293089270591736
        ],
        "loss": [
            0.7454540729522705,
            0.6973575949668884,
            0.6563287973403931,
            0.6138861179351807,
            0.5782454609870911,
            0.5529497265815735,
            0.50240159034729,
            0.4751651883125305,
            0.4629839062690735,
            0.448508083820343,
            0.4385697543621063
        ],
        "val_accuracy": [
            0.582456111907959,
            0.5368421077728271,
            0.5122807025909424,
            0.5122807025909424,
            0.5403508543968201,
            0.4912280738353729,
            0.5298245549201965,
            0.519298255443573,
            0.5403508543968201,
            0.5333333611488342,
            0.5543859601020813
        ],
        "val_loss": [
            0.7605295777320862,
            0.7724983096122742,
            0.9553025364875793,
            0.9008938074111938,
            0.95247483253479,
            1.0459909439086914,
            1.2226412296295166,
            1.499333143234253,
            1.322342872619629,
            1.325322151184082,
            1.1859022378921509
        ],
        "learning_rate": [
            0.0010000000474974513,
            0.0010000000474974513,
            0.0010000000474974513,
            0.0010000000474974513,
            0.0010000000474974513,
            0.0010000000474974513,
            0.0005000000237487257,
            0.0005000000237487257,
            0.0005000000237487257,
            0.0005000000237487257,
            0.0005000000237487257
        ]
    },
    "evaluation_metrics": {
        "accuracy": 0.44405594405594406,
        "precision": 0.4491887134410094,
        "recall": 0.44405594405594406,
        "f1": 0.42271566120938503,
        "classification_report": {
            "0": {
                "precision": 0.4371859296482412,
                "recall": 0.6492537313432836,
                "f1-score": 0.5225225225225225,
                "support": 134.0
            },
            "1": {
                "precision": 0.45977011494252873,
                "recall": 0.2631578947368421,
                "f1-score": 0.33472803347280333,
                "support": 152.0
            },
            "accuracy": 0.44405594405594406,
            "macro avg": {
                "precision": 0.44847802229538497,
                "recall": 0.4562058130400628,
                "f1-score": 0.4286252779976629,
                "support": 286.0
            },
            "weighted avg": {
                "precision": 0.4491887134410094,
                "recall": 0.44405594405594406,
                "f1-score": 0.42271566120938503,
                "support": 286.0
            }
        },
        "confusion_matrix": [
            [
                87,
                47
            ],
            [
                112,
                40
            ]
        ]
    }
}