{
    "timestamp": "2025-04-28 21:25:18",
    "training_history": {
        "accuracy": [
            0.5585157871246338,
            0.601542055606842,
            0.6400247812271118,
            0.6595070958137512,
            0.6858047842979431,
            0.7071458101272583,
            0.7248381972312927,
            0.7441139817237854,
            0.7715820074081421,
            0.7838358879089355,
            0.7912708520889282,
            0.8040754795074463,
            0.8088943958282471
        ],
        "loss": [
            0.7382139563560486,
            0.6865879893302917,
            0.6503480076789856,
            0.6254518628120422,
            0.5997437238693237,
            0.5776106119155884,
            0.5503352880477905,
            0.5290812849998474,
            0.4854359030723572,
            0.46598947048187256,
            0.4528687000274658,
            0.4380495846271515,
            0.42602336406707764
        ],
        "val_accuracy": [
            0.5654545426368713,
            0.43272727727890015,
            0.5672727227210999,
            0.47090908885002136,
            0.4909090995788574,
            0.5672727227210999,
            0.5345454812049866,
            0.5581818222999573,
            0.5145454406738281,
            0.5490909218788147,
            0.4381818175315857,
            0.5563636422157288,
            0.45818182826042175
        ],
        "val_loss": [
            0.7444790005683899,
            0.7708603739738464,
            0.7303596138954163,
            0.7742539048194885,
            0.8394266963005066,
            0.7361879348754883,
            0.8616310358047485,
            0.8355010747909546,
            0.8259384036064148,
            1.0374306440353394,
            1.1442519426345825,
            0.9535656571388245,
            1.039300560951233
        ],
        "learning_rate": [
            0.0010000000474974513,
            0.0010000000474974513,
            0.0010000000474974513,
            0.0010000000474974513,
            0.0010000000474974513,
            0.0010000000474974513,
            0.0010000000474974513,
            0.0010000000474974513,
            0.0005000000237487257,
            0.0005000000237487257,
            0.0005000000237487257,
            0.0005000000237487257,
            0.0005000000237487257
        ]
    },
    "evaluation_metrics": {
        "accuracy": 0.56,
        "precision": 0.5339705882352941,
        "recall": 0.56,
        "f1": 0.4115841284264728,
        "classification_report": {
            "0": {
                "precision": 0.5,
                "recall": 0.012396694214876033,
                "f1-score": 0.024193548387096777,
                "support": 242.0
            },
            "1": {
                "precision": 0.5606617647058824,
                "recall": 0.9902597402597403,
                "f1-score": 0.715962441314554,
                "support": 308.0
            },
            "accuracy": 0.56,
            "macro avg": {
                "precision": 0.5303308823529411,
                "recall": 0.5013282172373081,
                "f1-score": 0.3700779948508254,
                "support": 550.0
            },
            "weighted avg": {
                "precision": 0.5339705882352941,
                "recall": 0.56,
                "f1-score": 0.4115841284264728,
                "support": 550.0
            }
        },
        "confusion_matrix": [
            [
                3,
                239
            ],
            [
                3,
                305
            ]
        ]
    }
}