{
    "timestamp": "2025-04-28 21:30:53",
    "training_history": {
        "accuracy": [
            0.5312928557395935,
            0.5706182718276978,
            0.607964038848877,
            0.6512486934661865,
            0.6792675256729126,
            0.7059159278869629,
            0.7397213578224182,
            0.7576138377189636,
            0.7683873772621155,
            0.7776381969451904,
            0.7856707572937012
        ],
        "loss": [
            0.7434679269790649,
            0.6963339447975159,
            0.6716529726982117,
            0.6418858170509338,
            0.6151344180107117,
            0.5864231586456299,
            0.5412606000900269,
            0.5217050313949585,
            0.5038464069366455,
            0.48952701687812805,
            0.4749184250831604
        ],
        "val_accuracy": [
            0.5464683771133423,
            0.5362453460693359,
            0.5074349641799927,
            0.5046468377113342,
            0.4684014916419983,
            0.517657995223999,
            0.5371747016906738,
            0.5185873508453369,
            0.5250929594039917,
            0.5232341885566711,
            0.5520446300506592
        ],
        "val_loss": [
            0.7486661076545715,
            0.8879955410957336,
            0.8574251532554626,
            1.0236008167266846,
            2.0797009468078613,
            1.443326711654663,
            1.3953171968460083,
            1.587205171585083,
            1.991670846939087,
            2.0921521186828613,
            2.5406546592712402
        ],
        "learning_rate": [
            0.0010000000474974513,
            0.0010000000474974513,
            0.0010000000474974513,
            0.0010000000474974513,
            0.0010000000474974513,
            0.0010000000474974513,
            0.0005000000237487257,
            0.0005000000237487257,
            0.0005000000237487257,
            0.0005000000237487257,
            0.0005000000237487257
        ]
    },
    "evaluation_metrics": {
        "accuracy": 0.4674721189591078,
        "precision": 0.4735516853594086,
        "recall": 0.4674721189591078,
        "f1": 0.46110630996178037,
        "classification_report": {
            "0": {
                "precision": 0.45068285280728376,
                "recall": 0.5846456692913385,
                "f1-score": 0.5089974293059125,
                "support": 508.0
            },
            "1": {
                "precision": 0.4940047961630695,
                "recall": 0.3626760563380282,
                "f1-score": 0.4182741116751269,
                "support": 568.0
            },
            "accuracy": 0.4674721189591078,
            "macro avg": {
                "precision": 0.47234382448517664,
                "recall": 0.47366086281468334,
                "f1-score": 0.46363577049051974,
                "support": 1076.0
            },
            "weighted avg": {
                "precision": 0.4735516853594086,
                "recall": 0.4674721189591078,
                "f1-score": 0.46110630996178037,
                "support": 1076.0
            }
        },
        "confusion_matrix": [
            [
                297,
                211
            ],
            [
                362,
                206
            ]
        ]
    }
}