{
    "timestamp": "2025-04-28 21:28:29",
    "training_history": {
        "accuracy": [
            0.5405498147010803,
            0.5711964964866638,
            0.597063422203064,
            0.6220868229866028,
            0.6490159034729004,
            0.6684473752975464,
            0.6945329308509827,
            0.7096532583236694,
            0.7439862489700317,
            0.7579193711280823,
            0.7695720195770264,
            0.7761949300765991,
            0.7904717326164246
        ],
        "loss": [
            0.7334055304527283,
            0.6935205459594727,
            0.6789783239364624,
            0.6642192602157593,
            0.6431105136871338,
            0.6231812834739685,
            0.6015728712081909,
            0.5833617448806763,
            0.5387791395187378,
            0.52066969871521,
            0.5067424178123474,
            0.493022620677948,
            0.4802892208099365
        ],
        "val_accuracy": [
            0.6160990595817566,
            0.6160990595817566,
            0.6099071502685547,
            0.6114550828933716,
            0.5650154948234558,
            0.6114550828933716,
            0.4930340647697449,
            0.49922600388526917,
            0.48839008808135986,
            0.5859133005142212,
            0.5,
            0.5371516942977905,
            0.5154798626899719
        ],
        "val_loss": [
            0.6903651356697083,
            0.7595282793045044,
            0.6893990635871887,
            0.8292378783226013,
            0.8169586062431335,
            1.6504257917404175,
            1.0342884063720703,
            0.8825629949569702,
            1.4382084608078003,
            1.077532410621643,
            1.1527481079101562,
            1.038989782333374,
            1.0187565088272095
        ],
        "learning_rate": [
            0.0010000000474974513,
            0.0010000000474974513,
            0.0010000000474974513,
            0.0010000000474974513,
            0.0010000000474974513,
            0.0010000000474974513,
            0.0010000000474974513,
            0.0010000000474974513,
            0.0005000000237487257,
            0.0005000000237487257,
            0.0005000000237487257,
            0.0005000000237487257,
            0.0005000000237487257
        ]
    },
    "evaluation_metrics": {
        "accuracy": 0.5444702242846094,
        "precision": 0.5246706366401616,
        "recall": 0.5444702242846094,
        "f1": 0.3997642136716336,
        "classification_report": {
            "0": {
                "precision": 0.5,
                "recall": 0.02037351443123939,
                "f1-score": 0.03915171288743883,
                "support": 589.0
            },
            "1": {
                "precision": 0.545311268715524,
                "recall": 0.9829545454545454,
                "f1-score": 0.7014698428788647,
                "support": 704.0
            },
            "accuracy": 0.5444702242846094,
            "macro avg": {
                "precision": 0.522655634357762,
                "recall": 0.5016640299428924,
                "f1-score": 0.37031077788315175,
                "support": 1293.0
            },
            "weighted avg": {
                "precision": 0.5246706366401616,
                "recall": 0.5444702242846094,
                "f1-score": 0.3997642136716336,
                "support": 1293.0
            }
        },
        "confusion_matrix": [
            [
                12,
                577
            ],
            [
                12,
                692
            ]
        ]
    }
}