{
    "timestamp": "2025-04-28 21:27:04",
    "training_history": {
        "accuracy": [
            0.5362382531166077,
            0.5525601506233215,
            0.5858641266822815,
            0.6234961748123169,
            0.6490243673324585,
            0.6752127408981323,
            0.7022080421447754,
            0.7360988855361938,
            0.7513204216957092,
            0.7663585543632507,
            0.7721904516220093,
            0.7798929214477539
        ],
        "loss": [
            0.7425515055656433,
            0.7020789384841919,
            0.6863845586776733,
            0.6621189713478088,
            0.6381679773330688,
            0.6145995855331421,
            0.5931092500686646,
            0.5501828789710999,
            0.5276731252670288,
            0.5114436745643616,
            0.4983350336551666,
            0.4877434968948364
        ],
        "val_accuracy": [
            0.5017953515052795,
            0.5170556306838989,
            0.5242369771003723,
            0.5547576546669006,
            0.5170556306838989,
            0.5502693057060242,
            0.5251346230506897,
            0.5179533362388611,
            0.5044883489608765,
            0.5242369771003723,
            0.520646333694458,
            0.5161579847335815
        ],
        "val_loss": [
            0.7323105931282043,
            0.7198238968849182,
            0.7365334033966064,
            0.7285807728767395,
            0.7760158777236938,
            0.8054879307746887,
            0.8641558885574341,
            0.9359286427497864,
            1.0073717832565308,
            1.0195162296295166,
            1.0318583250045776,
            1.0459867715835571
        ],
        "learning_rate": [
            0.0010000000474974513,
            0.0010000000474974513,
            0.0010000000474974513,
            0.0010000000474974513,
            0.0010000000474974513,
            0.0010000000474974513,
            0.0010000000474974513,
            0.0005000000237487257,
            0.0005000000237487257,
            0.0005000000237487257,
            0.0005000000237487257,
            0.0005000000237487257
        ]
    },
    "evaluation_metrics": {
        "accuracy": 0.49371633752244165,
        "precision": 0.4853558713446734,
        "recall": 0.49371633752244165,
        "f1": 0.44771085410962386,
        "classification_report": {
            "0": {
                "precision": 0.4703389830508475,
                "recall": 0.2018181818181818,
                "f1-score": 0.282442748091603,
                "support": 550.0
            },
            "1": {
                "precision": 0.5,
                "recall": 0.7783687943262412,
                "f1-score": 0.6088765603328711,
                "support": 564.0
            },
            "accuracy": 0.49371633752244165,
            "macro avg": {
                "precision": 0.48516949152542377,
                "recall": 0.4900934880722115,
                "f1-score": 0.4456596542122371,
                "support": 1114.0
            },
            "weighted avg": {
                "precision": 0.4853558713446734,
                "recall": 0.49371633752244165,
                "f1-score": 0.44771085410962386,
                "support": 1114.0
            }
        },
        "confusion_matrix": [
            [
                111,
                439
            ],
            [
                125,
                439
            ]
        ]
    }
}