{
    "timestamp": "2025-04-28 21:26:22",
    "training_history": {
        "accuracy": [
            0.5359463691711426,
            0.5771464109420776,
            0.6052813529968262,
            0.6456518769264221,
            0.6795244216918945,
            0.7028204202651978,
            0.724457323551178,
            0.7416701316833496,
            0.7606801986694336,
            0.7751278877258301,
            0.8034010529518127,
            0.814807116985321,
            0.8250380158424377,
            0.830291748046875,
            0.8360292911529541
        ],
        "loss": [
            0.7446116209030151,
            0.6994754672050476,
            0.6693183779716492,
            0.6375218033790588,
            0.6082608103752136,
            0.5775240659713745,
            0.5554813146591187,
            0.5298405885696411,
            0.5126558542251587,
            0.48672881722450256,
            0.4447488784790039,
            0.4241017997264862,
            0.40919506549835205,
            0.4018755257129669,
            0.3914371132850647
        ],
        "val_accuracy": [
            0.5090252757072449,
            0.5324909687042236,
            0.5505415201187134,
            0.5740072131156921,
            0.6137183904647827,
            0.5433213114738464,
            0.5595667958259583,
            0.5198556184768677,
            0.5270758271217346,
            0.5505415201187134,
            0.5234656929969788,
            0.5324909687042236,
            0.5541516542434692,
            0.5794223546981812,
            0.5451263785362244
        ],
        "val_loss": [
            0.732883632183075,
            0.7189463376998901,
            0.7086900472640991,
            0.7049529552459717,
            0.6983309388160706,
            0.7202865481376648,
            0.7520541548728943,
            0.7894132733345032,
            0.8548181653022766,
            0.7640239596366882,
            0.8141047358512878,
            0.8126674890518188,
            0.7914446592330933,
            0.8153395056724548,
            0.8328508734703064
        ],
        "learning_rate": [
            0.0010000000474974513,
            0.0010000000474974513,
            0.0010000000474974513,
            0.0010000000474974513,
            0.0010000000474974513,
            0.0010000000474974513,
            0.0010000000474974513,
            0.0010000000474974513,
            0.0010000000474974513,
            0.0010000000474974513,
            0.0005000000237487257,
            0.0005000000237487257,
            0.0005000000237487257,
            0.0005000000237487257,
            0.0005000000237487257
        ]
    },
    "evaluation_metrics": {
        "accuracy": 0.5487364620938628,
        "precision": 0.5533141931265811,
        "recall": 0.5487364620938628,
        "f1": 0.5504531769596837,
        "classification_report": {
            "0": {
                "precision": 0.47244094488188976,
                "recall": 0.5084745762711864,
                "f1-score": 0.48979591836734687,
                "support": 236.0
            },
            "1": {
                "precision": 0.6133333333333333,
                "recall": 0.5786163522012578,
                "f1-score": 0.5954692556634305,
                "support": 318.0
            },
            "accuracy": 0.5487364620938628,
            "macro avg": {
                "precision": 0.5428871391076115,
                "recall": 0.5435454642362221,
                "f1-score": 0.5426325870153886,
                "support": 554.0
            },
            "weighted avg": {
                "precision": 0.5533141931265811,
                "recall": 0.5487364620938628,
                "f1-score": 0.5504531769596837,
                "support": 554.0
            }
        },
        "confusion_matrix": [
            [
                120,
                116
            ],
            [
                134,
                184
            ]
        ]
    }
}