{
    "timestamp": "2025-04-28 21:30:11",
    "training_history": {
        "accuracy": [
            0.5528370141983032,
            0.5899974703788757,
            0.6157019734382629,
            0.6523546576499939,
            0.6834222078323364,
            0.70769864320755,
            0.7438119053840637,
            0.7612655758857727,
            0.7763074636459351,
            0.7864940166473389,
            0.7914127707481384
        ],
        "loss": [
            0.72771155834198,
            0.6864749193191528,
            0.6631715297698975,
            0.6396576166152954,
            0.6117537021636963,
            0.5891485810279846,
            0.5419711470603943,
            0.5215428471565247,
            0.5011533498764038,
            0.4873223304748535,
            0.47723689675331116
        ],
        "val_accuracy": [
            0.5781733989715576,
            0.5356037020683289,
            0.522445797920227,
            0.522445797920227,
            0.47291022539138794,
            0.529411792755127,
            0.5301857590675354,
            0.5719814300537109,
            0.5712074041366577,
            0.5657894611358643,
            0.5650154948234558
        ],
        "val_loss": [
            0.7558325529098511,
            0.8354638814926147,
            0.7859448790550232,
            0.9667947292327881,
            0.977523684501648,
            0.7770447134971619,
            0.8489496111869812,
            1.091334342956543,
            1.1020946502685547,
            1.171355128288269,
            0.9612375497817993
        ],
        "learning_rate": [
            0.0010000000474974513,
            0.0010000000474974513,
            0.0010000000474974513,
            0.0010000000474974513,
            0.0010000000474974513,
            0.0010000000474974513,
            0.0005000000237487257,
            0.0005000000237487257,
            0.0005000000237487257,
            0.0005000000237487257,
            0.0005000000237487257
        ]
    },
    "evaluation_metrics": {
        "accuracy": 0.5792730085073473,
        "precision": 0.33555721838515323,
        "recall": 0.5792730085073473,
        "f1": 0.42495150183349956,
        "classification_report": {
            "0": {
                "precision": 0.0,
                "recall": 0.0,
                "f1-score": 0.0,
                "support": 544.0
            },
            "1": {
                "precision": 0.5792730085073473,
                "recall": 1.0,
                "f1-score": 0.7335945151811949,
                "support": 749.0
            },
            "accuracy": 0.5792730085073473,
            "macro avg": {
                "precision": 0.28963650425367365,
                "recall": 0.5,
                "f1-score": 0.36679725759059745,
                "support": 1293.0
            },
            "weighted avg": {
                "precision": 0.33555721838515323,
                "recall": 0.5792730085073473,
                "f1-score": 0.42495150183349956,
                "support": 1293.0
            }
        },
        "confusion_matrix": [
            [
                0,
                544
            ],
            [
                0,
                749
            ]
        ]
    }
}