{
    "timestamp": "2025-04-28 21:29:19",
    "training_history": {
        "accuracy": [
            0.5382325649261475,
            0.5892690420150757,
            0.6276450753211975,
            0.6674915552139282,
            0.7010257244110107,
            0.7254142165184021,
            0.7459293007850647,
            0.7631087899208069,
            0.7978624105453491,
            0.8114554286003113,
            0.8155081868171692,
            0.8224661350250244,
            0.8328312039375305
        ],
        "loss": [
            0.7389759421348572,
            0.6888092756271362,
            0.6622936725616455,
            0.6321368217468262,
            0.5990591645240784,
            0.5731127262115479,
            0.5490502119064331,
            0.5278617739677429,
            0.4746786653995514,
            0.45641398429870605,
            0.4437742233276367,
            0.43234550952911377,
            0.4166278839111328
        ],
        "val_accuracy": [
            0.4927007257938385,
            0.5209854245185852,
            0.510948896408081,
            0.4844890534877777,
            0.5383211970329285,
            0.5164233446121216,
            0.4835766553878784,
            0.5054744482040405,
            0.48996350169181824,
            0.4397810101509094,
            0.4635036587715149,
            0.46076643466949463,
            0.4936131238937378
        ],
        "val_loss": [
            0.7924492359161377,
            0.8131056427955627,
            0.7922253608703613,
            0.9107060432434082,
            0.9660423994064331,
            0.9023882746696472,
            0.9502745866775513,
            1.04021418094635,
            1.006551742553711,
            1.1150012016296387,
            1.1835817098617554,
            1.1723148822784424,
            1.2937999963760376
        ],
        "learning_rate": [
            0.0010000000474974513,
            0.0010000000474974513,
            0.0010000000474974513,
            0.0010000000474974513,
            0.0010000000474974513,
            0.0010000000474974513,
            0.0010000000474974513,
            0.0010000000474974513,
            0.0005000000237487257,
            0.0005000000237487257,
            0.0005000000237487257,
            0.0005000000237487257,
            0.0005000000237487257
        ]
    },
    "evaluation_metrics": {
        "accuracy": 0.5,
        "precision": 0.49671052631578944,
        "recall": 0.5,
        "f1": 0.496862983201781,
        "classification_report": {
            "0": {
                "precision": 0.525,
                "recall": 0.5793103448275863,
                "f1-score": 0.5508196721311475,
                "support": 580.0
            },
            "1": {
                "precision": 0.4649122807017544,
                "recall": 0.4108527131782946,
                "f1-score": 0.43621399176954734,
                "support": 516.0
            },
            "accuracy": 0.5,
            "macro avg": {
                "precision": 0.4949561403508772,
                "recall": 0.49508152900294045,
                "f1-score": 0.4935168319503474,
                "support": 1096.0
            },
            "weighted avg": {
                "precision": 0.49671052631578944,
                "recall": 0.5,
                "f1-score": 0.496862983201781,
                "support": 1096.0
            }
        },
        "confusion_matrix": [
            [
                336,
                244
            ],
            [
                304,
                212
            ]
        ]
    }
}