{
    "timestamp": "2025-04-28 21:33:05",
    "training_history": {
        "accuracy": [
            0.5218483805656433,
            0.5372150540351868,
            0.5724273324012756,
            0.6129561066627502,
            0.6507901549339294,
            0.6823974847793579,
            0.7064670920372009,
            0.7271502614021301,
            0.7398586869239807,
            0.7703371644020081,
            0.7840288281440735,
            0.7952807545661926,
            0.8023814558982849,
            0.8101740479469299
        ],
        "loss": [
            0.7462340593338013,
            0.7022188901901245,
            0.686697244644165,
            0.668449342250824,
            0.644070029258728,
            0.6160051822662354,
            0.5898200273513794,
            0.5671631097793579,
            0.5492438077926636,
            0.5071374773979187,
            0.48603254556655884,
            0.47107377648353577,
            0.45875242352485657,
            0.44449537992477417
        ],
        "val_accuracy": [
            0.5561797618865967,
            0.5552434325218201,
            0.5561797618865967,
            0.5468164682388306,
            0.5430711507797241,
            0.5280898809432983,
            0.5730336904525757,
            0.46161049604415894,
            0.5093632936477661,
            0.5449438095092773,
            0.5318351984024048,
            0.49719101190567017,
            0.5,
            0.516853928565979
        ],
        "val_loss": [
            0.8709786534309387,
            1.0215281248092651,
            0.7988603115081787,
            0.7476451396942139,
            1.0001133680343628,
            0.9693171381950378,
            0.9349499940872192,
            1.1395364999771118,
            1.163053274154663,
            0.9599018692970276,
            1.0123547315597534,
            1.2150007486343384,
            1.078014850616455,
            1.109900712966919
        ],
        "learning_rate": [
            0.0010000000474974513,
            0.0010000000474974513,
            0.0010000000474974513,
            0.0010000000474974513,
            0.0010000000474974513,
            0.0010000000474974513,
            0.0010000000474974513,
            0.0010000000474974513,
            0.0010000000474974513,
            0.0005000000237487257,
            0.0005000000237487257,
            0.0005000000237487257,
            0.0005000000237487257,
            0.0005000000237487257
        ]
    },
    "evaluation_metrics": {
        "accuracy": 0.5537885874649204,
        "precision": 0.49145940604497856,
        "recall": 0.5537885874649204,
        "f1": 0.4117565406318839,
        "classification_report": {
            "0": {
                "precision": 0.4090909090909091,
                "recall": 0.019027484143763214,
                "f1-score": 0.03636363636363637,
                "support": 473.0
            },
            "1": {
                "precision": 0.556829035339064,
                "recall": 0.9781879194630873,
                "f1-score": 0.7096774193548387,
                "support": 596.0
            },
            "accuracy": 0.5537885874649204,
            "macro avg": {
                "precision": 0.48295997221498654,
                "recall": 0.49860770180342523,
                "f1-score": 0.37302052785923756,
                "support": 1069.0
            },
            "weighted avg": {
                "precision": 0.49145940604497856,
                "recall": 0.5537885874649204,
                "f1-score": 0.4117565406318839,
                "support": 1069.0
            }
        },
        "confusion_matrix": [
            [
                9,
                464
            ],
            [
                13,
                583
            ]
        ]
    }
}