{
    "timestamp": "2025-04-28 22:13:16",
    "training_history": {
        "accuracy": [
            0.5613526701927185,
            0.6059178709983826,
            0.6615942120552063,
            0.7056763172149658,
            0.7421497702598572,
            0.7702898383140564,
            0.7886473536491394,
            0.8245168924331665,
            0.835869550704956,
            0.8475845456123352,
            0.8537439703941345,
            0.8617149591445923
        ],
        "loss": [
            0.7452502846717834,
            0.6916279196739197,
            0.6406053304672241,
            0.5960419774055481,
            0.5594696402549744,
            0.5149891972541809,
            0.4947877824306488,
            0.4303089678287506,
            0.41232016682624817,
            0.39612650871276855,
            0.3803029954433441,
            0.3720817565917969
        ],
        "val_accuracy": [
            0.6020066738128662,
            0.6086956262588501,
            0.5317725539207458,
            0.5284280776977539,
            0.5150501728057861,
            0.5852842926979065,
            0.5585284233093262,
            0.5317725539207458,
            0.5150501728057861,
            0.5819398164749146,
            0.5351170301437378,
            0.5284280776977539
        ],
        "val_loss": [
            0.7367434501647949,
            0.7170166373252869,
            0.7622377276420593,
            0.7794971466064453,
            0.788628876209259,
            0.771611750125885,
            0.8580625653266907,
            0.871004045009613,
            0.8421685099601746,
            0.8448523879051208,
            0.9025255441665649,
            0.8638978004455566
        ],
        "learning_rate": [
            0.0010000000474974513,
            0.0010000000474974513,
            0.0010000000474974513,
            0.0010000000474974513,
            0.0010000000474974513,
            0.0010000000474974513,
            0.0010000000474974513,
            0.0005000000237487257,
            0.0005000000237487257,
            0.0005000000237487257,
            0.0005000000237487257,
            0.0005000000237487257
        ]
    },
    "evaluation_metrics": {
        "accuracy": 0.4766666666666667,
        "precision": 0.47733854837992795,
        "recall": 0.4766666666666667,
        "f1": 0.47687029605007175,
        "classification_report": {
            "0": {
                "precision": 0.4563758389261745,
                "recall": 0.4722222222222222,
                "f1-score": 0.4641638225255973,
                "support": 144.0
            },
            "1": {
                "precision": 0.4966887417218543,
                "recall": 0.4807692307692308,
                "f1-score": 0.488599348534202,
                "support": 156.0
            },
            "accuracy": 0.4766666666666667,
            "macro avg": {
                "precision": 0.4765322903240144,
                "recall": 0.47649572649572647,
                "f1-score": 0.4763815855298996,
                "support": 300.0
            },
            "weighted avg": {
                "precision": 0.47733854837992795,
                "recall": 0.4766666666666667,
                "f1-score": 0.47687029605007175,
                "support": 300.0
            }
        },
        "confusion_matrix": [
            [
                68,
                76
            ],
            [
                81,
                75
            ]
        ]
    }
}