{
    "timestamp": "2025-04-28 21:33:38",
    "training_history": {
        "accuracy": [
            0.562347948551178,
            0.6409671306610107,
            0.6901611685752869,
            0.7282542586326599,
            0.7561587691307068,
            0.7770681381225586,
            0.808546245098114,
            0.8237530589103699,
            0.8289233446121216,
            0.8408607244491577,
            0.8479318618774414
        ],
        "loss": [
            0.7465455532073975,
            0.6771148443222046,
            0.6220226883888245,
            0.5730428695678711,
            0.5421555638313293,
            0.5129218101501465,
            0.4590614438056946,
            0.4382713735103607,
            0.42557021975517273,
            0.4056786596775055,
            0.3963833153247833
        ],
        "val_accuracy": [
            0.4485436975955963,
            0.4640776813030243,
            0.469902902841568,
            0.5009709000587463,
            0.469902902841568,
            0.462135910987854,
            0.4524271786212921,
            0.4563106894493103,
            0.462135910987854,
            0.4737864136695862,
            0.4757281541824341
        ],
        "val_loss": [
            0.8799599409103394,
            0.9631940722465515,
            1.0597405433654785,
            1.0598173141479492,
            1.1374084949493408,
            1.2075444459915161,
            1.257076621055603,
            1.3500441312789917,
            1.4189590215682983,
            1.477793574333191,
            1.4451321363449097
        ],
        "learning_rate": [
            0.0010000000474974513,
            0.0010000000474974513,
            0.0010000000474974513,
            0.0010000000474974513,
            0.0010000000474974513,
            0.0010000000474974513,
            0.0005000000237487257,
            0.0005000000237487257,
            0.0005000000237487257,
            0.0005000000237487257,
            0.0005000000237487257
        ]
    },
    "evaluation_metrics": {
        "accuracy": 0.4186046511627907,
        "precision": 0.5789385366693199,
        "recall": 0.4186046511627907,
        "f1": 0.3197479306656302,
        "classification_report": {
            "0": {
                "precision": 0.39148936170212767,
                "recall": 0.9292929292929293,
                "f1-score": 0.5508982035928144,
                "support": 198.0
            },
            "1": {
                "precision": 0.6956521739130435,
                "recall": 0.10062893081761007,
                "f1-score": 0.17582417582417584,
                "support": 318.0
            },
            "accuracy": 0.4186046511627907,
            "macro avg": {
                "precision": 0.5435707678075856,
                "recall": 0.5149609300552697,
                "f1-score": 0.3633611897084951,
                "support": 516.0
            },
            "weighted avg": {
                "precision": 0.5789385366693199,
                "recall": 0.4186046511627907,
                "f1-score": 0.3197479306656302,
                "support": 516.0
            }
        },
        "confusion_matrix": [
            [
                184,
                14
            ],
            [
                286,
                32
            ]
        ]
    }
}