{
    "timestamp": "2025-04-28 21:31:31",
    "training_history": {
        "accuracy": [
            0.5294205546379089,
            0.5653748512268066,
            0.6006197929382324,
            0.6350433230400085,
            0.6639038324356079,
            0.6882467269897461,
            0.722147524356842,
            0.740143358707428,
            0.7551149725914001,
            0.769825279712677,
            0.7780391573905945
        ],
        "loss": [
            0.739612877368927,
            0.6965880990028381,
            0.6734341382980347,
            0.6497725248336792,
            0.6219884753227234,
            0.5967303514480591,
            0.5515528917312622,
            0.5246303677558899,
            0.5128459334373474,
            0.4951291084289551,
            0.48272672295570374
        ],
        "val_accuracy": [
            0.4801512360572815,
            0.4867675006389618,
            0.4243856370449066,
            0.4688090682029724,
            0.4801512360572815,
            0.4848771393299103,
            0.46975424885749817,
            0.5368620157241821,
            0.5378071665763855,
            0.5283553600311279,
            0.5425330996513367
        ],
        "val_loss": [
            0.7398183345794678,
            0.8203482627868652,
            1.0197253227233887,
            1.0761821269989014,
            0.9443184733390808,
            0.9118770360946655,
            0.9167344570159912,
            0.892166793346405,
            0.8788038492202759,
            1.0016779899597168,
            0.897891104221344
        ],
        "learning_rate": [
            0.0010000000474974513,
            0.0010000000474974513,
            0.0010000000474974513,
            0.0010000000474974513,
            0.0010000000474974513,
            0.0010000000474974513,
            0.0005000000237487257,
            0.0005000000237487257,
            0.0005000000237487257,
            0.0005000000237487257,
            0.0005000000237487257
        ]
    },
    "evaluation_metrics": {
        "accuracy": 0.4952741020793951,
        "precision": 0.5083659808407075,
        "recall": 0.4952741020793951,
        "f1": 0.3466484057454373,
        "classification_report": {
            "0": {
                "precision": 0.49468599033816424,
                "recall": 0.9789674952198852,
                "f1-score": 0.6572528883183569,
                "support": 523.0
            },
            "1": {
                "precision": 0.5217391304347826,
                "recall": 0.022429906542056073,
                "f1-score": 0.04301075268817204,
                "support": 535.0
            },
            "accuracy": 0.4952741020793951,
            "macro avg": {
                "precision": 0.5082125603864734,
                "recall": 0.5006987008809707,
                "f1-score": 0.35013182050326447,
                "support": 1058.0
            },
            "weighted avg": {
                "precision": 0.5083659808407075,
                "recall": 0.4952741020793951,
                "f1-score": 0.3466484057454373,
                "support": 1058.0
            }
        },
        "confusion_matrix": [
            [
                512,
                11
            ],
            [
                523,
                12
            ]
        ]
    }
}