{
    "timestamp": "2025-04-28 21:25:52",
    "training_history": {
        "accuracy": [
            0.5410341024398804,
            0.5809130668640137,
            0.6155115365982056,
            0.6424092650413513,
            0.6806930899620056,
            0.7124862670898438,
            0.7282728552818298,
            0.7440593838691711,
            0.7815731763839722,
            0.7940593957901001,
            0.7982948422431946,
            0.8086908459663391,
            0.8169416785240173
        ],
        "loss": [
            0.7378057241439819,
            0.6906034350395203,
            0.6611475348472595,
            0.637515664100647,
            0.6091625094413757,
            0.5768148303031921,
            0.5576344132423401,
            0.5435534715652466,
            0.4905233681201935,
            0.474655419588089,
            0.4616386592388153,
            0.4450937807559967,
            0.43403196334838867
        ],
        "val_accuracy": [
            0.509065568447113,
            0.5453277826309204,
            0.4965132474899292,
            0.5230125784873962,
            0.5202231407165527,
            0.5341701507568359,
            0.517433762550354,
            0.5285913348197937,
            0.48814505338668823,
            0.4867503345012665,
            0.47977685928344727,
            0.49511855840682983,
            0.5160390734672546
        ],
        "val_loss": [
            0.7358468174934387,
            0.7443233728408813,
            0.7340644001960754,
            0.7518980503082275,
            0.7842649817466736,
            0.8154585361480713,
            0.8366081118583679,
            0.8213532567024231,
            0.8973708152770996,
            0.9145809412002563,
            0.9442453384399414,
            0.9460662603378296,
            0.9390254616737366
        ],
        "learning_rate": [
            0.0010000000474974513,
            0.0010000000474974513,
            0.0010000000474974513,
            0.0010000000474974513,
            0.0010000000474974513,
            0.0010000000474974513,
            0.0010000000474974513,
            0.0010000000474974513,
            0.0005000000237487257,
            0.0005000000237487257,
            0.0005000000237487257,
            0.0005000000237487257,
            0.0005000000237487257
        ]
    },
    "evaluation_metrics": {
        "accuracy": 0.5027855153203342,
        "precision": 0.5022432119581591,
        "recall": 0.5027855153203342,
        "f1": 0.5025057395890224,
        "classification_report": {
            "0": {
                "precision": 0.4290322580645161,
                "recall": 0.4249201277955272,
                "f1-score": 0.42696629213483145,
                "support": 313.0
            },
            "1": {
                "precision": 0.5588235294117647,
                "recall": 0.562962962962963,
                "f1-score": 0.5608856088560885,
                "support": 405.0
            },
            "accuracy": 0.5027855153203342,
            "macro avg": {
                "precision": 0.4939278937381404,
                "recall": 0.49394154537924506,
                "f1-score": 0.49392595049545995,
                "support": 718.0
            },
            "weighted avg": {
                "precision": 0.5022432119581591,
                "recall": 0.5027855153203342,
                "f1-score": 0.5025057395890224,
                "support": 718.0
            }
        },
        "confusion_matrix": [
            [
                133,
                180
            ],
            [
                177,
                228
            ]
        ]
    }
}