{
    "timestamp": "2025-04-28 21:32:13",
    "training_history": {
        "accuracy": [
            0.5217570066452026,
            0.5491864681243896,
            0.5708314776420593,
            0.5971040725708008,
            0.6177414655685425,
            0.6420734524726868,
            0.6744289994239807,
            0.6972682476043701,
            0.7060009241104126,
            0.7217495441436768,
            0.7322361469268799
        ],
        "loss": [
            0.745544970035553,
            0.7033860087394714,
            0.6863046288490295,
            0.6719239354133606,
            0.6570937633514404,
            0.6423195004463196,
            0.6033860445022583,
            0.5812109112739563,
            0.5701950192451477,
            0.5512170195579529,
            0.5405901074409485
        ],
        "val_accuracy": [
            0.4659300148487091,
            0.48802947998046875,
            0.48802947998046875,
            0.4917127192020416,
            0.48342540860176086,
            0.45764273405075073,
            0.4714548885822296,
            0.47329649329185486,
            0.4705340564250946,
            0.45303866267204285,
            0.49723756313323975
        ],
        "val_loss": [
            0.7401820421218872,
            0.7803024649620056,
            0.8444276452064514,
            0.8142525553703308,
            0.9331588745117188,
            0.8877741694450378,
            1.019024133682251,
            1.0920112133026123,
            1.066678762435913,
            1.2170413732528687,
            1.0726193189620972
        ],
        "learning_rate": [
            0.0010000000474974513,
            0.0010000000474974513,
            0.0010000000474974513,
            0.0010000000474974513,
            0.0010000000474974513,
            0.0010000000474974513,
            0.0005000000237487257,
            0.0005000000237487257,
            0.0005000000237487257,
            0.0005000000237487257,
            0.0005000000237487257
        ]
    },
    "evaluation_metrics": {
        "accuracy": 0.47746090156393745,
        "precision": 0.22796891252224796,
        "recall": 0.47746090156393745,
        "f1": 0.30859552666461215,
        "classification_report": {
            "0": {
                "precision": 0.47746090156393745,
                "recall": 1.0,
                "f1-score": 0.6463262764632628,
                "support": 519.0
            },
            "1": {
                "precision": 0.0,
                "recall": 0.0,
                "f1-score": 0.0,
                "support": 568.0
            },
            "accuracy": 0.47746090156393745,
            "macro avg": {
                "precision": 0.23873045078196872,
                "recall": 0.5,
                "f1-score": 0.3231631382316314,
                "support": 1087.0
            },
            "weighted avg": {
                "precision": 0.22796891252224796,
                "recall": 0.47746090156393745,
                "f1-score": 0.30859552666461215,
                "support": 1087.0
            }
        },
        "confusion_matrix": [
            [
                519,
                0
            ],
            [
                568,
                0
            ]
        ]
    }
}