{
    "timestamp": "2025-04-28 21:34:22",
    "training_history": {
        "accuracy": [
            0.5258994102478027,
            0.5587704181671143,
            0.5790709257125854,
            0.6015387773513794,
            0.6359630227088928,
            0.6609955430030823,
            0.7062202095985413,
            0.7285074591636658,
            0.7442927360534668,
            0.7541540265083313,
            0.7648100256919861
        ],
        "loss": [
            0.7456278800964355,
            0.69954514503479,
            0.6763876080513,
            0.6614558100700378,
            0.6398639678955078,
            0.6179363131523132,
            0.5727382898330688,
            0.5505340695381165,
            0.5299375057220459,
            0.5147578120231628,
            0.5036281943321228
        ],
        "val_accuracy": [
            0.53500896692276,
            0.5197486281394958,
            0.5107719898223877,
            0.5305206179618835,
            0.5377019643783569,
            0.4973070025444031,
            0.5071813464164734,
            0.49192100763320923,
            0.4856373369693756,
            0.49910232424736023,
            0.4937163293361664
        ],
        "val_loss": [
            0.7207428216934204,
            0.7237951159477234,
            0.7496157884597778,
            0.8088523149490356,
            0.8076286911964417,
            0.8285111784934998,
            0.9393105506896973,
            0.9654242992401123,
            0.9639046788215637,
            1.024428367614746,
            1.016154408454895
        ],
        "learning_rate": [
            0.0010000000474974513,
            0.0010000000474974513,
            0.0010000000474974513,
            0.0010000000474974513,
            0.0010000000474974513,
            0.0010000000474974513,
            0.0005000000237487257,
            0.0005000000237487257,
            0.0005000000237487257,
            0.0005000000237487257,
            0.0005000000237487257
        ]
    },
    "evaluation_metrics": {
        "accuracy": 0.547576301615799,
        "precision": 0.5361529660657444,
        "recall": 0.547576301615799,
        "f1": 0.5285301661566477,
        "classification_report": {
            "0": {
                "precision": 0.49544072948328266,
                "recall": 0.3253493013972056,
                "f1-score": 0.39277108433734936,
                "support": 501.0
            },
            "1": {
                "precision": 0.5694267515923567,
                "recall": 0.7292006525285482,
                "f1-score": 0.6394849785407725,
                "support": 613.0
            },
            "accuracy": 0.547576301615799,
            "macro avg": {
                "precision": 0.5324337405378197,
                "recall": 0.5272749769628768,
                "f1-score": 0.5161280314390609,
                "support": 1114.0
            },
            "weighted avg": {
                "precision": 0.5361529660657444,
                "recall": 0.547576301615799,
                "f1-score": 0.5285301661566477,
                "support": 1114.0
            }
        },
        "confusion_matrix": [
            [
                163,
                338
            ],
            [
                166,
                447
            ]
        ]
    }
}