{
    "timestamp": "2025-04-28 21:34:48",
    "training_history": {
        "accuracy": [
            0.5515283346176147,
            0.6082518100738525,
            0.6544641852378845,
            0.7068986296653748,
            0.7427812218666077,
            0.7612057328224182,
            0.8019813895225525,
            0.8191373944282532,
            0.8245137333869934,
            0.8373807072639465,
            0.8470460176467896
        ],
        "loss": [
            0.741259753704071,
            0.6876235008239746,
            0.6408904790878296,
            0.5948026180267334,
            0.5538986921310425,
            0.5217829346656799,
            0.46853622794151306,
            0.4377659857273102,
            0.4269757866859436,
            0.40522071719169617,
            0.39829182624816895
        ],
        "val_accuracy": [
            0.5149136781692505,
            0.5007849335670471,
            0.540031373500824,
            0.5180533528327942,
            0.5541601181030273,
            0.5306122303009033,
            0.5274725556373596,
            0.5384615659713745,
            0.535321831703186,
            0.5541601181030273,
            0.5494505763053894
        ],
        "val_loss": [
            0.7476648688316345,
            0.7489627599716187,
            0.7804983854293823,
            0.9123024344444275,
            1.0707372426986694,
            1.045777678489685,
            1.1244349479675293,
            1.1593977212905884,
            1.138230323791504,
            1.1631346940994263,
            1.3029497861862183
        ],
        "learning_rate": [
            0.0010000000474974513,
            0.0010000000474974513,
            0.0010000000474974513,
            0.0010000000474974513,
            0.0010000000474974513,
            0.0010000000474974513,
            0.0005000000237487257,
            0.0005000000237487257,
            0.0005000000237487257,
            0.0005000000237487257,
            0.0005000000237487257
        ]
    },
    "evaluation_metrics": {
        "accuracy": 0.44670846394984326,
        "precision": 0.5353672743637929,
        "recall": 0.44670846394984326,
        "f1": 0.41248980778284783,
        "classification_report": {
            "0": {
                "precision": 0.39307535641547864,
                "recall": 0.7782258064516129,
                "f1-score": 0.5223274695534507,
                "support": 248.0
            },
            "1": {
                "precision": 0.6258503401360545,
                "recall": 0.2358974358974359,
                "f1-score": 0.3426443202979516,
                "support": 390.0
            },
            "accuracy": 0.44670846394984326,
            "macro avg": {
                "precision": 0.5094628482757666,
                "recall": 0.5070616211745244,
                "f1-score": 0.4324858949257011,
                "support": 638.0
            },
            "weighted avg": {
                "precision": 0.5353672743637929,
                "recall": 0.44670846394984326,
                "f1-score": 0.41248980778284783,
                "support": 638.0
            }
        },
        "confusion_matrix": [
            [
                193,
                55
            ],
            [
                298,
                92
            ]
        ]
    }
}