{
    "timestamp": "2025-04-28 21:35:27",
    "training_history": {
        "accuracy": [
            0.5584340691566467,
            0.5925240516662598,
            0.6111111044883728,
            0.6350439786911011,
            0.6577432155609131,
            0.6797845363616943,
            0.7147791981697083,
            0.727855920791626,
            0.7419607043266296,
            0.7524878978729248,
            0.7575458288192749
        ],
        "loss": [
            0.7242894768714905,
            0.6851791143417358,
            0.6690238118171692,
            0.6525158882141113,
            0.6342822313308716,
            0.6136550307273865,
            0.5760854482650757,
            0.5586297512054443,
            0.5414279103279114,
            0.5331761240959167,
            0.5242152810096741
        ],
        "val_accuracy": [
            0.466734915971756,
            0.4728761613368988,
            0.45035824179649353,
            0.4360286593437195,
            0.4462640881538391,
            0.5537359118461609,
            0.48004093766212463,
            0.5271238684654236,
            0.4431934356689453,
            0.5087000727653503,
            0.5076765418052673
        ],
        "val_loss": [
            0.7617377042770386,
            0.8635903596878052,
            0.7701494097709656,
            1.5024983882904053,
            0.9283439517021179,
            0.7947262525558472,
            0.7742947340011597,
            0.7996942400932312,
            1.8958349227905273,
            0.9443613290786743,
            0.8217347264289856
        ],
        "learning_rate": [
            0.0010000000474974513,
            0.0010000000474974513,
            0.0010000000474974513,
            0.0010000000474974513,
            0.0010000000474974513,
            0.0010000000474974513,
            0.0005000000237487257,
            0.0005000000237487257,
            0.0005000000237487257,
            0.0005000000237487257,
            0.0005000000237487257
        ]
    },
    "evaluation_metrics": {
        "accuracy": 0.4723926380368098,
        "precision": 0.22315480447137642,
        "recall": 0.4723926380368098,
        "f1": 0.303118609406953,
        "classification_report": {
            "0": {
                "precision": 0.4723926380368098,
                "recall": 1.0,
                "f1-score": 0.6416666666666667,
                "support": 462.0
            },
            "1": {
                "precision": 0.0,
                "recall": 0.0,
                "f1-score": 0.0,
                "support": 516.0
            },
            "accuracy": 0.4723926380368098,
            "macro avg": {
                "precision": 0.2361963190184049,
                "recall": 0.5,
                "f1-score": 0.32083333333333336,
                "support": 978.0
            },
            "weighted avg": {
                "precision": 0.22315480447137642,
                "recall": 0.4723926380368098,
                "f1-score": 0.303118609406953,
                "support": 978.0
            }
        },
        "confusion_matrix": [
            [
                462,
                0
            ],
            [
                516,
                0
            ]
        ]
    }
}