{
    "timestamp": "2025-04-28 21:27:30",
    "training_history": {
        "accuracy": [
            0.5676114559173584,
            0.65485680103302,
            0.7102155089378357,
            0.7584883570671082,
            0.778860330581665,
            0.7989371418952942,
            0.8367286920547485,
            0.8448479771614075,
            0.8548863530158997,
            0.8674343228340149,
            0.8690581917762756
        ],
        "loss": [
            0.7474695444107056,
            0.6734110116958618,
            0.61027592420578,
            0.5539017915725708,
            0.5175377130508423,
            0.481968492269516,
            0.4323352873325348,
            0.4041441082954407,
            0.38838645815849304,
            0.3694942891597748,
            0.36579301953315735
        ],
        "val_accuracy": [
            0.4872727394104004,
            0.5127272605895996,
            0.5454545617103577,
            0.585454523563385,
            0.5672727227210999,
            0.589090883731842,
            0.5927272439002991,
            0.5963636636734009,
            0.6290909051895142,
            0.6000000238418579,
            0.589090883731842
        ],
        "val_loss": [
            0.7827132344245911,
            0.8030434250831604,
            0.8422020077705383,
            0.8753079175949097,
            0.8559597730636597,
            0.8701332807540894,
            0.9223725199699402,
            0.9523983597755432,
            0.9623278975486755,
            1.0456838607788086,
            0.9535118341445923
        ],
        "learning_rate": [
            0.0010000000474974513,
            0.0010000000474974513,
            0.0010000000474974513,
            0.0010000000474974513,
            0.0010000000474974513,
            0.0010000000474974513,
            0.0005000000237487257,
            0.0005000000237487257,
            0.0005000000237487257,
            0.0005000000237487257,
            0.0005000000237487257
        ]
    },
    "evaluation_metrics": {
        "accuracy": 0.44,
        "precision": 0.4341191822531536,
        "recall": 0.44,
        "f1": 0.4002352941176471,
        "classification_report": {
            "0": {
                "precision": 0.4449760765550239,
                "recall": 0.7099236641221374,
                "f1-score": 0.5470588235294117,
                "support": 131.0
            },
            "1": {
                "precision": 0.42424242424242425,
                "recall": 0.19444444444444445,
                "f1-score": 0.26666666666666666,
                "support": 144.0
            },
            "accuracy": 0.44,
            "macro avg": {
                "precision": 0.4346092503987241,
                "recall": 0.4521840542832909,
                "f1-score": 0.4068627450980392,
                "support": 275.0
            },
            "weighted avg": {
                "precision": 0.4341191822531536,
                "recall": 0.44,
                "f1-score": 0.4002352941176471,
                "support": 275.0
            }
        },
        "confusion_matrix": [
            [
                93,
                38
            ],
            [
                116,
                28
            ]
        ]
    }
}