{
    "timestamp": "2025-04-28 21:27:17",
    "training_history": {
        "accuracy": [
            0.6003804802894592,
            0.6865671873092651,
            0.7335382103919983,
            0.7737781405448914,
            0.7988001108169556,
            0.8134328126907349,
            0.8425519466400146,
            0.8583552837371826,
            0.8674275875091553,
            0.8690371513366699,
            0.8743049502372742
        ],
        "loss": [
            0.7298367023468018,
            0.6494661569595337,
            0.5912382006645203,
            0.5357956290245056,
            0.49288448691368103,
            0.4628174901008606,
            0.4107559323310852,
            0.38512536883354187,
            0.3676344156265259,
            0.36156365275382996,
            0.35081353783607483
        ],
        "val_accuracy": [
            0.47999998927116394,
            0.5709090828895569,
            0.5672727227210999,
            0.47999998927116394,
            0.4509090781211853,
            0.47999998927116394,
            0.44363635778427124,
            0.45818182826042175,
            0.4290909171104431,
            0.46909090876579285,
            0.5054545402526855
        ],
        "val_loss": [
            0.7735468149185181,
            0.7772236466407776,
            0.8246192336082458,
            0.8508244752883911,
            0.8915933966636658,
            1.0193891525268555,
            1.0256131887435913,
            1.0506058931350708,
            1.0959866046905518,
            1.1726374626159668,
            1.1455432176589966
        ],
        "learning_rate": [
            0.0010000000474974513,
            0.0010000000474974513,
            0.0010000000474974513,
            0.0010000000474974513,
            0.0010000000474974513,
            0.0010000000474974513,
            0.0005000000237487257,
            0.0005000000237487257,
            0.0005000000237487257,
            0.0005000000237487257,
            0.0005000000237487257
        ]
    },
    "evaluation_metrics": {
        "accuracy": 0.4690909090909091,
        "precision": 0.3863516146416283,
        "recall": 0.4690909090909091,
        "f1": 0.34368842663258903,
        "classification_report": {
            "0": {
                "precision": 0.4806201550387597,
                "recall": 0.9117647058823529,
                "f1-score": 0.6294416243654822,
                "support": 136.0
            },
            "1": {
                "precision": 0.29411764705882354,
                "recall": 0.03597122302158273,
                "f1-score": 0.0641025641025641,
                "support": 139.0
            },
            "accuracy": 0.4690909090909091,
            "macro avg": {
                "precision": 0.3873689010487916,
                "recall": 0.4738679644519678,
                "f1-score": 0.34677209423402316,
                "support": 275.0
            },
            "weighted avg": {
                "precision": 0.3863516146416283,
                "recall": 0.4690909090909091,
                "f1-score": 0.34368842663258903,
                "support": 275.0
            }
        },
        "confusion_matrix": [
            [
                124,
                12
            ],
            [
                134,
                5
            ]
        ]
    }
}