{
    "timestamp": "2025-04-28 21:35:44",
    "training_history": {
        "accuracy": [
            0.5784186720848083,
            0.6329661011695862,
            0.6831929087638855,
            0.7085763812065125,
            0.7360121011734009,
            0.7511341571807861,
            0.7786778807640076,
            0.8111903071403503,
            0.8171311020851135,
            0.8289047479629517,
            0.8360337018966675,
            0.8484553694725037
        ],
        "loss": [
            0.7391006350517273,
            0.6796648502349854,
            0.6266469955444336,
            0.5906456708908081,
            0.5515080690383911,
            0.5294660329818726,
            0.4939442574977875,
            0.4422471523284912,
            0.4261331558227539,
            0.4109058678150177,
            0.3932648003101349,
            0.3788739740848541
        ],
        "val_accuracy": [
            0.5072045922279358,
            0.5360230803489685,
            0.5417867302894592,
            0.4985590875148773,
            0.5129683017730713,
            0.5417867302894592,
            0.5504322648048401,
            0.5216138362884521,
            0.5187320113182068,
            0.5043227672576904,
            0.5072045922279358,
            0.5043227672576904
        ],
        "val_loss": [
            0.7915967702865601,
            0.7601161003112793,
            0.7884488105773926,
            0.8037908673286438,
            0.8374592661857605,
            0.8414434194564819,
            0.9822825789451599,
            0.9716482162475586,
            0.9835631847381592,
            1.0230050086975098,
            1.0050721168518066,
            1.0071295499801636
        ],
        "learning_rate": [
            0.0010000000474974513,
            0.0010000000474974513,
            0.0010000000474974513,
            0.0010000000474974513,
            0.0010000000474974513,
            0.0010000000474974513,
            0.0010000000474974513,
            0.0005000000237487257,
            0.0005000000237487257,
            0.0005000000237487257,
            0.0005000000237487257,
            0.0005000000237487257
        ]
    },
    "evaluation_metrics": {
        "accuracy": 0.5360230547550432,
        "precision": 0.6962008396795047,
        "recall": 0.5360230547550432,
        "f1": 0.4550243977040828,
        "classification_report": {
            "0": {
                "precision": 0.4967741935483871,
                "recall": 0.9685534591194969,
                "f1-score": 0.6567164179104478,
                "support": 159.0
            },
            "1": {
                "precision": 0.8648648648648649,
                "recall": 0.1702127659574468,
                "f1-score": 0.28444444444444444,
                "support": 188.0
            },
            "accuracy": 0.5360230547550432,
            "macro avg": {
                "precision": 0.680819529206626,
                "recall": 0.5693831125384718,
                "f1-score": 0.4705804311774461,
                "support": 347.0
            },
            "weighted avg": {
                "precision": 0.6962008396795047,
                "recall": 0.5360230547550432,
                "f1-score": 0.4550243977040828,
                "support": 347.0
            }
        },
        "confusion_matrix": [
            [
                154,
                5
            ],
            [
                156,
                32
            ]
        ]
    }
}