{
    "timestamp": "2025-04-28 22:02:10",
    "training_history": {
        "accuracy": [
            0.5142530798912048,
            0.5396801829338074,
            0.5716626644134521,
            0.6003674864768982,
            0.6276817917823792,
            0.6580254435539246,
            0.6987981796264648,
            0.7201529741287231,
            0.7298371195793152,
            0.7435439229011536,
            0.7554628252983093
        ],
        "loss": [
            0.7417193651199341,
            0.7070164084434509,
            0.6853523254394531,
            0.6653626561164856,
            0.6428977251052856,
            0.6197698712348938,
            0.5746384263038635,
            0.5533256530761719,
            0.5390352606773376,
            0.5215495824813843,
            0.5069800019264221
        ],
        "val_accuracy": [
            0.4147650897502899,
            0.536912739276886,
            0.5731543898582458,
            0.5476509928703308,
            0.5328859090805054,
            0.5073825716972351,
            0.5248321890830994,
            0.5221476554870605,
            0.5302013158798218,
            0.527516782283783,
            0.5382550358772278
        ],
        "val_loss": [
            0.7393969893455505,
            0.7582159638404846,
            0.8615708947181702,
            0.8852827548980713,
            0.9142668843269348,
            1.1932954788208008,
            1.0773327350616455,
            1.2172813415527344,
            1.2677538394927979,
            1.254460334777832,
            1.363373875617981
        ],
        "learning_rate": [
            0.0010000000474974513,
            0.0010000000474974513,
            0.0010000000474974513,
            0.0010000000474974513,
            0.0010000000474974513,
            0.0010000000474974513,
            0.0005000000237487257,
            0.0005000000237487257,
            0.0005000000237487257,
            0.0005000000237487257,
            0.0005000000237487257
        ]
    },
    "evaluation_metrics": {
        "accuracy": 0.4899328859060403,
        "precision": 0.4948894344307436,
        "recall": 0.4899328859060403,
        "f1": 0.35084959174384284,
        "classification_report": {
            "0": {
                "precision": 0.48956884561891517,
                "recall": 0.9643835616438357,
                "f1-score": 0.6494464944649446,
                "support": 365.0
            },
            "1": {
                "precision": 0.5,
                "recall": 0.034210526315789476,
                "f1-score": 0.06403940886699508,
                "support": 380.0
            },
            "accuracy": 0.4899328859060403,
            "macro avg": {
                "precision": 0.49478442280945756,
                "recall": 0.49929704397981256,
                "f1-score": 0.35674295166596987,
                "support": 745.0
            },
            "weighted avg": {
                "precision": 0.4948894344307436,
                "recall": 0.4899328859060403,
                "f1-score": 0.35084959174384284,
                "support": 745.0
            }
        },
        "confusion_matrix": [
            [
                352,
                13
            ],
            [
                367,
                13
            ]
        ]
    }
}