{
    "timestamp": "2025-04-28 21:37:30",
    "training_history": {
        "accuracy": [
            0.5220028758049011,
            0.5513572096824646,
            0.5818424820899963,
            0.6094489097595215,
            0.6308348774909973,
            0.6585955023765564,
            0.6798786520957947,
            0.7105696201324463,
            0.7220337390899658,
            0.7345260381698608,
            0.7407978773117065,
            0.7502570152282715
        ],
        "loss": [
            0.7327694296836853,
            0.699468195438385,
            0.6829355359077454,
            0.6676347255706787,
            0.6492264270782471,
            0.6245287656784058,
            0.6048260927200317,
            0.5610584616661072,
            0.5450092554092407,
            0.5293838381767273,
            0.5176782011985779,
            0.5044287443161011
        ],
        "val_accuracy": [
            0.42381560802459717,
            0.5467349290847778,
            0.42637643218040466,
            0.42381560802459717,
            0.43149808049201965,
            0.4225352108478546,
            0.4379001259803772,
            0.4250960350036621,
            0.4519846439361572,
            0.47375160455703735,
            0.4327784776687622,
            0.42125481367111206
        ],
        "val_loss": [
            0.9936782121658325,
            0.7289532423019409,
            0.7962473034858704,
            0.948658287525177,
            1.052262306213379,
            0.912666916847229,
            1.000307559967041,
            1.3261386156082153,
            0.9866558909416199,
            1.0039284229278564,
            1.065904974937439,
            1.7383716106414795
        ],
        "learning_rate": [
            0.0010000000474974513,
            0.0010000000474974513,
            0.0010000000474974513,
            0.0010000000474974513,
            0.0010000000474974513,
            0.0010000000474974513,
            0.0010000000474974513,
            0.0005000000237487257,
            0.0005000000237487257,
            0.0005000000237487257,
            0.0005000000237487257,
            0.0005000000237487257
        ]
    },
    "evaluation_metrics": {
        "accuracy": 0.4961636828644501,
        "precision": 0.48359326680373776,
        "recall": 0.4961636828644501,
        "f1": 0.34721708492222664,
        "classification_report": {
            "0": {
                "precision": 0.47058823529411764,
                "recall": 0.020356234096692113,
                "f1-score": 0.03902439024390244,
                "support": 393.0
            },
            "1": {
                "precision": 0.49673202614379086,
                "recall": 0.9768637532133676,
                "f1-score": 0.6585788561525131,
                "support": 389.0
            },
            "accuracy": 0.4961636828644501,
            "macro avg": {
                "precision": 0.48366013071895425,
                "recall": 0.49860999365502984,
                "f1-score": 0.3488016231982078,
                "support": 782.0
            },
            "weighted avg": {
                "precision": 0.48359326680373776,
                "recall": 0.4961636828644501,
                "f1-score": 0.34721708492222664,
                "support": 782.0
            }
        },
        "confusion_matrix": [
            [
                8,
                385
            ],
            [
                9,
                380
            ]
        ]
    }
}