{
    "timestamp": "2025-04-28 21:39:31",
    "training_history": {
        "accuracy": [
            0.5471333265304565,
            0.5759430527687073,
            0.5989192128181458,
            0.6315224170684814,
            0.657683789730072,
            0.6867081522941589,
            0.7059981226921082,
            0.7250375747680664,
            0.7585355639457703,
            0.7751771807670593,
            0.7783265113830566,
            0.791174590587616,
            0.7996922135353088
        ],
        "loss": [
            0.7370791435241699,
            0.6969203352928162,
            0.676550567150116,
            0.656358003616333,
            0.6309570074081421,
            0.6064067482948303,
            0.5881425142288208,
            0.5661798715591431,
            0.5220801830291748,
            0.5025073289871216,
            0.4873947501182556,
            0.47210410237312317,
            0.4627649188041687
        ],
        "val_accuracy": [
            0.5054545402526855,
            0.47545453906059265,
            0.47727271914482117,
            0.5009090900421143,
            0.5,
            0.48818182945251465,
            0.5063636302947998,
            0.46909090876579285,
            0.4918181896209717,
            0.48363634943962097,
            0.4763636291027069,
            0.4790908992290497,
            0.47363635897636414
        ],
        "val_loss": [
            0.8147522211074829,
            0.7623221278190613,
            0.7618607878684998,
            0.8184727430343628,
            0.8408933281898499,
            0.8537924289703369,
            0.8748332858085632,
            1.0060523748397827,
            1.0719672441482544,
            1.217212438583374,
            1.1307021379470825,
            1.1707046031951904,
            1.1212996244430542
        ],
        "learning_rate": [
            0.0010000000474974513,
            0.0010000000474974513,
            0.0010000000474974513,
            0.0010000000474974513,
            0.0010000000474974513,
            0.0010000000474974513,
            0.0010000000474974513,
            0.0010000000474974513,
            0.0005000000237487257,
            0.0005000000237487257,
            0.0005000000237487257,
            0.0005000000237487257,
            0.0005000000237487257
        ]
    },
    "evaluation_metrics": {
        "accuracy": 0.5627272727272727,
        "precision": 0.5522503461149906,
        "recall": 0.5627272727272727,
        "f1": 0.5546274180351132,
        "classification_report": {
            "0": {
                "precision": 0.46684350132625996,
                "recall": 0.38596491228070173,
                "f1-score": 0.4225690276110444,
                "support": 456.0
            },
            "1": {
                "precision": 0.6127247579529738,
                "recall": 0.687888198757764,
                "f1-score": 0.6481346013167519,
                "support": 644.0
            },
            "accuracy": 0.5627272727272727,
            "macro avg": {
                "precision": 0.5397841296396169,
                "recall": 0.5369265555192329,
                "f1-score": 0.5353518144638982,
                "support": 1100.0
            },
            "weighted avg": {
                "precision": 0.5522503461149906,
                "recall": 0.5627272727272727,
                "f1-score": 0.5546274180351132,
                "support": 1100.0
            }
        },
        "confusion_matrix": [
            [
                176,
                280
            ],
            [
                201,
                443
            ]
        ]
    }
}