{
    "timestamp": "2025-04-28 21:38:13",
    "training_history": {
        "accuracy": [
            0.5363178849220276,
            0.5761237144470215,
            0.6139878034591675,
            0.6554117202758789,
            0.683890700340271,
            0.7097087502479553,
            0.7411362528800964,
            0.7597986459732056,
            0.7737144827842712,
            0.7832434177398682,
            0.7927724123001099
        ],
        "loss": [
            0.7418181300163269,
            0.6974126100540161,
            0.6678599715232849,
            0.6355320811271667,
            0.6077862977981567,
            0.5823200345039368,
            0.5332127213478088,
            0.5120536088943481,
            0.4943268299102783,
            0.4803365170955658,
            0.46706557273864746
        ],
        "val_accuracy": [
            0.49864497780799866,
            0.4932249188423157,
            0.4968383014202118,
            0.4905149042606354,
            0.5112918019294739,
            0.4950316250324249,
            0.48148149251937866,
            0.4905149042606354,
            0.4932249188423157,
            0.5022583603858948,
            0.49864497780799866
        ],
        "val_loss": [
            0.7492130994796753,
            0.758662760257721,
            0.7970093488693237,
            0.8292158246040344,
            0.86607825756073,
            0.8936145901679993,
            0.9517128467559814,
            1.008614420890808,
            1.0029700994491577,
            1.106419563293457,
            1.0589499473571777
        ],
        "learning_rate": [
            0.0010000000474974513,
            0.0010000000474974513,
            0.0010000000474974513,
            0.0010000000474974513,
            0.0010000000474974513,
            0.0010000000474974513,
            0.0005000000237487257,
            0.0005000000237487257,
            0.0005000000237487257,
            0.0005000000237487257,
            0.0005000000237487257
        ]
    },
    "evaluation_metrics": {
        "accuracy": 0.5315884476534296,
        "precision": 0.47995717508242997,
        "recall": 0.5315884476534296,
        "f1": 0.4317880288315186,
        "classification_report": {
            "0": {
                "precision": 0.4020618556701031,
                "recall": 0.078,
                "f1-score": 0.13065326633165827,
                "support": 500.0
            },
            "1": {
                "precision": 0.5440158259149357,
                "recall": 0.9046052631578947,
                "f1-score": 0.679431747992588,
                "support": 608.0
            },
            "accuracy": 0.5315884476534296,
            "macro avg": {
                "precision": 0.4730388407925194,
                "recall": 0.4913026315789473,
                "f1-score": 0.40504250716212314,
                "support": 1108.0
            },
            "weighted avg": {
                "precision": 0.47995717508242997,
                "recall": 0.5315884476534296,
                "f1-score": 0.4317880288315186,
                "support": 1108.0
            }
        },
        "confusion_matrix": [
            [
                39,
                461
            ],
            [
                58,
                550
            ]
        ]
    }
}