{
    "timestamp": "2025-04-28 21:38:41",
    "training_history": {
        "accuracy": [
            0.5539079904556274,
            0.6268617510795593,
            0.6828786134719849,
            0.7184658050537109,
            0.7566890716552734,
            0.7813364863395691,
            0.8007117509841919,
            0.8157374262809753,
            0.8492157459259033,
            0.8585079908370972,
            0.8685250878334045,
            0.8726769685745239,
            0.876367449760437
        ],
        "loss": [
            0.7404710054397583,
            0.6761102676391602,
            0.6280789971351624,
            0.587732195854187,
            0.5442290902137756,
            0.5069686770439148,
            0.47995346784591675,
            0.4506034255027771,
            0.39794838428497314,
            0.37989380955696106,
            0.3583739697933197,
            0.353311151266098,
            0.3377143144607544
        ],
        "val_accuracy": [
            0.419834703207016,
            0.4264462888240814,
            0.4280991852283478,
            0.4429751932621002,
            0.44958677887916565,
            0.4280991852283478,
            0.4429751932621002,
            0.4446280896663666,
            0.5355371832847595,
            0.45289257168769836,
            0.4760330617427826,
            0.484297513961792,
            0.5074380040168762
        ],
        "val_loss": [
            0.9532416462898254,
            0.9826250672340393,
            0.8511462211608887,
            0.945193350315094,
            1.05133056640625,
            1.3115321397781372,
            1.2290836572647095,
            1.4159153699874878,
            0.9445121884346008,
            1.1024870872497559,
            1.1656874418258667,
            1.3112399578094482,
            1.0290263891220093
        ],
        "learning_rate": [
            0.0010000000474974513,
            0.0010000000474974513,
            0.0010000000474974513,
            0.0010000000474974513,
            0.0010000000474974513,
            0.0010000000474974513,
            0.0010000000474974513,
            0.0010000000474974513,
            0.0005000000237487257,
            0.0005000000237487257,
            0.0005000000237487257,
            0.0005000000237487257,
            0.0005000000237487257
        ]
    },
    "evaluation_metrics": {
        "accuracy": 0.5297029702970297,
        "precision": 0.5075462245019683,
        "recall": 0.5297029702970297,
        "f1": 0.4000500750007265,
        "classification_report": {
            "0": {
                "precision": 0.53184165232358,
                "recall": 0.9596273291925466,
                "f1-score": 0.6843853820598006,
                "support": 322.0
            },
            "1": {
                "precision": 0.48,
                "recall": 0.04225352112676056,
                "f1-score": 0.07766990291262137,
                "support": 284.0
            },
            "accuracy": 0.5297029702970297,
            "macro avg": {
                "precision": 0.50592082616179,
                "recall": 0.5009404251596535,
                "f1-score": 0.38102764248621096,
                "support": 606.0
            },
            "weighted avg": {
                "precision": 0.5075462245019683,
                "recall": 0.5297029702970297,
                "f1-score": 0.4000500750007265,
                "support": 606.0
            }
        },
        "confusion_matrix": [
            [
                309,
                13
            ],
            [
                272,
                12
            ]
        ]
    }
}