{
    "timestamp": "2025-04-28 21:40:13",
    "training_history": {
        "accuracy": [
            0.5303890109062195,
            0.5644789934158325,
            0.6038736701011658,
            0.6465992331504822,
            0.6797022819519043,
            0.7075006365776062,
            0.7347232699394226,
            0.7725552916526794,
            0.787647008895874,
            0.797886312007904,
            0.8068509101867676,
            0.8151574730873108
        ],
        "loss": [
            0.7371262907981873,
            0.6961818337440491,
            0.6741980314254761,
            0.6457500457763672,
            0.61418616771698,
            0.5889384150505066,
            0.557945966720581,
            0.5069572925567627,
            0.484573096036911,
            0.46725451946258545,
            0.4533441364765167,
            0.4409189820289612
        ],
        "val_accuracy": [
            0.42411643266677856,
            0.4771309792995453,
            0.5062370300292969,
            0.4979209899902344,
            0.487525999546051,
            0.4916839897632599,
            0.469854474067688,
            0.4927234947681427,
            0.5093554854393005,
            0.5020790100097656,
            0.49688148498535156,
            0.49584200978279114
        ],
        "val_loss": [
            0.8067815899848938,
            0.797603189945221,
            0.8011937737464905,
            0.9468742609024048,
            1.0136319398880005,
            0.9333707094192505,
            1.4372730255126953,
            1.1929694414138794,
            1.250490665435791,
            1.2358323335647583,
            1.4147589206695557,
            1.2625943422317505
        ],
        "learning_rate": [
            0.0010000000474974513,
            0.0010000000474974513,
            0.0010000000474974513,
            0.0010000000474974513,
            0.0010000000474974513,
            0.0010000000474974513,
            0.0010000000474974513,
            0.0005000000237487257,
            0.0005000000237487257,
            0.0005000000237487257,
            0.0005000000237487257,
            0.0005000000237487257
        ]
    },
    "evaluation_metrics": {
        "accuracy": 0.5005192107995846,
        "precision": 0.5100286237028561,
        "recall": 0.5005192107995846,
        "f1": 0.4948761623203159,
        "classification_report": {
            "0": {
                "precision": 0.4744897959183674,
                "recall": 0.6186252771618626,
                "f1-score": 0.5370548604427334,
                "support": 451.0
            },
            "1": {
                "precision": 0.5413333333333333,
                "recall": 0.396484375,
                "f1-score": 0.4577226606538895,
                "support": 512.0
            },
            "accuracy": 0.5005192107995846,
            "macro avg": {
                "precision": 0.5079115646258503,
                "recall": 0.5075548260809313,
                "f1-score": 0.4973887605483115,
                "support": 963.0
            },
            "weighted avg": {
                "precision": 0.5100286237028561,
                "recall": 0.5005192107995846,
                "f1-score": 0.4948761623203159,
                "support": 963.0
            }
        },
        "confusion_matrix": [
            [
                279,
                172
            ],
            [
                309,
                203
            ]
        ]
    }
}