{
    "timestamp": "2025-04-28 21:36:15",
    "training_history": {
        "accuracy": [
            0.5554378628730774,
            0.5867130756378174,
            0.6057808995246887,
            0.6358959078788757,
            0.6592513918876648,
            0.6849273443222046,
            0.7296711206436157,
            0.7428874373435974,
            0.757364809513092,
            0.7728511095046997,
            0.7825867533683777
        ],
        "loss": [
            0.7355493903160095,
            0.6918942332267761,
            0.6727601885795593,
            0.6505165696144104,
            0.6308411955833435,
            0.606085479259491,
            0.5552276372909546,
            0.5375125408172607,
            0.5183921456336975,
            0.500852644443512,
            0.4875968098640442
        ],
        "val_accuracy": [
            0.46675190329551697,
            0.4629155993461609,
            0.5102301836013794,
            0.4693094491958618,
            0.4948849081993103,
            0.4936061501502991,
            0.44501277804374695,
            0.4335038363933563,
            0.4897698163986206,
            0.4590792953968048,
            0.5242967009544373
        ],
        "val_loss": [
            0.7385307550430298,
            0.784159779548645,
            0.7670867443084717,
            0.9134438037872314,
            0.7844974994659424,
            0.8466252088546753,
            0.9094105362892151,
            0.8887524008750916,
            0.8702037334442139,
            0.8346740007400513,
            0.8092196583747864
        ],
        "learning_rate": [
            0.0010000000474974513,
            0.0010000000474974513,
            0.0010000000474974513,
            0.0010000000474974513,
            0.0010000000474974513,
            0.0010000000474974513,
            0.0005000000237487257,
            0.0005000000237487257,
            0.0005000000237487257,
            0.0005000000237487257,
            0.0005000000237487257
        ]
    },
    "evaluation_metrics": {
        "accuracy": 0.4342273307790549,
        "precision": 0.6415611959801305,
        "recall": 0.4342273307790549,
        "f1": 0.26949940569781633,
        "classification_report": {
            "0": {
                "precision": 0.4318766066838046,
                "recall": 0.9970326409495549,
                "f1-score": 0.6026905829596412,
                "support": 337.0
            },
            "1": {
                "precision": 0.8,
                "recall": 0.008968609865470852,
                "f1-score": 0.017738359201773836,
                "support": 446.0
            },
            "accuracy": 0.4342273307790549,
            "macro avg": {
                "precision": 0.6159383033419024,
                "recall": 0.5030006254075129,
                "f1-score": 0.3102144710807075,
                "support": 783.0
            },
            "weighted avg": {
                "precision": 0.6415611959801305,
                "recall": 0.4342273307790549,
                "f1-score": 0.26949940569781633,
                "support": 783.0
            }
        },
        "confusion_matrix": [
            [
                336,
                1
            ],
            [
                442,
                4
            ]
        ]
    }
}