{
    "timestamp": "2025-04-28 21:40:19",
    "training_history": {
        "accuracy": [
            0.6205074191093445,
            0.7241014838218689,
            0.772022545337677,
            0.8023256063461304,
            0.83439040184021,
            0.8449612259864807,
            0.8727977275848389,
            0.8847780227661133,
            0.8886539936065674,
            0.9013389945030212,
            0.9023960828781128
        ],
        "loss": [
            0.7233126163482666,
            0.6036189198493958,
            0.5370577573776245,
            0.4934559464454651,
            0.4389432370662689,
            0.4168608784675598,
            0.3723770081996918,
            0.3495213985443115,
            0.3359091877937317,
            0.3147938847541809,
            0.303743839263916
        ],
        "val_accuracy": [
            0.4571428596973419,
            0.4571428596973419,
            0.523809552192688,
            0.4476190507411957,
            0.4285714328289032,
            0.4476190507411957,
            0.4476190507411957,
            0.4285714328289032,
            0.41904762387275696,
            0.4476190507411957,
            0.46666666865348816
        ],
        "val_loss": [
            0.8546748757362366,
            1.1039248704910278,
            1.0643867254257202,
            1.2063313722610474,
            1.568930745124817,
            1.4878979921340942,
            1.2927963733673096,
            1.3918464183807373,
            1.5617111921310425,
            1.6370854377746582,
            1.49709153175354
        ],
        "learning_rate": [
            0.0010000000474974513,
            0.0010000000474974513,
            0.0010000000474974513,
            0.0010000000474974513,
            0.0010000000474974513,
            0.0010000000474974513,
            0.0005000000237487257,
            0.0005000000237487257,
            0.0005000000237487257,
            0.0005000000237487257,
            0.0005000000237487257
        ]
    },
    "evaluation_metrics": {
        "accuracy": 0.638095238095238,
        "precision": 0.6397813739149074,
        "recall": 0.638095238095238,
        "f1": 0.635174510009433,
        "classification_report": {
            "0": {
                "precision": 0.6511627906976745,
                "recall": 0.5490196078431373,
                "f1-score": 0.5957446808510639,
                "support": 51.0
            },
            "1": {
                "precision": 0.6290322580645161,
                "recall": 0.7222222222222222,
                "f1-score": 0.6724137931034483,
                "support": 54.0
            },
            "accuracy": 0.638095238095238,
            "macro avg": {
                "precision": 0.6400975243810954,
                "recall": 0.6356209150326797,
                "f1-score": 0.6340792369772561,
                "support": 105.0
            },
            "weighted avg": {
                "precision": 0.6397813739149074,
                "recall": 0.638095238095238,
                "f1-score": 0.635174510009433,
                "support": 105.0
            }
        },
        "confusion_matrix": [
            [
                28,
                23
            ],
            [
                15,
                39
            ]
        ]
    }
}