{
    "timestamp": "2025-04-28 21:36:57",
    "training_history": {
        "accuracy": [
            0.5208804607391357,
            0.5536710619926453,
            0.5777551531791687,
            0.6006332039833069,
            0.6319161653518677,
            0.6572064161300659,
            0.6942560076713562,
            0.714005708694458,
            0.7265565991401672,
            0.7380898594856262,
            0.7496607899665833
        ],
        "loss": [
            0.7378486394882202,
            0.7022122740745544,
            0.6884555220603943,
            0.6732230186462402,
            0.6525146961212158,
            0.631430447101593,
            0.5913760662078857,
            0.5684351921081543,
            0.5542944669723511,
            0.539103090763092,
            0.5310088992118835
        ],
        "val_accuracy": [
            0.5234082341194153,
            0.5102996230125427,
            0.5177902579307556,
            0.48689138889312744,
            0.5018726587295532,
            0.5234082341194153,
            0.5224719047546387,
            0.49531835317611694,
            0.5243445634841919,
            0.5196629166603088,
            0.5393258333206177
        ],
        "val_loss": [
            0.7503950595855713,
            0.8899223208427429,
            0.8668419122695923,
            0.8474655151367188,
            0.9160279035568237,
            0.9399690628051758,
            1.1117584705352783,
            1.1093353033065796,
            1.0692849159240723,
            1.4290732145309448,
            1.1810070276260376
        ],
        "learning_rate": [
            0.0010000000474974513,
            0.0010000000474974513,
            0.0010000000474974513,
            0.0010000000474974513,
            0.0010000000474974513,
            0.0010000000474974513,
            0.0005000000237487257,
            0.0005000000237487257,
            0.0005000000237487257,
            0.0005000000237487257,
            0.0005000000237487257
        ]
    },
    "evaluation_metrics": {
        "accuracy": 0.5219831618334893,
        "precision": 0.5590457799058354,
        "recall": 0.5219831618334893,
        "f1": 0.43853408054878434,
        "classification_report": {
            "0": {
                "precision": 0.6065573770491803,
                "recall": 0.1378026070763501,
                "f1-score": 0.22458270106221548,
                "support": 537.0
            },
            "1": {
                "precision": 0.5110876451953538,
                "recall": 0.9097744360902256,
                "f1-score": 0.6544962812711292,
                "support": 532.0
            },
            "accuracy": 0.5219831618334893,
            "macro avg": {
                "precision": 0.5588225111222671,
                "recall": 0.5237885215832878,
                "f1-score": 0.43953949116667235,
                "support": 1069.0
            },
            "weighted avg": {
                "precision": 0.5590457799058354,
                "recall": 0.5219831618334893,
                "f1-score": 0.43853408054878434,
                "support": 1069.0
            }
        },
        "confusion_matrix": [
            [
                74,
                463
            ],
            [
                48,
                484
            ]
        ]
    }
}