{
    "timestamp": "2025-04-28 21:41:56",
    "training_history": {
        "accuracy": [
            0.583763837814331,
            0.676506757736206,
            0.7425584197044373,
            0.7806888222694397,
            0.8081181049346924,
            0.8303812742233276,
            0.8584255576133728,
            0.8696187138557434,
            0.8745387196540833,
            0.8851168751716614,
            0.8926199078559875
        ],
        "loss": [
            0.7371506690979004,
            0.6559569239616394,
            0.5807286500930786,
            0.5278931260108948,
            0.4829770624637604,
            0.44827800989151,
            0.3987681269645691,
            0.373587429523468,
            0.3696686625480652,
            0.3421986699104309,
            0.3289829194545746
        ],
        "val_accuracy": [
            0.43624159693717957,
            0.48322147130966187,
            0.5268456339836121,
            0.5,
            0.5503355860710144,
            0.5604026913642883,
            0.5302013158798218,
            0.5469798445701599,
            0.5503355860710144,
            0.5838926434516907,
            0.5536912679672241
        ],
        "val_loss": [
            0.82303786277771,
            0.9990518093109131,
            0.8703624606132507,
            1.027658462524414,
            0.9891969561576843,
            1.1374062299728394,
            1.1857078075408936,
            1.0515756607055664,
            1.2317570447921753,
            1.2146310806274414,
            1.3926573991775513
        ],
        "learning_rate": [
            0.0010000000474974513,
            0.0010000000474974513,
            0.0010000000474974513,
            0.0010000000474974513,
            0.0010000000474974513,
            0.0010000000474974513,
            0.0005000000237487257,
            0.0005000000237487257,
            0.0005000000237487257,
            0.0005000000237487257,
            0.0005000000237487257
        ]
    },
    "evaluation_metrics": {
        "accuracy": 0.49328859060402686,
        "precision": 0.4872520360482924,
        "recall": 0.49328859060402686,
        "f1": 0.48421290036818004,
        "classification_report": {
            "0": {
                "precision": 0.5132275132275133,
                "recall": 0.6217948717948718,
                "f1-score": 0.5623188405797102,
                "support": 156.0
            },
            "1": {
                "precision": 0.45871559633027525,
                "recall": 0.352112676056338,
                "f1-score": 0.39840637450199207,
                "support": 142.0
            },
            "accuracy": 0.49328859060402686,
            "macro avg": {
                "precision": 0.48597155477889425,
                "recall": 0.4869537739256049,
                "f1-score": 0.48036260754085114,
                "support": 298.0
            },
            "weighted avg": {
                "precision": 0.4872520360482924,
                "recall": 0.49328859060402686,
                "f1-score": 0.48421290036818004,
                "support": 298.0
            }
        },
        "confusion_matrix": [
            [
                97,
                59
            ],
            [
                92,
                50
            ]
        ]
    }
}