{
    "timestamp": "2025-04-28 21:42:16",
    "training_history": {
        "accuracy": [
            0.5374913215637207,
            0.5984690189361572,
            0.6375260949134827,
            0.6753653287887573,
            0.7107689380645752,
            0.7307758927345276,
            0.7807063460350037,
            0.7903618812561035,
            0.800626277923584,
            0.8095859289169312,
            0.8147181868553162
        ],
        "loss": [
            0.755959689617157,
            0.7007995247840881,
            0.6560387015342712,
            0.6172232031822205,
            0.5789844393730164,
            0.5547611117362976,
            0.4905579388141632,
            0.475787490606308,
            0.4653613269329071,
            0.4476071894168854,
            0.43700605630874634
        ],
        "val_accuracy": [
            0.5043103694915771,
            0.4978448152542114,
            0.4698275923728943,
            0.45043104887008667,
            0.47413793206214905,
            0.4698275923728943,
            0.46336206793785095,
            0.49353447556495667,
            0.49353447556495667,
            0.5,
            0.5021551847457886
        ],
        "val_loss": [
            0.7579006552696228,
            0.7743420600891113,
            0.8369006514549255,
            0.931769073009491,
            1.0729902982711792,
            1.1021220684051514,
            1.168707013130188,
            1.2569208145141602,
            1.2430486679077148,
            1.3199046850204468,
            1.336298942565918
        ],
        "learning_rate": [
            0.0010000000474974513,
            0.0010000000474974513,
            0.0010000000474974513,
            0.0010000000474974513,
            0.0010000000474974513,
            0.0010000000474974513,
            0.0005000000237487257,
            0.0005000000237487257,
            0.0005000000237487257,
            0.0005000000237487257,
            0.0005000000237487257
        ]
    },
    "evaluation_metrics": {
        "accuracy": 0.443010752688172,
        "precision": 0.45600065003656454,
        "recall": 0.443010752688172,
        "f1": 0.3675735547083684,
        "classification_report": {
            "0": {
                "precision": 0.47058823529411764,
                "recall": 0.12549019607843137,
                "f1-score": 0.19814241486068113,
                "support": 255.0
            },
            "1": {
                "precision": 0.43828715365239296,
                "recall": 0.8285714285714286,
                "f1-score": 0.5733113673805601,
                "support": 210.0
            },
            "accuracy": 0.443010752688172,
            "macro avg": {
                "precision": 0.4544376944732553,
                "recall": 0.47703081232493,
                "f1-score": 0.38572689112062064,
                "support": 465.0
            },
            "weighted avg": {
                "precision": 0.45600065003656454,
                "recall": 0.443010752688172,
                "f1-score": 0.3675735547083684,
                "support": 465.0
            }
        },
        "confusion_matrix": [
            [
                32,
                223
            ],
            [
                36,
                174
            ]
        ]
    }
}