{
    "timestamp": "2025-04-28 21:43:58",
    "training_history": {
        "accuracy": [
            0.5916457176208496,
            0.6412405967712402,
            0.6803576350212097,
            0.7148644924163818,
            0.753422737121582,
            0.7802459001541138,
            0.8169879913330078,
            0.8373847603797913,
            0.8477228283882141,
            0.8563844561576843,
            0.8643475770950317
        ],
        "loss": [
            0.7363637089729309,
            0.6842462420463562,
            0.6410985589027405,
            0.5951876044273376,
            0.5485015511512756,
            0.5033984184265137,
            0.4469219148159027,
            0.4169004261493683,
            0.4001176059246063,
            0.38683202862739563,
            0.3704921305179596
        ],
        "val_accuracy": [
            0.5590550899505615,
            0.4763779640197754,
            0.4724409580230713,
            0.5157480239868164,
            0.5039370059967041,
            0.4527558982372284,
            0.4566929042339325,
            0.4763779640197754,
            0.4881889820098877,
            0.4842519760131836,
            0.5
        ],
        "val_loss": [
            0.7533043622970581,
            0.80681973695755,
            0.8695164322853088,
            0.8853970766067505,
            0.9545129537582397,
            1.0526976585388184,
            1.1198534965515137,
            1.1973899602890015,
            1.2030645608901978,
            1.4154106378555298,
            1.4052430391311646
        ],
        "learning_rate": [
            0.0010000000474974513,
            0.0010000000474974513,
            0.0010000000474974513,
            0.0010000000474974513,
            0.0010000000474974513,
            0.0010000000474974513,
            0.0005000000237487257,
            0.0005000000237487257,
            0.0005000000237487257,
            0.0005000000237487257,
            0.0005000000237487257
        ]
    },
    "evaluation_metrics": {
        "accuracy": 0.5019607843137255,
        "precision": 0.4982205960534134,
        "recall": 0.5019607843137255,
        "f1": 0.46061356712936335,
        "classification_report": {
            "0": {
                "precision": 0.49122807017543857,
                "recall": 0.2222222222222222,
                "f1-score": 0.30601092896174864,
                "support": 126.0
            },
            "1": {
                "precision": 0.5050505050505051,
                "recall": 0.7751937984496124,
                "f1-score": 0.6116207951070336,
                "support": 129.0
            },
            "accuracy": 0.5019607843137255,
            "macro avg": {
                "precision": 0.4981392876129718,
                "recall": 0.49870801033591733,
                "f1-score": 0.4588158620343911,
                "support": 255.0
            },
            "weighted avg": {
                "precision": 0.4982205960534134,
                "recall": 0.5019607843137255,
                "f1-score": 0.46061356712936335,
                "support": 255.0
            }
        },
        "confusion_matrix": [
            [
                28,
                98
            ],
            [
                29,
                100
            ]
        ]
    }
}