{
    "timestamp": "2025-04-28 21:43:45",
    "training_history": {
        "accuracy": [
            0.5365844368934631,
            0.5824410319328308,
            0.6265518069267273,
            0.6642225384712219,
            0.6963454484939575,
            0.7178770899772644,
            0.7570608258247375,
            0.7732386589050293,
            0.7823944687843323,
            0.7916278839111328,
            0.8019475340843201
        ],
        "loss": [
            0.728987991809845,
            0.6899204254150391,
            0.6614532470703125,
            0.6279545426368713,
            0.5996324419975281,
            0.5777359008789062,
            0.5287031531333923,
            0.5062769055366516,
            0.4937770664691925,
            0.480429083108902,
            0.4643010199069977
        ],
        "val_accuracy": [
            0.60665363073349,
            0.6046966910362244,
            0.4716242551803589,
            0.5459882616996765,
            0.5244618654251099,
            0.5616438388824463,
            0.5205479264259338,
            0.5557730197906494,
            0.5508806109428406,
            0.548923671245575,
            0.5861057043075562
        ],
        "val_loss": [
            0.7349945306777954,
            0.7464737892150879,
            0.8055471777915955,
            0.7867480516433716,
            0.7702804207801819,
            0.8355398178100586,
            0.830955445766449,
            0.8700609803199768,
            0.9981780648231506,
            0.9483724236488342,
            0.958547830581665
        ],
        "learning_rate": [
            0.0010000000474974513,
            0.0010000000474974513,
            0.0010000000474974513,
            0.0010000000474974513,
            0.0010000000474974513,
            0.0010000000474974513,
            0.0005000000237487257,
            0.0005000000237487257,
            0.0005000000237487257,
            0.0005000000237487257,
            0.0005000000237487257
        ]
    },
    "evaluation_metrics": {
        "accuracy": 0.5640273704789834,
        "precision": 0.3181268746494364,
        "recall": 0.5640273704789834,
        "f1": 0.4068047409579668,
        "classification_report": {
            "0": {
                "precision": 0.0,
                "recall": 0.0,
                "f1-score": 0.0,
                "support": 446.0
            },
            "1": {
                "precision": 0.5640273704789834,
                "recall": 1.0,
                "f1-score": 0.7212500000000001,
                "support": 577.0
            },
            "accuracy": 0.5640273704789834,
            "macro avg": {
                "precision": 0.2820136852394917,
                "recall": 0.5,
                "f1-score": 0.36062500000000003,
                "support": 1023.0
            },
            "weighted avg": {
                "precision": 0.3181268746494364,
                "recall": 0.5640273704789834,
                "f1-score": 0.4068047409579668,
                "support": 1023.0
            }
        },
        "confusion_matrix": [
            [
                0,
                446
            ],
            [
                0,
                577
            ]
        ]
    }
}