{
    "timestamp": "2025-04-28 21:41:07",
    "training_history": {
        "accuracy": [
            0.5227747559547424,
            0.5539819598197937,
            0.59243243932724,
            0.6254054307937622,
            0.655819833278656,
            0.6874954700469971,
            0.7104144096374512,
            0.7504864931106567,
            0.7663423418998718,
            0.7788468599319458,
            0.7928288578987122,
            0.7988829016685486
        ],
        "loss": [
            0.7355968356132507,
            0.6973561644554138,
            0.6797084808349609,
            0.6582390666007996,
            0.6328243017196655,
            0.6066204905509949,
            0.5795510411262512,
            0.5330619812011719,
            0.5110375881195068,
            0.4923325479030609,
            0.4791209399700165,
            0.466415673494339
        ],
        "val_accuracy": [
            0.4788478910923004,
            0.42574256658554077,
            0.44644463062286377,
            0.43294328451156616,
            0.42574256658554077,
            0.43294328451156616,
            0.44644463062286377,
            0.45634564757347107,
            0.45004501938819885,
            0.4455445408821106,
            0.44374436140060425,
            0.4581458270549774
        ],
        "val_loss": [
            0.786817193031311,
            0.738789975643158,
            0.8317880034446716,
            0.865318238735199,
            0.8550467491149902,
            0.7695594429969788,
            0.9212116003036499,
            0.8249382376670837,
            0.8401729464530945,
            0.8445549607276917,
            0.977839469909668,
            0.905064046382904
        ],
        "learning_rate": [
            0.0010000000474974513,
            0.0010000000474974513,
            0.0010000000474974513,
            0.0010000000474974513,
            0.0010000000474974513,
            0.0010000000474974513,
            0.0010000000474974513,
            0.0005000000237487257,
            0.0005000000237487257,
            0.0005000000237487257,
            0.0005000000237487257,
            0.0005000000237487257
        ]
    },
    "evaluation_metrics": {
        "accuracy": 0.4712230215827338,
        "precision": 0.5744962190752357,
        "recall": 0.4712230215827338,
        "f1": 0.30444775737438673,
        "classification_report": {
            "0": {
                "precision": 0.47069431920649235,
                "recall": 0.9980879541108987,
                "f1-score": 0.6397058823529412,
                "support": 523.0
            },
            "1": {
                "precision": 0.6666666666666666,
                "recall": 0.003395585738539898,
                "f1-score": 0.006756756756756756,
                "support": 589.0
            },
            "accuracy": 0.4712230215827338,
            "macro avg": {
                "precision": 0.5686804929365795,
                "recall": 0.5007417699247193,
                "f1-score": 0.323231319554849,
                "support": 1112.0
            },
            "weighted avg": {
                "precision": 0.5744962190752357,
                "recall": 0.4712230215827338,
                "f1-score": 0.30444775737438673,
                "support": 1112.0
            }
        },
        "confusion_matrix": [
            [
                522,
                1
            ],
            [
                587,
                2
            ]
        ]
    }
}