{
    "timestamp": "2025-04-28 21:47:42",
    "training_history": {
        "accuracy": [
            0.5172669887542725,
            0.5481495261192322,
            0.5741118788719177,
            0.6011263728141785,
            0.6219210028648376,
            0.6372694373130798,
            0.6631389856338501,
            0.6773424744606018,
            0.6898750066757202,
            0.69949871301651,
            0.7086272835731506
        ],
        "loss": [
            0.7271923422813416,
            0.6964945197105408,
            0.6839890480041504,
            0.6702280640602112,
            0.655447244644165,
            0.6412602663040161,
            0.6156336069107056,
            0.6012060642242432,
            0.5886102318763733,
            0.5779367089271545,
            0.5700408816337585
        ],
        "val_accuracy": [
            0.5122137665748596,
            0.4977099299430847,
            0.46183204650878906,
            0.45877861976623535,
            0.45648854970932007,
            0.45877861976623535,
            0.4572519063949585,
            0.4435114562511444,
            0.448091596364975,
            0.4687022864818573,
            0.44961830973625183
        ],
        "val_loss": [
            0.7299519181251526,
            0.7881577610969543,
            0.8095294237136841,
            0.8851569890975952,
            1.0477938652038574,
            1.0839589834213257,
            1.2294740676879883,
            1.2254678010940552,
            1.351400375366211,
            1.4352891445159912,
            1.4988977909088135
        ],
        "learning_rate": [
            0.0010000000474974513,
            0.0010000000474974513,
            0.0010000000474974513,
            0.0010000000474974513,
            0.0010000000474974513,
            0.0010000000474974513,
            0.0005000000237487257,
            0.0005000000237487257,
            0.0005000000237487257,
            0.0005000000237487257,
            0.0005000000237487257
        ]
    },
    "evaluation_metrics": {
        "accuracy": 0.4431731502669718,
        "precision": 0.42553867425670006,
        "recall": 0.4431731502669718,
        "f1": 0.3708520831336743,
        "classification_report": {
            "0": {
                "precision": 0.4506787330316742,
                "recall": 0.8019323671497585,
                "f1-score": 0.5770567786790267,
                "support": 621.0
            },
            "1": {
                "precision": 0.4029126213592233,
                "recall": 0.12028985507246377,
                "f1-score": 0.18526785714285715,
                "support": 690.0
            },
            "accuracy": 0.4431731502669718,
            "macro avg": {
                "precision": 0.42679567719544875,
                "recall": 0.46111111111111114,
                "f1-score": 0.3811623179109419,
                "support": 1311.0
            },
            "weighted avg": {
                "precision": 0.42553867425670006,
                "recall": 0.4431731502669718,
                "f1-score": 0.3708520831336743,
                "support": 1311.0
            }
        },
        "confusion_matrix": [
            [
                498,
                123
            ],
            [
                607,
                83
            ]
        ]
    }
}