{
    "timestamp": "2025-04-28 21:55:49",
    "training_history": {
        "accuracy": [
            0.5240806937217712,
            0.5561063289642334,
            0.5805737376213074,
            0.6131618022918701,
            0.6415664553642273,
            0.6607958674430847,
            0.6983758807182312,
            0.7172537446022034,
            0.7319130897521973,
            0.7408071160316467,
            0.7514237761497498
        ],
        "loss": [
            0.7363448739051819,
            0.6988433003425598,
            0.6759618520736694,
            0.6527389883995056,
            0.6338275671005249,
            0.6125958561897278,
            0.5746219158172607,
            0.5573698878288269,
            0.5400217771530151,
            0.5281843543052673,
            0.5163500905036926
        ],
        "val_accuracy": [
            0.5871313810348511,
            0.5656836628913879,
            0.5665773153305054,
            0.5728328824043274,
            0.5647900104522705,
            0.5442359447479248,
            0.561215341091156,
            0.5558534264564514,
            0.5683646202087402,
            0.5451295971870422,
            0.5755138397216797
        ],
        "val_loss": [
            0.7107624411582947,
            0.8446294665336609,
            0.7921274304389954,
            1.1226372718811035,
            0.9623938202857971,
            1.204127311706543,
            1.086925983428955,
            1.0717648267745972,
            1.2465341091156006,
            1.1453408002853394,
            1.3543428182601929
        ],
        "learning_rate": [
            0.0010000000474974513,
            0.0010000000474974513,
            0.0010000000474974513,
            0.0010000000474974513,
            0.0010000000474974513,
            0.0010000000474974513,
            0.0005000000237487257,
            0.0005000000237487257,
            0.0005000000237487257,
            0.0005000000237487257,
            0.0005000000237487257
        ]
    },
    "evaluation_metrics": {
        "accuracy": 0.5585344057193923,
        "precision": 0.54045446385107,
        "recall": 0.5585344057193923,
        "f1": 0.44980437493777314,
        "classification_report": {
            "0": {
                "precision": 0.5138888888888888,
                "recall": 0.07459677419354839,
                "f1-score": 0.1302816901408451,
                "support": 496.0
            },
            "1": {
                "precision": 0.5616045845272206,
                "recall": 0.9438202247191011,
                "f1-score": 0.704191616766467,
                "support": 623.0
            },
            "accuracy": 0.5585344057193923,
            "macro avg": {
                "precision": 0.5377467367080547,
                "recall": 0.5092084994563247,
                "f1-score": 0.41723665345365607,
                "support": 1119.0
            },
            "weighted avg": {
                "precision": 0.54045446385107,
                "recall": 0.5585344057193923,
                "f1-score": 0.44980437493777314,
                "support": 1119.0
            }
        },
        "confusion_matrix": [
            [
                37,
                459
            ],
            [
                35,
                588
            ]
        ]
    }
}