{
    "timestamp": "2025-04-28 21:45:54",
    "training_history": {
        "accuracy": [
            0.5179762244224548,
            0.5334060788154602,
            0.5552625060081482,
            0.5887898802757263,
            0.6154662370681763,
            0.6364738941192627,
            0.6716078519821167,
            0.6913120150566101,
            0.7036498188972473,
            0.7200194001197815,
            0.7296289801597595
        ],
        "loss": [
            0.7303597331047058,
            0.6966198682785034,
            0.6875040531158447,
            0.6731355786323547,
            0.6564346551895142,
            0.6395706534385681,
            0.6060077548027039,
            0.5877625942230225,
            0.5733775496482849,
            0.5575886368751526,
            0.5468284487724304
        ],
        "val_accuracy": [
            0.5641221404075623,
            0.5664122104644775,
            0.5633587837219238,
            0.5442748069763184,
            0.5572519302368164,
            0.5557252168655396,
            0.5160305500030518,
            0.5076335668563843,
            0.5007633566856384,
            0.5122137665748596,
            0.5068702101707458
        ],
        "val_loss": [
            0.7075449228286743,
            0.7954788208007812,
            0.7994473576545715,
            0.7468554377555847,
            0.8681401014328003,
            1.1329209804534912,
            1.034980058670044,
            0.8919506072998047,
            0.9684563875198364,
            1.0525745153427124,
            0.9120503067970276
        ],
        "learning_rate": [
            0.0010000000474974513,
            0.0010000000474974513,
            0.0010000000474974513,
            0.0010000000474974513,
            0.0010000000474974513,
            0.0010000000474974513,
            0.0005000000237487257,
            0.0005000000237487257,
            0.0005000000237487257,
            0.0005000000237487257,
            0.0005000000237487257
        ]
    },
    "evaluation_metrics": {
        "accuracy": 0.5232646834477498,
        "precision": 0.2738059289436738,
        "recall": 0.5232646834477498,
        "f1": 0.35949882107677156,
        "classification_report": {
            "0": {
                "precision": 0.0,
                "recall": 0.0,
                "f1-score": 0.0,
                "support": 625.0
            },
            "1": {
                "precision": 0.5232646834477498,
                "recall": 1.0,
                "f1-score": 0.6870305458187281,
                "support": 686.0
            },
            "accuracy": 0.5232646834477498,
            "macro avg": {
                "precision": 0.2616323417238749,
                "recall": 0.5,
                "f1-score": 0.34351527290936407,
                "support": 1311.0
            },
            "weighted avg": {
                "precision": 0.2738059289436738,
                "recall": 0.5232646834477498,
                "f1-score": 0.35949882107677156,
                "support": 1311.0
            }
        },
        "confusion_matrix": [
            [
                0,
                625
            ],
            [
                0,
                686
            ]
        ]
    }
}