{
    "timestamp": "2025-04-28 21:46:50",
    "training_history": {
        "accuracy": [
            0.5221161842346191,
            0.5485682487487793,
            0.5941106677055359,
            0.6309189796447754,
            0.6637656688690186,
            0.6875662803649902,
            0.7065631151199341,
            0.7412190437316895,
            0.7599974870681763,
            0.7719758152961731,
            0.7817081809043884,
            0.7908478379249573
        ],
        "loss": [
            0.7375629544258118,
            0.6999953389167786,
            0.6806445121765137,
            0.6592647433280945,
            0.6318604350090027,
            0.6087748408317566,
            0.5886857509613037,
            0.5452277064323425,
            0.5194354057312012,
            0.5053252577781677,
            0.49064213037490845,
            0.4774826169013977
        ],
        "val_accuracy": [
            0.5321100950241089,
            0.5015290379524231,
            0.5489296913146973,
            0.48853209614753723,
            0.4732415974140167,
            0.4877675771713257,
            0.4915902018547058,
            0.48700305819511414,
            0.47553515434265137,
            0.5045871734619141,
            0.48853209614753723,
            0.47859326004981995
        ],
        "val_loss": [
            0.7332926988601685,
            0.7195926308631897,
            0.7215990424156189,
            0.8045997023582458,
            0.7844675183296204,
            0.8864980340003967,
            0.877140998840332,
            0.8877084851264954,
            0.8386752009391785,
            0.835372805595398,
            0.9125102162361145,
            0.9011377692222595
        ],
        "learning_rate": [
            0.0010000000474974513,
            0.0010000000474974513,
            0.0010000000474974513,
            0.0010000000474974513,
            0.0010000000474974513,
            0.0010000000474974513,
            0.0010000000474974513,
            0.0005000000237487257,
            0.0005000000237487257,
            0.0005000000237487257,
            0.0005000000237487257,
            0.0005000000237487257
        ]
    },
    "evaluation_metrics": {
        "accuracy": 0.5068807339449541,
        "precision": 0.4880895788727857,
        "recall": 0.5068807339449541,
        "f1": 0.4331773243303322,
        "classification_report": {
            "0": {
                "precision": 0.5146927871772039,
                "recall": 0.8525073746312685,
                "f1-score": 0.6418656302054414,
                "support": 678.0
            },
            "1": {
                "precision": 0.4594594594594595,
                "recall": 0.1349206349206349,
                "f1-score": 0.2085889570552147,
                "support": 630.0
            },
            "accuracy": 0.5068807339449541,
            "macro avg": {
                "precision": 0.4870761233183317,
                "recall": 0.4937140047759517,
                "f1-score": 0.4252272936303281,
                "support": 1308.0
            },
            "weighted avg": {
                "precision": 0.4880895788727857,
                "recall": 0.5068807339449541,
                "f1-score": 0.4331773243303322,
                "support": 1308.0
            }
        },
        "confusion_matrix": [
            [
                578,
                100
            ],
            [
                545,
                85
            ]
        ]
    }
}