{
    "timestamp": "2025-04-28 21:52:27",
    "training_history": {
        "accuracy": [
            0.5501434803009033,
            0.5913536548614502,
            0.6296948194503784,
            0.6711658835411072,
            0.7104851603507996,
            0.731090247631073,
            0.7716484069824219,
            0.7914058566093445,
            0.7988393306732178,
            0.8086854219436646,
            0.818270742893219
        ],
        "loss": [
            0.741978108882904,
            0.6926867365837097,
            0.6565292477607727,
            0.6222862601280212,
            0.5809123516082764,
            0.5555641055107117,
            0.5018846988677979,
            0.4769448935985565,
            0.46444159746170044,
            0.4473772943019867,
            0.43326228857040405
        ],
        "val_accuracy": [
            0.47887325286865234,
            0.4665493071079254,
            0.47887325286865234,
            0.4647887349128723,
            0.4647887349128723,
            0.4507042169570923,
            0.47887325286865234,
            0.5017605423927307,
            0.47183099389076233,
            0.4947183132171631,
            0.4911971688270569
        ],
        "val_loss": [
            0.7952929735183716,
            0.9462864995002747,
            0.7965522408485413,
            0.8450039625167847,
            0.9022566080093384,
            0.9811661243438721,
            0.9663013815879822,
            0.9681355357170105,
            1.068745732307434,
            0.9829089641571045,
            1.0780407190322876
        ],
        "learning_rate": [
            0.0010000000474974513,
            0.0010000000474974513,
            0.0010000000474974513,
            0.0010000000474974513,
            0.0010000000474974513,
            0.0010000000474974513,
            0.0005000000237487257,
            0.0005000000237487257,
            0.0005000000237487257,
            0.0005000000237487257,
            0.0005000000237487257
        ]
    },
    "evaluation_metrics": {
        "accuracy": 0.5334507042253521,
        "precision": 0.5487286700975081,
        "recall": 0.5334507042253521,
        "f1": 0.5255403654805545,
        "classification_report": {
            "0": {
                "precision": 0.5,
                "recall": 0.6792452830188679,
                "f1-score": 0.5760000000000001,
                "support": 265.0
            },
            "1": {
                "precision": 0.5913461538461539,
                "recall": 0.40594059405940597,
                "f1-score": 0.4814090019569472,
                "support": 303.0
            },
            "accuracy": 0.5334507042253521,
            "macro avg": {
                "precision": 0.5456730769230769,
                "recall": 0.5425929385391369,
                "f1-score": 0.5287045009784737,
                "support": 568.0
            },
            "weighted avg": {
                "precision": 0.5487286700975081,
                "recall": 0.5334507042253521,
                "f1-score": 0.5255403654805545,
                "support": 568.0
            }
        },
        "confusion_matrix": [
            [
                180,
                85
            ],
            [
                180,
                123
            ]
        ]
    }
}