{
    "timestamp": "2025-04-28 21:53:28",
    "training_history": {
        "accuracy": [
            0.5278837084770203,
            0.5530730485916138,
            0.595165491104126,
            0.6335468292236328,
            0.6660057902336121,
            0.6916272640228271,
            0.7263484597206116,
            0.7420822381973267,
            0.7547659277915955,
            0.7683391571044922,
            0.7755324840545654
        ],
        "loss": [
            0.7276250720024109,
            0.6953362822532654,
            0.6759375333786011,
            0.6521819829940796,
            0.6264670491218567,
            0.60214763879776,
            0.5597326159477234,
            0.5370267629623413,
            0.5223692059516907,
            0.5062175393104553,
            0.49434009194374084
        ],
        "val_accuracy": [
            0.5388535261154175,
            0.5171974301338196,
            0.5133758187294006,
            0.5121018886566162,
            0.46242037415504456,
            0.4878980815410614,
            0.53121018409729,
            0.5082802772521973,
            0.540764331817627,
            0.5356687903404236,
            0.5337579846382141
        ],
        "val_loss": [
            0.7084687352180481,
            0.7101193070411682,
            0.7253372669219971,
            0.7606775164604187,
            0.8461458683013916,
            1.0336189270019531,
            0.9122557640075684,
            0.9102711081504822,
            0.9037943482398987,
            0.9884287714958191,
            1.0013365745544434
        ],
        "learning_rate": [
            0.0010000000474974513,
            0.0010000000474974513,
            0.0010000000474974513,
            0.0010000000474974513,
            0.0010000000474974513,
            0.0010000000474974513,
            0.0005000000237487257,
            0.0005000000237487257,
            0.0005000000237487257,
            0.0005000000237487257,
            0.0005000000237487257
        ]
    },
    "evaluation_metrics": {
        "accuracy": 0.5773392743475493,
        "precision": 0.3344814533982934,
        "recall": 0.5773392743475493,
        "f1": 0.42356852331067174,
        "classification_report": {
            "0": {
                "precision": 0.0,
                "recall": 0.0,
                "f1-score": 0.0,
                "support": 662.0
            },
            "1": {
                "precision": 0.5780752071383046,
                "recall": 0.9977997799779978,
                "f1-score": 0.7320419693301049,
                "support": 909.0
            },
            "accuracy": 0.5773392743475493,
            "macro avg": {
                "precision": 0.2890376035691523,
                "recall": 0.4988998899889989,
                "f1-score": 0.36602098466505245,
                "support": 1571.0
            },
            "weighted avg": {
                "precision": 0.3344814533982934,
                "recall": 0.5773392743475493,
                "f1-score": 0.42356852331067174,
                "support": 1571.0
            }
        },
        "confusion_matrix": [
            [
                0,
                662
            ],
            [
                2,
                907
            ]
        ]
    }
}