{
    "timestamp": "2025-04-28 21:54:08",
    "training_history": {
        "accuracy": [
            0.5402140021324158,
            0.5918367505073547,
            0.6451247334480286,
            0.6840277910232544,
            0.7266156673431396,
            0.7505314350128174,
            0.788407027721405,
            0.8028982281684875,
            0.812783420085907,
            0.822137176990509,
            0.8305342793464661
        ],
        "loss": [
            0.7372046113014221,
            0.6894440650939941,
            0.654377281665802,
            0.6180240511894226,
            0.5794061422348022,
            0.5486884713172913,
            0.49365344643592834,
            0.46917566657066345,
            0.45008984208106995,
            0.4365588426589966,
            0.42238903045654297
        ],
        "val_accuracy": [
            0.46739131212234497,
            0.4538043439388275,
            0.47826087474823,
            0.4746376872062683,
            0.4257246255874634,
            0.4320652186870575,
            0.43568840622901917,
            0.4438405930995941,
            0.41485506296157837,
            0.4202898442745209,
            0.43387681245803833
        ],
        "val_loss": [
            0.7603555917739868,
            0.8020837306976318,
            0.863638699054718,
            0.822650671005249,
            1.3213878870010376,
            1.4126689434051514,
            1.7208164930343628,
            1.4766504764556885,
            1.8893603086471558,
            2.047330856323242,
            1.8558365106582642
        ],
        "learning_rate": [
            0.0010000000474974513,
            0.0010000000474974513,
            0.0010000000474974513,
            0.0010000000474974513,
            0.0010000000474974513,
            0.0010000000474974513,
            0.0005000000237487257,
            0.0005000000237487257,
            0.0005000000237487257,
            0.0005000000237487257,
            0.0005000000237487257
        ]
    },
    "evaluation_metrics": {
        "accuracy": 0.5900452488687783,
        "precision": 0.5674140790860033,
        "recall": 0.5900452488687783,
        "f1": 0.5272053502877816,
        "classification_report": {
            "0": {
                "precision": 0.5194805194805194,
                "recall": 0.17429193899782136,
                "f1-score": 0.2610114192495922,
                "support": 459.0
            },
            "1": {
                "precision": 0.601472134595163,
                "recall": 0.8854489164086687,
                "f1-score": 0.7163431433938635,
                "support": 646.0
            },
            "accuracy": 0.5900452488687783,
            "macro avg": {
                "precision": 0.5604763270378412,
                "recall": 0.5298704277032451,
                "f1-score": 0.48867728132172783,
                "support": 1105.0
            },
            "weighted avg": {
                "precision": 0.5674140790860033,
                "recall": 0.5900452488687783,
                "f1-score": 0.5272053502877816,
                "support": 1105.0
            }
        },
        "confusion_matrix": [
            [
                80,
                379
            ],
            [
                74,
                572
            ]
        ]
    }
}