{
    "timestamp": "2025-04-28 21:43:04",
    "training_history": {
        "accuracy": [
            0.5449592471122742,
            0.5730677843093872,
            0.6009237170219421,
            0.6323158144950867,
            0.6649346947669983,
            0.6940896511077881,
            0.7172187566757202,
            0.7529046535491943,
            0.7709821462631226,
            0.7769719362258911,
            0.7900339365005493,
            0.7981886267662048
        ],
        "loss": [
            0.7314697504043579,
            0.6928727030754089,
            0.6737982630729675,
            0.6516523361206055,
            0.6269105076789856,
            0.5973843336105347,
            0.5746508836746216,
            0.5245232582092285,
            0.504263162612915,
            0.4873311519622803,
            0.47497907280921936,
            0.46040767431259155
        ],
        "val_accuracy": [
            0.5646319389343262,
            0.5619389414787292,
            0.5502693057060242,
            0.4712746739387512,
            0.5691202878952026,
            0.4955116808414459,
            0.5403949618339539,
            0.5457809567451477,
            0.5224416255950928,
            0.5197486281394958,
            0.4955116808414459,
            0.4964093267917633
        ],
        "val_loss": [
            0.7222397327423096,
            0.7008103728294373,
            0.7227047681808472,
            0.7740535140037537,
            0.7475603818893433,
            0.8970995545387268,
            0.7800294756889343,
            0.7953838109970093,
            0.8408247232437134,
            0.8718396425247192,
            0.8811900019645691,
            1.0825996398925781
        ],
        "learning_rate": [
            0.0010000000474974513,
            0.0010000000474974513,
            0.0010000000474974513,
            0.0010000000474974513,
            0.0010000000474974513,
            0.0010000000474974513,
            0.0010000000474974513,
            0.0005000000237487257,
            0.0005000000237487257,
            0.0005000000237487257,
            0.0005000000237487257,
            0.0005000000237487257
        ]
    },
    "evaluation_metrics": {
        "accuracy": 0.5377019748653501,
        "precision": 0.4588683680243866,
        "recall": 0.5377019748653501,
        "f1": 0.4341478981760183,
        "classification_report": {
            "0": {
                "precision": 0.3333333333333333,
                "recall": 0.061855670103092786,
                "f1-score": 0.10434782608695653,
                "support": 485.0
            },
            "1": {
                "precision": 0.5556640625,
                "recall": 0.904610492845787,
                "f1-score": 0.6884452510586812,
                "support": 629.0
            },
            "accuracy": 0.5377019748653501,
            "macro avg": {
                "precision": 0.44449869791666663,
                "recall": 0.4832330814744399,
                "f1-score": 0.39639653857281887,
                "support": 1114.0
            },
            "weighted avg": {
                "precision": 0.4588683680243866,
                "recall": 0.5377019748653501,
                "f1-score": 0.4341478981760183,
                "support": 1114.0
            }
        },
        "confusion_matrix": [
            [
                30,
                455
            ],
            [
                60,
                569
            ]
        ]
    }
}