{
    "timestamp": "2025-04-28 21:57:56",
    "training_history": {
        "accuracy": [
            0.5268310904502869,
            0.5566517114639282,
            0.5858370661735535,
            0.6266068816184998,
            0.6622197031974792,
            0.6936845779418945,
            0.7310912013053894,
            0.7535500526428223,
            0.7694693803787231,
            0.7826980352401733,
            0.7911434769630432
        ],
        "loss": [
            0.7376984357833862,
            0.700945258140564,
            0.6834476590156555,
            0.6574258208274841,
            0.6282098293304443,
            0.5996865630149841,
            0.5509976148605347,
            0.5278341770172119,
            0.504875123500824,
            0.49177655577659607,
            0.4748989939689636
        ],
        "val_accuracy": [
            0.5076370239257812,
            0.520215630531311,
            0.4654088020324707,
            0.5058400630950928,
            0.5166217684745789,
            0.5354896783828735,
            0.5139263272285461,
            0.5354896783828735,
            0.537286639213562,
            0.5516621470451355,
            0.5058400630950928
        ],
        "val_loss": [
            0.7127562165260315,
            0.7189890146255493,
            0.8310171961784363,
            0.8801313042640686,
            0.9367276430130005,
            0.9705085754394531,
            0.9297257661819458,
            0.9852607250213623,
            0.9782177209854126,
            1.0613802671432495,
            1.2365144491195679
        ],
        "learning_rate": [
            0.0010000000474974513,
            0.0010000000474974513,
            0.0010000000474974513,
            0.0010000000474974513,
            0.0010000000474974513,
            0.0010000000474974513,
            0.0005000000237487257,
            0.0005000000237487257,
            0.0005000000237487257,
            0.0005000000237487257,
            0.0005000000237487257
        ]
    },
    "evaluation_metrics": {
        "accuracy": 0.48607367475292,
        "precision": 0.48398614693194253,
        "recall": 0.48607367475292,
        "f1": 0.48457929401790356,
        "classification_report": {
            "0": {
                "precision": 0.44763860369609854,
                "recall": 0.418426103646833,
                "f1-score": 0.43253968253968256,
                "support": 521.0
            },
            "1": {
                "precision": 0.5159744408945687,
                "recall": 0.5456081081081081,
                "f1-score": 0.5303776683087028,
                "support": 592.0
            },
            "accuracy": 0.48607367475292,
            "macro avg": {
                "precision": 0.4818065222953336,
                "recall": 0.4820171058774706,
                "f1-score": 0.4814586754241927,
                "support": 1113.0
            },
            "weighted avg": {
                "precision": 0.48398614693194253,
                "recall": 0.48607367475292,
                "f1-score": 0.48457929401790356,
                "support": 1113.0
            }
        },
        "confusion_matrix": [
            [
                218,
                303
            ],
            [
                269,
                323
            ]
        ]
    }
}