{
    "timestamp": "2025-04-28 21:41:36",
    "training_history": {
        "accuracy": [
            0.5461220145225525,
            0.5918047428131104,
            0.6365461945533752,
            0.6775853633880615,
            0.7129769325256348,
            0.7354417443275452,
            0.7807480096817017,
            0.7981300354003906,
            0.8049699068069458,
            0.8140687942504883,
            0.8215988874435425
        ],
        "loss": [
            0.7524758577346802,
            0.7007486820220947,
            0.6625582575798035,
            0.6235668659210205,
            0.5889599919319153,
            0.5594522356987,
            0.5061219930648804,
            0.4755728840827942,
            0.46098843216896057,
            0.44716358184814453,
            0.43495506048202515
        ],
        "val_accuracy": [
            0.4803921580314636,
            0.45588234066963196,
            0.5065359473228455,
            0.4869281053543091,
            0.5326797366142273,
            0.5343137383460999,
            0.4803921580314636,
            0.5228758454322815,
            0.5065359473228455,
            0.5065359473228455,
            0.4689542353153229
        ],
        "val_loss": [
            0.757004976272583,
            0.8083526492118835,
            0.7720142602920532,
            0.8677064776420593,
            0.8358317613601685,
            0.9230121374130249,
            0.9030928015708923,
            0.9318857789039612,
            0.9660324454307556,
            0.9185119867324829,
            1.0701370239257812
        ],
        "learning_rate": [
            0.0010000000474974513,
            0.0010000000474974513,
            0.0010000000474974513,
            0.0010000000474974513,
            0.0010000000474974513,
            0.0010000000474974513,
            0.0005000000237487257,
            0.0005000000237487257,
            0.0005000000237487257,
            0.0005000000237487257,
            0.0005000000237487257
        ]
    },
    "evaluation_metrics": {
        "accuracy": 0.5424836601307189,
        "precision": 0.4900876757412129,
        "recall": 0.5424836601307189,
        "f1": 0.4842267577853923,
        "classification_report": {
            "0": {
                "precision": 0.36633663366336633,
                "recall": 0.14624505928853754,
                "f1-score": 0.2090395480225989,
                "support": 253.0
            },
            "1": {
                "precision": 0.5772994129158513,
                "recall": 0.8217270194986073,
                "f1-score": 0.67816091954023,
                "support": 359.0
            },
            "accuracy": 0.5424836601307189,
            "macro avg": {
                "precision": 0.4718180232896088,
                "recall": 0.48398603939357243,
                "f1-score": 0.44360023378141444,
                "support": 612.0
            },
            "weighted avg": {
                "precision": 0.4900876757412129,
                "recall": 0.5424836601307189,
                "f1-score": 0.4842267577853923,
                "support": 612.0
            }
        },
        "confusion_matrix": [
            [
                37,
                216
            ],
            [
                64,
                295
            ]
        ]
    }
}