{
    "timestamp": "2025-04-28 21:54:36",
    "training_history": {
        "accuracy": [
            0.5477941036224365,
            0.5904077291488647,
            0.6325200796127319,
            0.6732954382896423,
            0.7014260292053223,
            0.7259915471076965,
            0.7459893226623535,
            0.7785205245018005,
            0.7903297543525696,
            0.8054812550544739,
            0.8136140704154968,
            0.8215797543525696
        ],
        "loss": [
            0.7478375434875488,
            0.6992249488830566,
            0.6654043793678284,
            0.6285367608070374,
            0.6000974178314209,
            0.5705001354217529,
            0.5464237332344055,
            0.4986053705215454,
            0.4742090702056885,
            0.4568358063697815,
            0.44857001304626465,
            0.43342000246047974
        ],
        "val_accuracy": [
            0.5060060024261475,
            0.5825825929641724,
            0.6021021008491516,
            0.5960960984230042,
            0.6141141057014465,
            0.5705705881118774,
            0.45945945382118225,
            0.5420420169830322,
            0.48048049211502075,
            0.5555555820465088,
            0.5360360145568848,
            0.5075075030326843
        ],
        "val_loss": [
            0.7380881309509277,
            0.7146074175834656,
            0.7245798110961914,
            0.7903732061386108,
            0.7402610182762146,
            0.7776978611946106,
            0.7722127437591553,
            0.8151678442955017,
            0.8283469676971436,
            0.854925274848938,
            0.8639734387397766,
            0.9026671648025513
        ],
        "learning_rate": [
            0.0010000000474974513,
            0.0010000000474974513,
            0.0010000000474974513,
            0.0010000000474974513,
            0.0010000000474974513,
            0.0010000000474974513,
            0.0010000000474974513,
            0.0005000000237487257,
            0.0005000000237487257,
            0.0005000000237487257,
            0.0005000000237487257,
            0.0005000000237487257
        ]
    },
    "evaluation_metrics": {
        "accuracy": 0.512743628185907,
        "precision": 0.5104017203808597,
        "recall": 0.512743628185907,
        "f1": 0.5046557085541412,
        "classification_report": {
            "0": {
                "precision": 0.5,
                "recall": 0.38153846153846155,
                "f1-score": 0.4328097731239092,
                "support": 325.0
            },
            "1": {
                "precision": 0.5202863961813843,
                "recall": 0.6374269005847953,
                "f1-score": 0.5729303547963207,
                "support": 342.0
            },
            "accuracy": 0.512743628185907,
            "macro avg": {
                "precision": 0.5101431980906921,
                "recall": 0.5094826810616284,
                "f1-score": 0.5028700639601149,
                "support": 667.0
            },
            "weighted avg": {
                "precision": 0.5104017203808597,
                "recall": 0.512743628185907,
                "f1-score": 0.5046557085541412,
                "support": 667.0
            }
        },
        "confusion_matrix": [
            [
                124,
                201
            ],
            [
                124,
                218
            ]
        ]
    }
}