{
    "timestamp": "2025-04-28 21:41:42",
    "training_history": {
        "accuracy": [
            0.5897436141967773,
            0.6525198817253113,
            0.7144120335578918,
            0.7488948106765747,
            0.78470379114151,
            0.8129973411560059,
            0.8399646282196045,
            0.8439434170722961,
            0.8580901622772217,
            0.8673740029335022,
            0.8770999312400818
        ],
        "loss": [
            0.7495461106300354,
            0.6879704594612122,
            0.6237571239471436,
            0.5749146938323975,
            0.5258886218070984,
            0.48082616925239563,
            0.4404679536819458,
            0.4297681748867035,
            0.40131306648254395,
            0.3796190023422241,
            0.365629106760025
        ],
        "val_accuracy": [
            0.49450549483299255,
            0.4065934121608734,
            0.24175824224948883,
            0.3076923191547394,
            0.2637362778186798,
            0.32967033982276917,
            0.3076923191547394,
            0.32967033982276917,
            0.32967033982276917,
            0.35164836049079895,
            0.3076923191547394
        ],
        "val_loss": [
            0.7531173229217529,
            0.8500481843948364,
            1.2047449350357056,
            1.118889331817627,
            1.7457067966461182,
            2.1637892723083496,
            2.334245443344116,
            2.4327845573425293,
            2.5372300148010254,
            2.6175200939178467,
            3.1487393379211426
        ],
        "learning_rate": [
            0.0010000000474974513,
            0.0010000000474974513,
            0.0010000000474974513,
            0.0010000000474974513,
            0.0010000000474974513,
            0.0010000000474974513,
            0.0005000000237487257,
            0.0005000000237487257,
            0.0005000000237487257,
            0.0005000000237487257,
            0.0005000000237487257
        ]
    },
    "evaluation_metrics": {
        "accuracy": 0.5760869565217391,
        "precision": 0.509295352323838,
        "recall": 0.5760869565217391,
        "f1": 0.4630294946539595,
        "classification_report": {
            "0": {
                "precision": 0.4,
                "recall": 0.05263157894736842,
                "f1-score": 0.09302325581395349,
                "support": 38.0
            },
            "1": {
                "precision": 0.5862068965517241,
                "recall": 0.9444444444444444,
                "f1-score": 0.7234042553191489,
                "support": 54.0
            },
            "accuracy": 0.5760869565217391,
            "macro avg": {
                "precision": 0.49310344827586206,
                "recall": 0.4985380116959064,
                "f1-score": 0.40821375556655115,
                "support": 92.0
            },
            "weighted avg": {
                "precision": 0.509295352323838,
                "recall": 0.5760869565217391,
                "f1-score": 0.4630294946539595,
                "support": 92.0
            }
        },
        "confusion_matrix": [
            [
                2,
                36
            ],
            [
                3,
                51
            ]
        ]
    }
}