{
    "timestamp": "2025-04-28 21:48:01",
    "training_history": {
        "accuracy": [
            0.5707260370254517,
            0.6398426294326782,
            0.6852646470069885,
            0.7154864072799683,
            0.7376609444618225,
            0.754560112953186,
            0.7918455004692078,
            0.8034692406654358,
            0.8112481832504272,
            0.8211731314659119,
            0.831455647945404
        ],
        "loss": [
            0.7444551587104797,
            0.6731913685798645,
            0.6178669929504395,
            0.5765642523765564,
            0.5397246479988098,
            0.5157034397125244,
            0.4608202278614044,
            0.4384553134441376,
            0.42499840259552,
            0.41237184405326843,
            0.3980110287666321
        ],
        "val_accuracy": [
            0.5208845138549805,
            0.4938575029373169,
            0.5577395558357239,
            0.4987714886665344,
            0.5085995197296143,
            0.4692874550819397,
            0.5184274911880493,
            0.4742014706134796,
            0.46683046221733093,
            0.49140048027038574,
            0.47911548614501953
        ],
        "val_loss": [
            0.7854192852973938,
            0.8471496105194092,
            0.8099604249000549,
            0.9222781658172607,
            0.9329968094825745,
            1.0008405447006226,
            1.0686966180801392,
            1.1085407733917236,
            1.1753666400909424,
            1.2186874151229858,
            1.3010597229003906
        ],
        "learning_rate": [
            0.0010000000474974513,
            0.0010000000474974513,
            0.0010000000474974513,
            0.0010000000474974513,
            0.0010000000474974513,
            0.0010000000474974513,
            0.0005000000237487257,
            0.0005000000237487257,
            0.0005000000237487257,
            0.0005000000237487257,
            0.0005000000237487257
        ]
    },
    "evaluation_metrics": {
        "accuracy": 0.5196078431372549,
        "precision": 0.5174052675707896,
        "recall": 0.5196078431372549,
        "f1": 0.518396770472895,
        "classification_report": {
            "0": {
                "precision": 0.4311377245508982,
                "recall": 0.4161849710982659,
                "f1-score": 0.4235294117647059,
                "support": 173.0
            },
            "1": {
                "precision": 0.5809128630705395,
                "recall": 0.5957446808510638,
                "f1-score": 0.588235294117647,
                "support": 235.0
            },
            "accuracy": 0.5196078431372549,
            "macro avg": {
                "precision": 0.5060252938107188,
                "recall": 0.5059648259746649,
                "f1-score": 0.5058823529411764,
                "support": 408.0
            },
            "weighted avg": {
                "precision": 0.5174052675707896,
                "recall": 0.5196078431372549,
                "f1-score": 0.518396770472895,
                "support": 408.0
            }
        },
        "confusion_matrix": [
            [
                72,
                101
            ],
            [
                95,
                140
            ]
        ]
    }
}