{
    "timestamp": "2025-04-28 21:49:54",
    "training_history": {
        "accuracy": [
            0.531995415687561,
            0.5482465028762817,
            0.571998119354248,
            0.5976755023002625,
            0.6255152225494385,
            0.6518346071243286,
            0.6923778653144836,
            0.7105885744094849,
            0.728191077709198,
            0.7416717410087585,
            0.7507264018058777
        ],
        "loss": [
            0.7374197244644165,
            0.7011381983757019,
            0.6885963082313538,
            0.6740196347236633,
            0.6574494242668152,
            0.6401275992393494,
            0.5998656749725342,
            0.5803266763687134,
            0.5611598491668701,
            0.5468300580978394,
            0.531448483467102
        ],
        "val_accuracy": [
            0.4967051148414612,
            0.4967051148414612,
            0.49258649349212646,
            0.5140032768249512,
            0.44645798206329346,
            0.4365732967853546,
            0.4324547052383423,
            0.4390444755554199,
            0.44151565432548523,
            0.4308072626590729,
            0.42421746253967285
        ],
        "val_loss": [
            0.740351140499115,
            0.8828977942466736,
            0.7873478531837463,
            0.8556587100028992,
            0.9645463228225708,
            1.2978875637054443,
            1.2248162031173706,
            1.2379106283187866,
            1.6033000946044922,
            1.3432657718658447,
            1.3053672313690186
        ],
        "learning_rate": [
            0.0010000000474974513,
            0.0010000000474974513,
            0.0010000000474974513,
            0.0010000000474974513,
            0.0010000000474974513,
            0.0010000000474974513,
            0.0005000000237487257,
            0.0005000000237487257,
            0.0005000000237487257,
            0.0005000000237487257,
            0.0005000000237487257
        ]
    },
    "evaluation_metrics": {
        "accuracy": 0.502880658436214,
        "precision": 0.517487806736778,
        "recall": 0.502880658436214,
        "f1": 0.48022741739882485,
        "classification_report": {
            "0": {
                "precision": 0.4849537037037037,
                "recall": 0.7249134948096886,
                "f1-score": 0.5811373092926491,
                "support": 578.0
            },
            "1": {
                "precision": 0.5470085470085471,
                "recall": 0.30141287284144425,
                "f1-score": 0.38866396761133604,
                "support": 637.0
            },
            "accuracy": 0.502880658436214,
            "macro avg": {
                "precision": 0.5159811253561254,
                "recall": 0.5131631838255664,
                "f1-score": 0.48490063845199255,
                "support": 1215.0
            },
            "weighted avg": {
                "precision": 0.517487806736778,
                "recall": 0.502880658436214,
                "f1-score": 0.48022741739882485,
                "support": 1215.0
            }
        },
        "confusion_matrix": [
            [
                419,
                159
            ],
            [
                445,
                192
            ]
        ]
    }
}