{
    "timestamp": "2025-04-28 21:45:01",
    "training_history": {
        "accuracy": [
            0.5445982217788696,
            0.5783148407936096,
            0.6103423833847046,
            0.6366530060768127,
            0.6617618203163147,
            0.6797570586204529,
            0.7103228569030762,
            0.728837788105011,
            0.740986168384552,
            0.7507308721542358,
            0.763041615486145
        ],
        "loss": [
            0.7402469515800476,
            0.6963419914245605,
            0.6711552143096924,
            0.6467259526252747,
            0.6239309906959534,
            0.6035481095314026,
            0.5619300007820129,
            0.5389817953109741,
            0.525606632232666,
            0.5096654891967773,
            0.4957534074783325
        ],
        "val_accuracy": [
            0.51953125,
            0.49140626192092896,
            0.4585937559604645,
            0.5093749761581421,
            0.514843761920929,
            0.5140625238418579,
            0.504687488079071,
            0.5093749761581421,
            0.507031261920929,
            0.510937511920929,
            0.49296873807907104
        ],
        "val_loss": [
            0.7246648073196411,
            0.8141040802001953,
            0.7347525358200073,
            0.7283127903938293,
            0.7415576577186584,
            0.7414233684539795,
            0.7463902235031128,
            0.7563028931617737,
            0.7472671270370483,
            0.7591172456741333,
            0.7590395212173462
        ],
        "learning_rate": [
            0.0010000000474974513,
            0.0010000000474974513,
            0.0010000000474974513,
            0.0010000000474974513,
            0.0010000000474974513,
            0.0010000000474974513,
            0.0005000000237487257,
            0.0005000000237487257,
            0.0005000000237487257,
            0.0005000000237487257,
            0.0005000000237487257
        ]
    },
    "evaluation_metrics": {
        "accuracy": 0.528125,
        "precision": 0.44106091691995947,
        "recall": 0.528125,
        "f1": 0.4234733031294704,
        "classification_report": {
            "0": {
                "precision": 0.3047619047619048,
                "recall": 0.056838365896980464,
                "f1-score": 0.09580838323353294,
                "support": 563.0
            },
            "1": {
                "precision": 0.5480851063829787,
                "recall": 0.898186889818689,
                "f1-score": 0.6807610993657505,
                "support": 717.0
            },
            "accuracy": 0.528125,
            "macro avg": {
                "precision": 0.42642350557244174,
                "recall": 0.4775126278578347,
                "f1-score": 0.3882847412996417,
                "support": 1280.0
            },
            "weighted avg": {
                "precision": 0.44106091691995947,
                "recall": 0.528125,
                "f1-score": 0.4234733031294704,
                "support": 1280.0
            }
        },
        "confusion_matrix": [
            [
                32,
                531
            ],
            [
                73,
                644
            ]
        ]
    }
}