{
    "timestamp": "2025-04-28 21:49:05",
    "training_history": {
        "accuracy": [
            0.5362263321876526,
            0.5588197708129883,
            0.5883576273918152,
            0.6113671064376831,
            0.6410330533981323,
            0.6642025113105774,
            0.6936764121055603,
            0.7169739007949829,
            0.7294867038726807,
            0.7439516186714172,
            0.7501600384712219
        ],
        "loss": [
            0.742542564868927,
            0.6986173987388611,
            0.6804453134536743,
            0.6605561971664429,
            0.6387807726860046,
            0.6206595301628113,
            0.5796442031860352,
            0.5587875247001648,
            0.5422163605690002,
            0.5265986323356628,
            0.5134577751159668
        ],
        "val_accuracy": [
            0.4961300194263458,
            0.47291022539138794,
            0.5123838782310486,
            0.48839008808135986,
            0.5317337512969971,
            0.5154798626899719,
            0.5185758471488953,
            0.49690401554107666,
            0.4698142409324646,
            0.4868420958518982,
            0.5278638005256653
        ],
        "val_loss": [
            0.7202104926109314,
            0.7400719523429871,
            0.7805948853492737,
            0.725703239440918,
            0.7786619067192078,
            0.7774463891983032,
            0.7987319231033325,
            0.7995195388793945,
            0.8161194920539856,
            0.8701151013374329,
            0.9183439612388611
        ],
        "learning_rate": [
            0.0010000000474974513,
            0.0010000000474974513,
            0.0010000000474974513,
            0.0010000000474974513,
            0.0010000000474974513,
            0.0010000000474974513,
            0.0005000000237487257,
            0.0005000000237487257,
            0.0005000000237487257,
            0.0005000000237487257,
            0.0005000000237487257
        ]
    },
    "evaluation_metrics": {
        "accuracy": 0.4802784222737819,
        "precision": 0.5100180573543157,
        "recall": 0.4802784222737819,
        "f1": 0.42171231866411824,
        "classification_report": {
            "0": {
                "precision": 0.46572769953051646,
                "recall": 0.8280467445742905,
                "f1-score": 0.5961538461538463,
                "support": 599.0
            },
            "1": {
                "precision": 0.5482456140350878,
                "recall": 0.18011527377521613,
                "f1-score": 0.27114967462039047,
                "support": 694.0
            },
            "accuracy": 0.4802784222737819,
            "macro avg": {
                "precision": 0.5069866567828021,
                "recall": 0.5040810091747533,
                "f1-score": 0.4336517603871184,
                "support": 1293.0
            },
            "weighted avg": {
                "precision": 0.5100180573543157,
                "recall": 0.4802784222737819,
                "f1-score": 0.42171231866411824,
                "support": 1293.0
            }
        },
        "confusion_matrix": [
            [
                496,
                103
            ],
            [
                569,
                125
            ]
        ]
    }
}