{
    "timestamp": "2025-04-28 20:37:00",
    "training_history": {
        "accuracy": [
            0.5944328904151917,
            0.6570412516593933,
            0.7019597887992859,
            0.7352584004402161,
            0.7662157416343689,
            0.7850329279899597,
            0.8134755492210388,
            0.8294311761856079,
            0.8378425240516663,
            0.8458203077316284,
            0.8498959541320801
        ],
        "loss": [
            0.7373670935630798,
            0.6710248589515686,
            0.6230162978172302,
            0.5780401229858398,
            0.5397191643714905,
            0.5064470171928406,
            0.45888081192970276,
            0.43388456106185913,
            0.4163456857204437,
            0.3983864486217499,
            0.3872641623020172
        ],
        "val_accuracy": [
            0.5233644843101501,
            0.5163551568984985,
            0.5327102541923523,
            0.5303738117218018,
            0.5116822719573975,
            0.514018714427948,
            0.5093457698822021,
            0.5093457698822021,
            0.5233644843101501,
            0.5210280418395996,
            0.5373831987380981
        ],
        "val_loss": [
            0.8446893692016602,
            0.8797303438186646,
            1.0090439319610596,
            0.9216046333312988,
            0.9539394378662109,
            1.0205504894256592,
            1.0256184339523315,
            1.1486072540283203,
            1.1581695079803467,
            1.114043951034546,
            1.132431983947754
        ],
        "learning_rate": [
            0.0010000000474974513,
            0.0010000000474974513,
            0.0010000000474974513,
            0.0010000000474974513,
            0.0010000000474974513,
            0.0010000000474974513,
            0.0005000000237487257,
            0.0005000000237487257,
            0.0005000000237487257,
            0.0005000000237487257,
            0.0005000000237487257
        ]
    },
    "evaluation_metrics": {
        "accuracy": 0.5151515151515151,
        "precision": 0.5153562975345154,
        "recall": 0.5151515151515151,
        "f1": 0.49356284740900125,
        "classification_report": {
            "0": {
                "precision": 0.5158730158730159,
                "recall": 0.30660377358490565,
                "f1-score": 0.38461538461538464,
                "support": 212.0
            },
            "1": {
                "precision": 0.5148514851485149,
                "recall": 0.7188940092165899,
                "f1-score": 0.6,
                "support": 217.0
            },
            "accuracy": 0.5151515151515151,
            "macro avg": {
                "precision": 0.5153622505107653,
                "recall": 0.5127488914007478,
                "f1-score": 0.49230769230769234,
                "support": 429.0
            },
            "weighted avg": {
                "precision": 0.5153562975345154,
                "recall": 0.5151515151515151,
                "f1-score": 0.49356284740900125,
                "support": 429.0
            }
        },
        "confusion_matrix": [
            [
                65,
                147
            ],
            [
                61,
                156
            ]
        ]
    }
}