{
    "timestamp": "2025-04-28 21:50:27",
    "training_history": {
        "accuracy": [
            0.5422215461730957,
            0.5842844843864441,
            0.6222785711288452,
            0.670207142829895,
            0.7029697895050049,
            0.7252166271209717,
            0.7480976581573486,
            0.782287061214447,
            0.799091100692749,
            0.8094483017921448,
            0.8157894611358643,
            0.8237159252166748
        ],
        "loss": [
            0.745120108127594,
            0.6985138058662415,
            0.6601129770278931,
            0.6235082745552063,
            0.5857710242271423,
            0.5584021210670471,
            0.5363317728042603,
            0.4787529408931732,
            0.45775705575942993,
            0.44136807322502136,
            0.4272642135620117,
            0.4149913787841797
        ],
        "val_accuracy": [
            0.5586591958999634,
            0.5097765326499939,
            0.47346368432044983,
            0.43156424164772034,
            0.4902234673500061,
            0.45391061902046204,
            0.43715083599090576,
            0.4706704020500183,
            0.4483240246772766,
            0.45949721336364746,
            0.47346368432044983,
            0.49162012338638306
        ],
        "val_loss": [
            0.7713965773582458,
            0.7588057518005371,
            0.8443543910980225,
            1.015477180480957,
            0.7804139852523804,
            1.1221704483032227,
            1.1921552419662476,
            1.0866061449050903,
            1.1297297477722168,
            1.1165168285369873,
            1.003656268119812,
            1.1549737453460693
        ],
        "learning_rate": [
            0.0010000000474974513,
            0.0010000000474974513,
            0.0010000000474974513,
            0.0010000000474974513,
            0.0010000000474974513,
            0.0010000000474974513,
            0.0010000000474974513,
            0.0005000000237487257,
            0.0005000000237487257,
            0.0005000000237487257,
            0.0005000000237487257,
            0.0005000000237487257
        ]
    },
    "evaluation_metrics": {
        "accuracy": 0.5258019525801952,
        "precision": 0.5323093904831874,
        "recall": 0.5258019525801952,
        "f1": 0.5147762795664096,
        "classification_report": {
            "0": {
                "precision": 0.552,
                "recall": 0.3770491803278688,
                "f1-score": 0.44805194805194803,
                "support": 366.0
            },
            "1": {
                "precision": 0.5117773019271948,
                "recall": 0.6809116809116809,
                "f1-score": 0.5843520782396088,
                "support": 351.0
            },
            "accuracy": 0.5258019525801952,
            "macro avg": {
                "precision": 0.5318886509635974,
                "recall": 0.5289804306197748,
                "f1-score": 0.5162020131457784,
                "support": 717.0
            },
            "weighted avg": {
                "precision": 0.5323093904831874,
                "recall": 0.5258019525801952,
                "f1-score": 0.5147762795664096,
                "support": 717.0
            }
        },
        "confusion_matrix": [
            [
                138,
                228
            ],
            [
                112,
                239
            ]
        ]
    }
}