{
    "timestamp": "2025-04-28 21:51:16",
    "training_history": {
        "accuracy": [
            0.5418864488601685,
            0.5829640626907349,
            0.6256594061851501,
            0.6691285371780396,
            0.7012028098106384,
            0.725856363773346,
            0.7458324432373047,
            0.7746359705924988,
            0.7883167862892151,
            0.7992895841598511,
            0.8101920485496521,
            0.814201295375824
        ],
        "loss": [
            0.7384546995162964,
            0.6941666603088379,
            0.6664510369300842,
            0.6308426260948181,
            0.5978861451148987,
            0.5676062107086182,
            0.5421444177627563,
            0.4963296055793762,
            0.4703092873096466,
            0.4564427435398102,
            0.4423638582229614,
            0.431824266910553
        ],
        "val_accuracy": [
            0.45960503816604614,
            0.5044883489608765,
            0.5251346230506897,
            0.5332136154174805,
            0.5188509821891785,
            0.5359066724777222,
            0.5278276205062866,
            0.5098743438720703,
            0.5161579847335815,
            0.5278276205062866,
            0.5278276205062866,
            0.5305206179618835
        ],
        "val_loss": [
            0.7508379817008972,
            0.7281434535980225,
            0.732470691204071,
            0.740064799785614,
            0.7740378379821777,
            0.9095696806907654,
            0.7481882572174072,
            0.8624879717826843,
            0.7835533618927002,
            0.7932106852531433,
            0.7945698499679565,
            0.7860537767410278
        ],
        "learning_rate": [
            0.0010000000474974513,
            0.0010000000474974513,
            0.0010000000474974513,
            0.0010000000474974513,
            0.0010000000474974513,
            0.0010000000474974513,
            0.0010000000474974513,
            0.0005000000237487257,
            0.0005000000237487257,
            0.0005000000237487257,
            0.0005000000237487257,
            0.0005000000237487257
        ]
    },
    "evaluation_metrics": {
        "accuracy": 0.49012567324955114,
        "precision": 0.4966395514845651,
        "recall": 0.49012567324955114,
        "f1": 0.3948640735719949,
        "classification_report": {
            "0": {
                "precision": 0.504424778761062,
                "recall": 0.10017574692442882,
                "f1-score": 0.16715542521994137,
                "support": 569.0
            },
            "1": {
                "precision": 0.4885114885114885,
                "recall": 0.8972477064220183,
                "f1-score": 0.6326002587322122,
                "support": 545.0
            },
            "accuracy": 0.49012567324955114,
            "macro avg": {
                "precision": 0.49646813363627523,
                "recall": 0.4987117266732236,
                "f1-score": 0.3998778419760768,
                "support": 1114.0
            },
            "weighted avg": {
                "precision": 0.4966395514845651,
                "recall": 0.49012567324955114,
                "f1-score": 0.3948640735719949,
                "support": 1114.0
            }
        },
        "confusion_matrix": [
            [
                57,
                512
            ],
            [
                56,
                489
            ]
        ]
    }
}