{
    "timestamp": "2025-04-28 21:52:02",
    "training_history": {
        "accuracy": [
            0.5434425473213196,
            0.5784964561462402,
            0.6119797229766846,
            0.6513885855674744,
            0.6813021898269653,
            0.7034696936607361,
            0.7414507269859314,
            0.7551581263542175,
            0.7686513662338257,
            0.7763975262641907,
            0.7883915305137634
        ],
        "loss": [
            0.7340692281723022,
            0.6930915713310242,
            0.6686846017837524,
            0.6381481885910034,
            0.6108638644218445,
            0.5900019407272339,
            0.5429158210754395,
            0.5241199135780334,
            0.5072540640830994,
            0.4916621744632721,
            0.47750622034072876
        ],
        "val_accuracy": [
            0.5116696357727051,
            0.520646333694458,
            0.4937163293361664,
            0.5170556306838989,
            0.5179533362388611,
            0.5035906434059143,
            0.47666066884994507,
            0.5044883489608765,
            0.4955116808414459,
            0.5098743438720703,
            0.5017953515052795
        ],
        "val_loss": [
            0.7394022345542908,
            0.7534022331237793,
            0.7654640078544617,
            0.8644630908966064,
            0.9508888125419617,
            0.9545261859893799,
            1.024032711982727,
            1.0498065948486328,
            1.1712299585342407,
            1.0697299242019653,
            1.1272293329238892
        ],
        "learning_rate": [
            0.0010000000474974513,
            0.0010000000474974513,
            0.0010000000474974513,
            0.0010000000474974513,
            0.0010000000474974513,
            0.0010000000474974513,
            0.0005000000237487257,
            0.0005000000237487257,
            0.0005000000237487257,
            0.0005000000237487257,
            0.0005000000237487257
        ]
    },
    "evaluation_metrics": {
        "accuracy": 0.5556552962298025,
        "precision": 0.5436649720408091,
        "recall": 0.5556552962298025,
        "f1": 0.5387304659925847,
        "classification_report": {
            "0": {
                "precision": 0.49554896142433236,
                "recall": 0.3394308943089431,
                "f1-score": 0.4028950542822678,
                "support": 492.0
            },
            "1": {
                "precision": 0.5817245817245817,
                "recall": 0.7266881028938906,
                "f1-score": 0.6461758398856327,
                "support": 622.0
            },
            "accuracy": 0.5556552962298025,
            "macro avg": {
                "precision": 0.5386367715744571,
                "recall": 0.5330594986014169,
                "f1-score": 0.5245354470839503,
                "support": 1114.0
            },
            "weighted avg": {
                "precision": 0.5436649720408091,
                "recall": 0.5556552962298025,
                "f1-score": 0.5387304659925847,
                "support": 1114.0
            }
        },
        "confusion_matrix": [
            [
                167,
                325
            ],
            [
                170,
                452
            ]
        ]
    }
}