{
    "timestamp": "2025-04-28 21:55:04",
    "training_history": {
        "accuracy": [
            0.5467082858085632,
            0.5873666405677795,
            0.6301066875457764,
            0.6639344096183777,
            0.6960057020187378,
            0.7236533761024475,
            0.7339968681335449,
            0.7585870623588562,
            0.7872105240821838,
            0.800871729850769,
            0.8055555820465088,
            0.8179807662963867,
            0.8175904154777527
        ],
        "loss": [
            0.7499724626541138,
            0.6996235251426697,
            0.6634995937347412,
            0.6268209218978882,
            0.5993098020553589,
            0.570212721824646,
            0.5505279898643494,
            0.5273765921592712,
            0.48434266448020935,
            0.4641294479370117,
            0.4537343978881836,
            0.43995094299316406,
            0.4294847846031189
        ],
        "val_accuracy": [
            0.47787609696388245,
            0.5469026565551758,
            0.5663716793060303,
            0.5610619187355042,
            0.5681415796279907,
            0.5646017789840698,
            0.5203539729118347,
            0.5256637334823608,
            0.5345132946968079,
            0.5309734344482422,
            0.5221238732337952,
            0.4991150498390198,
            0.5132743120193481
        ],
        "val_loss": [
            0.7446355223655701,
            0.7385962605476379,
            0.7246822118759155,
            0.7640988230705261,
            0.887381911277771,
            0.8193851709365845,
            0.8639650940895081,
            0.8840015530586243,
            1.0151269435882568,
            0.9460749626159668,
            1.02126944065094,
            1.0673342943191528,
            1.0470538139343262
        ],
        "learning_rate": [
            0.0010000000474974513,
            0.0010000000474974513,
            0.0010000000474974513,
            0.0010000000474974513,
            0.0010000000474974513,
            0.0010000000474974513,
            0.0010000000474974513,
            0.0010000000474974513,
            0.0005000000237487257,
            0.0005000000237487257,
            0.0005000000237487257,
            0.0005000000237487257,
            0.0005000000237487257
        ]
    },
    "evaluation_metrics": {
        "accuracy": 0.4761061946902655,
        "precision": 0.5326968426659181,
        "recall": 0.4761061946902655,
        "f1": 0.44150063395145905,
        "classification_report": {
            "0": {
                "precision": 0.4361948955916473,
                "recall": 0.7800829875518672,
                "f1-score": 0.5595238095238095,
                "support": 241.0
            },
            "1": {
                "precision": 0.6044776119402985,
                "recall": 0.25,
                "f1-score": 0.3537117903930131,
                "support": 324.0
            },
            "accuracy": 0.4761061946902655,
            "macro avg": {
                "precision": 0.5203362537659729,
                "recall": 0.5150414937759336,
                "f1-score": 0.45661779995841134,
                "support": 565.0
            },
            "weighted avg": {
                "precision": 0.5326968426659181,
                "recall": 0.4761061946902655,
                "f1-score": 0.44150063395145905,
                "support": 565.0
            }
        },
        "confusion_matrix": [
            [
                188,
                53
            ],
            [
                243,
                81
            ]
        ]
    }
}