{
    "timestamp": "2025-04-28 21:57:12",
    "training_history": {
        "accuracy": [
            0.5399124622344971,
            0.5607740879058838,
            0.5882375240325928,
            0.6063075065612793,
            0.6224159002304077,
            0.6381469964981079,
            0.6513882875442505,
            0.6803606748580933,
            0.6960540413856506,
            0.7099743485450745,
            0.7242341637611389,
            0.7311754822731018
        ],
        "loss": [
            0.7405499219894409,
            0.7000913619995117,
            0.6814104914665222,
            0.6666852235794067,
            0.6551926136016846,
            0.6392494440078735,
            0.6286203861236572,
            0.5959126949310303,
            0.5806013941764832,
            0.5685039162635803,
            0.5544952154159546,
            0.5432835221290588
        ],
        "val_accuracy": [
            0.5447080135345459,
            0.5054744482040405,
            0.5419707894325256,
            0.5310218930244446,
            0.5346715450286865,
            0.5191605687141418,
            0.5063868761062622,
            0.5364963412284851,
            0.5419707894325256,
            0.5428832173347473,
            0.5127737522125244,
            0.5337591171264648
        ],
        "val_loss": [
            0.7397072315216064,
            0.7189499735832214,
            0.7218785285949707,
            0.7874912619590759,
            0.85680091381073,
            0.8016961812973022,
            0.8062384128570557,
            0.8927342295646667,
            0.8730964660644531,
            0.8777076601982117,
            0.9416812658309937,
            0.8891704082489014
        ],
        "learning_rate": [
            0.0010000000474974513,
            0.0010000000474974513,
            0.0010000000474974513,
            0.0010000000474974513,
            0.0010000000474974513,
            0.0010000000474974513,
            0.0010000000474974513,
            0.0005000000237487257,
            0.0005000000237487257,
            0.0005000000237487257,
            0.0005000000237487257,
            0.0005000000237487257
        ]
    },
    "evaluation_metrics": {
        "accuracy": 0.44799270072992703,
        "precision": 0.48366971368030826,
        "recall": 0.44799270072992703,
        "f1": 0.30374048321150116,
        "classification_report": {
            "0": {
                "precision": 0.4458058435438266,
                "recall": 0.9653061224489796,
                "f1-score": 0.6099290780141844,
                "support": 490.0
            },
            "1": {
                "precision": 0.5142857142857142,
                "recall": 0.0297029702970297,
                "f1-score": 0.05616224648985958,
                "support": 606.0
            },
            "accuracy": 0.44799270072992703,
            "macro avg": {
                "precision": 0.4800457789147704,
                "recall": 0.4975045463730047,
                "f1-score": 0.333045662252022,
                "support": 1096.0
            },
            "weighted avg": {
                "precision": 0.48366971368030826,
                "recall": 0.44799270072992703,
                "f1-score": 0.30374048321150116,
                "support": 1096.0
            }
        },
        "confusion_matrix": [
            [
                473,
                17
            ],
            [
                588,
                18
            ]
        ]
    }
}