{
    "timestamp": "2025-04-28 21:48:15",
    "training_history": {
        "accuracy": [
            0.6045776605606079,
            0.6707131862640381,
            0.7245826721191406,
            0.7551846504211426,
            0.7886949777603149,
            0.8013404011726379,
            0.8345978856086731,
            0.8472433090209961,
            0.8531866669654846,
            0.863050103187561,
            0.8678553104400635
        ],
        "loss": [
            0.7366370558738708,
            0.657951831817627,
            0.598844051361084,
            0.5475811958312988,
            0.5069953799247742,
            0.47725602984428406,
            0.42474687099456787,
            0.3976810872554779,
            0.3875141143798828,
            0.3771599233150482,
            0.3570193946361542
        ],
        "val_accuracy": [
            0.3639344274997711,
            0.4131147563457489,
            0.43934425711631775,
            0.43278688192367554,
            0.43278688192367554,
            0.4295082092285156,
            0.4622950851917267,
            0.4229508340358734,
            0.44918033480644226,
            0.4295082092285156,
            0.37049180269241333
        ],
        "val_loss": [
            0.9800187945365906,
            1.1174830198287964,
            1.1803587675094604,
            1.3221898078918457,
            1.639533519744873,
            1.48526132106781,
            1.500606656074524,
            1.6214659214019775,
            1.645180583000183,
            1.6592528820037842,
            1.6998450756072998
        ],
        "learning_rate": [
            0.0010000000474974513,
            0.0010000000474974513,
            0.0010000000474974513,
            0.0010000000474974513,
            0.0010000000474974513,
            0.0010000000474974513,
            0.0005000000237487257,
            0.0005000000237487257,
            0.0005000000237487257,
            0.0005000000237487257,
            0.0005000000237487257
        ]
    },
    "evaluation_metrics": {
        "accuracy": 0.4885245901639344,
        "precision": 0.23865627519484012,
        "recall": 0.4885245901639344,
        "f1": 0.3206615151296309,
        "classification_report": {
            "0": {
                "precision": 0.4885245901639344,
                "recall": 1.0,
                "f1-score": 0.6563876651982379,
                "support": 149.0
            },
            "1": {
                "precision": 0.0,
                "recall": 0.0,
                "f1-score": 0.0,
                "support": 156.0
            },
            "accuracy": 0.4885245901639344,
            "macro avg": {
                "precision": 0.2442622950819672,
                "recall": 0.5,
                "f1-score": 0.32819383259911894,
                "support": 305.0
            },
            "weighted avg": {
                "precision": 0.23865627519484012,
                "recall": 0.4885245901639344,
                "f1-score": 0.3206615151296309,
                "support": 305.0
            }
        },
        "confusion_matrix": [
            [
                149,
                0
            ],
            [
                156,
                0
            ]
        ]
    }
}