{
    "timestamp": "2025-04-28 21:56:27",
    "training_history": {
        "accuracy": [
            0.5379555821418762,
            0.5754088163375854,
            0.6218598484992981,
            0.665707528591156,
            0.6944368481636047,
            0.7159038782119751,
            0.7418470978736877,
            0.7716269493103027,
            0.7882981896400452,
            0.7990773916244507,
            0.8099022507667542,
            0.8125057220458984
        ],
        "loss": [
            0.7381029725074768,
            0.6954465508460999,
            0.6616178154945374,
            0.6320275068283081,
            0.5993626713752747,
            0.571427047252655,
            0.5456352233886719,
            0.4951200783252716,
            0.474739134311676,
            0.4642319083213806,
            0.44489362835884094,
            0.4363335967063904
        ],
        "val_accuracy": [
            0.460829496383667,
            0.45622119307518005,
            0.45622119307518005,
            0.4942396283149719,
            0.4873271882534027,
            0.4746543765068054,
            0.489631325006485,
            0.4930875599384308,
            0.4769585132598877,
            0.4965437650680542,
            0.4861751198768616,
            0.48847925662994385
        ],
        "val_loss": [
            0.8297997117042542,
            0.7910627126693726,
            0.874279260635376,
            0.9370307922363281,
            1.0055714845657349,
            1.058173418045044,
            1.030521035194397,
            1.3396021127700806,
            1.1307387351989746,
            1.4405381679534912,
            1.3116761445999146,
            1.5190991163253784
        ],
        "learning_rate": [
            0.0010000000474974513,
            0.0010000000474974513,
            0.0010000000474974513,
            0.0010000000474974513,
            0.0010000000474974513,
            0.0010000000474974513,
            0.0010000000474974513,
            0.0005000000237487257,
            0.0005000000237487257,
            0.0005000000237487257,
            0.0005000000237487257,
            0.0005000000237487257
        ]
    },
    "evaluation_metrics": {
        "accuracy": 0.5149769585253456,
        "precision": 0.540468794084454,
        "recall": 0.5149769585253456,
        "f1": 0.4762810214693725,
        "classification_report": {
            "0": {
                "precision": 0.4955357142857143,
                "recall": 0.8024096385542169,
                "f1-score": 0.6126954921803128,
                "support": 415.0
            },
            "1": {
                "precision": 0.5816326530612245,
                "recall": 0.25165562913907286,
                "f1-score": 0.35130970724191063,
                "support": 453.0
            },
            "accuracy": 0.5149769585253456,
            "macro avg": {
                "precision": 0.5385841836734694,
                "recall": 0.5270326338466449,
                "f1-score": 0.4820025997111117,
                "support": 868.0
            },
            "weighted avg": {
                "precision": 0.540468794084454,
                "recall": 0.5149769585253456,
                "f1-score": 0.4762810214693725,
                "support": 868.0
            }
        },
        "confusion_matrix": [
            [
                333,
                82
            ],
            [
                339,
                114
            ]
        ]
    }
}