{
    "timestamp": "2025-04-28 21:58:23",
    "training_history": {
        "accuracy": [
            0.552094578742981,
            0.6080902814865112,
            0.6526827216148376,
            0.6948745846748352,
            0.7218220829963684,
            0.7601728439331055,
            0.7943224310874939,
            0.8110671043395996,
            0.8256511688232422,
            0.8331533074378967,
            0.844496488571167
        ],
        "loss": [
            0.7501266002655029,
            0.699388861656189,
            0.6543940305709839,
            0.6134625673294067,
            0.57441246509552,
            0.5354771614074707,
            0.4777400493621826,
            0.4506068825721741,
            0.4296627938747406,
            0.4153638780117035,
            0.39592286944389343
        ],
        "val_accuracy": [
            0.46596065163612366,
            0.42965203523635864,
            0.4266263246536255,
            0.4704992473125458,
            0.4311648905277252,
            0.44024205207824707,
            0.4644477963447571,
            0.4568835198879242,
            0.45990923047065735,
            0.4704992473125458,
            0.4568835198879242
        ],
        "val_loss": [
            0.8539087772369385,
            1.1076825857162476,
            1.014219880104065,
            0.8562850952148438,
            1.1356600522994995,
            1.21861732006073,
            1.3160290718078613,
            1.5991183519363403,
            1.8444814682006836,
            1.69142484664917,
            1.6693733930587769
        ],
        "learning_rate": [
            0.0010000000474974513,
            0.0010000000474974513,
            0.0010000000474974513,
            0.0010000000474974513,
            0.0010000000474974513,
            0.0010000000474974513,
            0.0005000000237487257,
            0.0005000000237487257,
            0.0005000000237487257,
            0.0005000000237487257,
            0.0005000000237487257
        ]
    },
    "evaluation_metrics": {
        "accuracy": 0.4039334341906203,
        "precision": 0.16316221925702815,
        "recall": 0.4039334341906203,
        "f1": 0.23243583389848196,
        "classification_report": {
            "0": {
                "precision": 0.4039334341906203,
                "recall": 1.0,
                "f1-score": 0.5754310344827587,
                "support": 267.0
            },
            "1": {
                "precision": 0.0,
                "recall": 0.0,
                "f1-score": 0.0,
                "support": 394.0
            },
            "accuracy": 0.4039334341906203,
            "macro avg": {
                "precision": 0.20196671709531014,
                "recall": 0.5,
                "f1-score": 0.28771551724137934,
                "support": 661.0
            },
            "weighted avg": {
                "precision": 0.16316221925702815,
                "recall": 0.4039334341906203,
                "f1-score": 0.23243583389848196,
                "support": 661.0
            }
        },
        "confusion_matrix": [
            [
                267,
                0
            ],
            [
                394,
                0
            ]
        ]
    }
}