{
    "timestamp": "2025-04-28 21:44:09",
    "training_history": {
        "accuracy": [
            0.5936476588249207,
            0.6624099612236023,
            0.7174198031425476,
            0.7511460185050964,
            0.7794695496559143,
            0.7974787354469299,
            0.832514762878418,
            0.8534708619117737,
            0.8523248434066772,
            0.8605108261108398,
            0.8709888458251953
        ],
        "loss": [
            0.733612060546875,
            0.6501323580741882,
            0.5975443720817566,
            0.5475415587425232,
            0.5061841011047363,
            0.4793159067630768,
            0.41954830288887024,
            0.39591023325920105,
            0.3863866329193115,
            0.3660409152507782,
            0.35528481006622314
        ],
        "val_accuracy": [
            0.46188339591026306,
            0.4439461827278137,
            0.44843047857284546,
            0.44843047857284546,
            0.4708520174026489,
            0.4663677215576172,
            0.4932735562324524,
            0.47533631324768066,
            0.5156950950622559,
            0.5112107396125793,
            0.4798206388950348
        ],
        "val_loss": [
            0.829438328742981,
            0.9108254313468933,
            0.9722684621810913,
            0.9649866819381714,
            1.0636959075927734,
            1.1748359203338623,
            1.2047890424728394,
            1.3117098808288574,
            1.3204330205917358,
            1.4356635808944702,
            1.4710853099822998
        ],
        "learning_rate": [
            0.0010000000474974513,
            0.0010000000474974513,
            0.0010000000474974513,
            0.0010000000474974513,
            0.0010000000474974513,
            0.0010000000474974513,
            0.0005000000237487257,
            0.0005000000237487257,
            0.0005000000237487257,
            0.0005000000237487257,
            0.0005000000237487257
        ]
    },
    "evaluation_metrics": {
        "accuracy": 0.5669642857142857,
        "precision": 0.5658770161290323,
        "recall": 0.5669642857142857,
        "f1": 0.5661384623105491,
        "classification_report": {
            "0": {
                "precision": 0.54,
                "recall": 0.5142857142857142,
                "f1-score": 0.5268292682926828,
                "support": 105.0
            },
            "1": {
                "precision": 0.5887096774193549,
                "recall": 0.6134453781512605,
                "f1-score": 0.6008230452674898,
                "support": 119.0
            },
            "accuracy": 0.5669642857142857,
            "macro avg": {
                "precision": 0.5643548387096775,
                "recall": 0.5638655462184874,
                "f1-score": 0.5638261567800863,
                "support": 224.0
            },
            "weighted avg": {
                "precision": 0.5658770161290323,
                "recall": 0.5669642857142857,
                "f1-score": 0.5661384623105491,
                "support": 224.0
            }
        },
        "confusion_matrix": [
            [
                54,
                51
            ],
            [
                46,
                73
            ]
        ]
    }
}