{
    "timestamp": "2025-04-28 21:58:57",
    "training_history": {
        "accuracy": [
            0.5451977252960205,
            0.5896772742271423,
            0.6308531761169434,
            0.6651345491409302,
            0.6981710195541382,
            0.7255098819732666,
            0.7640045881271362,
            0.7847840785980225,
            0.7967059016227722,
            0.8101599216461182,
            0.8166235685348511
        ],
        "loss": [
            0.7481095194816589,
            0.696171760559082,
            0.660058319568634,
            0.6279162168502808,
            0.5943400859832764,
            0.5684769153594971,
            0.5152190327644348,
            0.48671406507492065,
            0.46783238649368286,
            0.4493286609649658,
            0.4385097622871399
        ],
        "val_accuracy": [
            0.5214198231697083,
            0.49571603536605835,
            0.4687882363796234,
            0.48470011353492737,
            0.46144431829452515,
            0.48714810609817505,
            0.48470011353492737,
            0.47246021032333374,
            0.4651162922382355,
            0.4149326682090759,
            0.4345165193080902
        ],
        "val_loss": [
            0.7708975076675415,
            0.8360466957092285,
            0.8620014786720276,
            0.8466140031814575,
            0.8586280941963196,
            0.8286791443824768,
            0.8382713198661804,
            0.859466016292572,
            0.8722678422927856,
            0.96517014503479,
            0.9974109530448914
        ],
        "learning_rate": [
            0.0010000000474974513,
            0.0010000000474974513,
            0.0010000000474974513,
            0.0010000000474974513,
            0.0010000000474974513,
            0.0010000000474974513,
            0.0005000000237487257,
            0.0005000000237487257,
            0.0005000000237487257,
            0.0005000000237487257,
            0.0005000000237487257
        ]
    },
    "evaluation_metrics": {
        "accuracy": 0.49938800489596086,
        "precision": 0.5001583051997165,
        "recall": 0.49938800489596086,
        "f1": 0.497328916945083,
        "classification_report": {
            "0": {
                "precision": 0.4945770065075922,
                "recall": 0.5643564356435643,
                "f1-score": 0.5271676300578034,
                "support": 404.0
            },
            "1": {
                "precision": 0.5056179775280899,
                "recall": 0.4358353510895884,
                "f1-score": 0.4681404421326398,
                "support": 413.0
            },
            "accuracy": 0.49938800489596086,
            "macro avg": {
                "precision": 0.500097492017841,
                "recall": 0.5000958933665763,
                "f1-score": 0.49765403609522163,
                "support": 817.0
            },
            "weighted avg": {
                "precision": 0.5001583051997165,
                "recall": 0.49938800489596086,
                "f1-score": 0.497328916945083,
                "support": 817.0
            }
        },
        "confusion_matrix": [
            [
                228,
                176
            ],
            [
                233,
                180
            ]
        ]
    }
}