{
    "timestamp": "2025-04-28 22:09:37",
    "training_history": {
        "accuracy": [
            0.5359535813331604,
            0.5725072622299194,
            0.6121612191200256,
            0.6449645161628723,
            0.6746174693107605,
            0.7064206600189209,
            0.7376237511634827,
            0.7562756538391113,
            0.77012699842453,
            0.7799779772758484,
            0.7952294945716858
        ],
        "loss": [
            0.736573338508606,
            0.6965647339820862,
            0.6689732670783997,
            0.6430588364601135,
            0.6136442422866821,
            0.5845941305160522,
            0.5357626080513,
            0.5097038149833679,
            0.4888656735420227,
            0.4738077223300934,
            0.4610369801521301
        ],
        "val_accuracy": [
            0.46675190329551697,
            0.5332480669021606,
            0.5127876996994019,
            0.49232736229896545,
            0.5153452754020691,
            0.47698208689689636,
            0.5063938498497009,
            0.5038363337516785,
            0.5115089416503906,
            0.4936061501502991,
            0.5115089416503906
        ],
        "val_loss": [
            0.7377962470054626,
            0.7549725770950317,
            0.9164320826530457,
            0.8174536228179932,
            0.8140571713447571,
            0.8395365476608276,
            0.8875049352645874,
            0.8818430304527283,
            0.9952152967453003,
            0.9905896782875061,
            1.0154634714126587
        ],
        "learning_rate": [
            0.0010000000474974513,
            0.0010000000474974513,
            0.0010000000474974513,
            0.0010000000474974513,
            0.0010000000474974513,
            0.0010000000474974513,
            0.0005000000237487257,
            0.0005000000237487257,
            0.0005000000237487257,
            0.0005000000237487257,
            0.0005000000237487257
        ]
    },
    "evaluation_metrics": {
        "accuracy": 0.4942528735632184,
        "precision": 0.5199551841927822,
        "recall": 0.4942528735632184,
        "f1": 0.4935136894556767,
        "classification_report": {
            "0": {
                "precision": 0.42919389978213507,
                "recall": 0.595166163141994,
                "f1-score": 0.49873417721518987,
                "support": 331.0
            },
            "1": {
                "precision": 0.5864197530864198,
                "recall": 0.42035398230088494,
                "f1-score": 0.4896907216494846,
                "support": 452.0
            },
            "accuracy": 0.4942528735632184,
            "macro avg": {
                "precision": 0.5078068264342774,
                "recall": 0.5077600727214395,
                "f1-score": 0.4942124494323372,
                "support": 783.0
            },
            "weighted avg": {
                "precision": 0.5199551841927822,
                "recall": 0.4942528735632184,
                "f1-score": 0.4935136894556767,
                "support": 783.0
            }
        },
        "confusion_matrix": [
            [
                197,
                134
            ],
            [
                262,
                190
            ]
        ]
    }
}