{
    "timestamp": "2025-04-28 22:02:42",
    "training_history": {
        "accuracy": [
            0.545339822769165,
            0.5907805562019348,
            0.6279410123825073,
            0.6722710132598877,
            0.7003433108329773,
            0.7230637073516846,
            0.7610825300216675,
            0.7774916887283325,
            0.7904170155525208,
            0.8017772436141968,
            0.8063213229179382
        ],
        "loss": [
            0.7396987080574036,
            0.6906719207763672,
            0.6585848927497864,
            0.6231139302253723,
            0.5955031514167786,
            0.5725802779197693,
            0.5201933979988098,
            0.4966784119606018,
            0.48166656494140625,
            0.4641467034816742,
            0.45504558086395264
        ],
        "val_accuracy": [
            0.49154746532440186,
            0.48504552245140076,
            0.5110533237457275,
            0.5149545073509216,
            0.5461638569831848,
            0.5448634624481201,
            0.5344603657722473,
            0.5513654351234436,
            0.5487646460533142,
            0.5552665591239929,
            0.5474642515182495
        ],
        "val_loss": [
            0.7685918211936951,
            0.7835919857025146,
            0.8196073174476624,
            0.8528732061386108,
            0.9117771983146667,
            1.0004091262817383,
            1.068713665008545,
            1.1422656774520874,
            1.1061781644821167,
            1.2139393091201782,
            1.1639593839645386
        ],
        "learning_rate": [
            0.0010000000474974513,
            0.0010000000474974513,
            0.0010000000474974513,
            0.0010000000474974513,
            0.0010000000474974513,
            0.0010000000474974513,
            0.0005000000237487257,
            0.0005000000237487257,
            0.0005000000237487257,
            0.0005000000237487257,
            0.0005000000237487257
        ]
    },
    "evaluation_metrics": {
        "accuracy": 0.5123537061118335,
        "precision": 0.5371129582117878,
        "recall": 0.5123537061118335,
        "f1": 0.4779630833222802,
        "classification_report": {
            "0": {
                "precision": 0.4914383561643836,
                "recall": 0.7863013698630137,
                "f1-score": 0.6048472075869336,
                "support": 365.0
            },
            "1": {
                "precision": 0.5783783783783784,
                "recall": 0.26485148514851486,
                "f1-score": 0.3633276740237691,
                "support": 404.0
            },
            "accuracy": 0.5123537061118335,
            "macro avg": {
                "precision": 0.534908367271381,
                "recall": 0.5255764275057643,
                "f1-score": 0.4840874408053513,
                "support": 769.0
            },
            "weighted avg": {
                "precision": 0.5371129582117878,
                "recall": 0.5123537061118335,
                "f1-score": 0.4779630833222802,
                "support": 769.0
            }
        },
        "confusion_matrix": [
            [
                287,
                78
            ],
            [
                297,
                107
            ]
        ]
    }
}