{
    "timestamp": "2025-04-28 22:03:18",
    "training_history": {
        "accuracy": [
            0.5483240485191345,
            0.5833088755607605,
            0.6170233488082886,
            0.658018171787262,
            0.6952018141746521,
            0.7232971787452698,
            0.7468484044075012,
            0.7819309830665588,
            0.7936089038848877,
            0.8059709072113037,
            0.8183817267417908,
            0.8213622570037842
        ],
        "loss": [
            0.7411327362060547,
            0.6975805759429932,
            0.6704904437065125,
            0.638798177242279,
            0.6051976680755615,
            0.5722634196281433,
            0.5498246550559998,
            0.4970038831233978,
            0.476001113653183,
            0.4576411545276642,
            0.4430825710296631,
            0.43357253074645996
        ],
        "val_accuracy": [
            0.5161676406860352,
            0.5185628533363342,
            0.4562874138355255,
            0.4922155737876892,
            0.5329341292381287,
            0.4982036054134369,
            0.4994012117385864,
            0.4910179674625397,
            0.5017964243888855,
            0.4958083927631378,
            0.485029935836792,
            0.5089820623397827
        ],
        "val_loss": [
            0.7458251714706421,
            0.7310473322868347,
            0.7776127457618713,
            0.7982798218727112,
            0.843791663646698,
            0.8399040102958679,
            0.8617756962776184,
            1.068732738494873,
            1.0936864614486694,
            1.1835412979125977,
            1.1635029315948486,
            1.0160040855407715
        ],
        "learning_rate": [
            0.0010000000474974513,
            0.0010000000474974513,
            0.0010000000474974513,
            0.0010000000474974513,
            0.0010000000474974513,
            0.0010000000474974513,
            0.0010000000474974513,
            0.0005000000237487257,
            0.0005000000237487257,
            0.0005000000237487257,
            0.0005000000237487257,
            0.0005000000237487257
        ]
    },
    "evaluation_metrics": {
        "accuracy": 0.518562874251497,
        "precision": 0.4933643470500791,
        "recall": 0.518562874251497,
        "f1": 0.4017464088217008,
        "classification_report": {
            "0": {
                "precision": 0.46153846153846156,
                "recall": 0.06030150753768844,
                "f1-score": 0.10666666666666665,
                "support": 398.0
            },
            "1": {
                "precision": 0.5223499361430396,
                "recall": 0.9359267734553776,
                "f1-score": 0.6704918032786885,
                "support": 437.0
            },
            "accuracy": 0.518562874251497,
            "macro avg": {
                "precision": 0.4919441988407506,
                "recall": 0.498114140496533,
                "f1-score": 0.3885792349726776,
                "support": 835.0
            },
            "weighted avg": {
                "precision": 0.4933643470500791,
                "recall": 0.518562874251497,
                "f1-score": 0.4017464088217008,
                "support": 835.0
            }
        },
        "confusion_matrix": [
            [
                24,
                374
            ],
            [
                28,
                409
            ]
        ]
    }
}