{
    "timestamp": "2025-04-28 22:04:08",
    "training_history": {
        "accuracy": [
            0.5202233195304871,
            0.5471014380455017,
            0.5652913451194763,
            0.580264687538147,
            0.6093981266021729,
            0.6335033774375916,
            0.6716947555541992,
            0.6936187744140625,
            0.7115128636360168,
            0.7216060161590576,
            0.7363945841789246,
            0.7564330101013184,
            0.7630878686904907
        ],
        "loss": [
            0.7391199469566345,
            0.700326144695282,
            0.6888037323951721,
            0.6793683171272278,
            0.6638689041137695,
            0.6479595899581909,
            0.6114307641983032,
            0.5903058052062988,
            0.5725758671760559,
            0.5581746697425842,
            0.5426719188690186,
            0.5160143971443176,
            0.5065093040466309
        ],
        "val_accuracy": [
            0.5397830009460449,
            0.5189873576164246,
            0.5578661561012268,
            0.5271247625350952,
            0.5072332620620728,
            0.482820987701416,
            0.5126582384109497,
            0.5063291192054749,
            0.5099457502365112,
            0.5099457502365112,
            0.5081374049186707,
            0.5298372507095337,
            0.5162748694419861
        ],
        "val_loss": [
            0.7106686234474182,
            0.7108792066574097,
            0.7106019258499146,
            0.7152512073516846,
            0.7663891911506653,
            0.8072603344917297,
            0.8692880272865295,
            0.901009202003479,
            0.953575074672699,
            0.9415273070335388,
            0.9642398953437805,
            0.9339942932128906,
            1.0120329856872559
        ],
        "learning_rate": [
            0.0010000000474974513,
            0.0010000000474974513,
            0.0010000000474974513,
            0.0010000000474974513,
            0.0010000000474974513,
            0.0010000000474974513,
            0.0005000000237487257,
            0.0005000000237487257,
            0.0005000000237487257,
            0.0005000000237487257,
            0.0005000000237487257,
            0.0002500000118743628,
            0.0002500000118743628
        ]
    },
    "evaluation_metrics": {
        "accuracy": 0.4421338155515371,
        "precision": 0.5537080460226935,
        "recall": 0.4421338155515371,
        "f1": 0.2828637287873109,
        "classification_report": {
            "0": {
                "precision": 0.43956043956043955,
                "recall": 0.9896907216494846,
                "f1-score": 0.6087507926442612,
                "support": 485.0
            },
            "1": {
                "precision": 0.6428571428571429,
                "recall": 0.014492753623188406,
                "f1-score": 0.028346456692913385,
                "support": 621.0
            },
            "accuracy": 0.4421338155515371,
            "macro avg": {
                "precision": 0.5412087912087913,
                "recall": 0.5020917376363365,
                "f1-score": 0.3185486246685873,
                "support": 1106.0
            },
            "weighted avg": {
                "precision": 0.5537080460226935,
                "recall": 0.4421338155515371,
                "f1-score": 0.2828637287873109,
                "support": 1106.0
            }
        },
        "confusion_matrix": [
            [
                480,
                5
            ],
            [
                612,
                9
            ]
        ]
    }
}