{
    "timestamp": "2025-04-28 22:00:35",
    "training_history": {
        "accuracy": [
            0.5387756824493408,
            0.5748423337936401,
            0.6054099798202515,
            0.6331877708435059,
            0.6605207920074463,
            0.6881772875785828,
            0.725052535533905,
            0.7471292018890381,
            0.7599870562553406,
            0.7747856974601746,
            0.7858644723892212
        ],
        "loss": [
            0.7371355295181274,
            0.6940197348594666,
            0.6726802587509155,
            0.6513916850090027,
            0.6262577772140503,
            0.602638304233551,
            0.5584830641746521,
            0.5329405069351196,
            0.5148815512657166,
            0.5010976791381836,
            0.4872606694698334
        ],
        "val_accuracy": [
            0.5410484671592712,
            0.47774481773376465,
            0.5084075331687927,
            0.5182986855506897,
            0.5499505400657654,
            0.5697329640388489,
            0.5697329640388489,
            0.5746785402297974,
            0.553907036781311,
            0.5647873282432556,
            0.5598417520523071
        ],
        "val_loss": [
            0.796293318271637,
            0.841556966304779,
            0.8658863306045532,
            0.9763652086257935,
            1.0591496229171753,
            1.065359354019165,
            1.1020722389221191,
            1.1472668647766113,
            1.108986496925354,
            1.2790471315383911,
            1.316038727760315
        ],
        "learning_rate": [
            0.0010000000474974513,
            0.0010000000474974513,
            0.0010000000474974513,
            0.0010000000474974513,
            0.0010000000474974513,
            0.0010000000474974513,
            0.0005000000237487257,
            0.0005000000237487257,
            0.0005000000237487257,
            0.0005000000237487257,
            0.0005000000237487257
        ]
    },
    "evaluation_metrics": {
        "accuracy": 0.5450049455984174,
        "precision": 0.29703039072673393,
        "recall": 0.5450049455984174,
        "f1": 0.3845041293530448,
        "classification_report": {
            "0": {
                "precision": 0.0,
                "recall": 0.0,
                "f1-score": 0.0,
                "support": 460.0
            },
            "1": {
                "precision": 0.5450049455984174,
                "recall": 1.0,
                "f1-score": 0.70550576184379,
                "support": 551.0
            },
            "accuracy": 0.5450049455984174,
            "macro avg": {
                "precision": 0.2725024727992087,
                "recall": 0.5,
                "f1-score": 0.352752880921895,
                "support": 1011.0
            },
            "weighted avg": {
                "precision": 0.29703039072673393,
                "recall": 0.5450049455984174,
                "f1-score": 0.3845041293530448,
                "support": 1011.0
            }
        },
        "confusion_matrix": [
            [
                0,
                460
            ],
            [
                0,
                551
            ]
        ]
    }
}