{
    "timestamp": "2025-04-28 21:59:55",
    "training_history": {
        "accuracy": [
            0.5437266826629639,
            0.5865511894226074,
            0.616744875907898,
            0.6463972330093384,
            0.6611331701278687,
            0.689883291721344,
            0.7287982702255249,
            0.7423312664031982,
            0.7562251687049866,
            0.7609166502952576,
            0.7752917408943176
        ],
        "loss": [
            0.7477003335952759,
            0.7007692456245422,
            0.670150876045227,
            0.6432667374610901,
            0.6210198402404785,
            0.5997973084449768,
            0.5481678247451782,
            0.5258793830871582,
            0.5087934732437134,
            0.49961140751838684,
            0.4791351854801178
        ],
        "val_accuracy": [
            0.501474916934967,
            0.4808259606361389,
            0.48230087757110596,
            0.48672565817832947,
            0.5,
            0.5044247508049011,
            0.533923327922821,
            0.5206489562988281,
            0.5442478060722351,
            0.5457227230072021,
            0.517699122428894
        ],
        "val_loss": [
            0.7482118606567383,
            0.7734555006027222,
            0.7742005586624146,
            0.8628811240196228,
            0.8412435054779053,
            0.8762925267219543,
            0.8886843919754028,
            0.9451215863227844,
            0.9491748809814453,
            0.9838777780532837,
            0.9632469415664673
        ],
        "learning_rate": [
            0.0010000000474974513,
            0.0010000000474974513,
            0.0010000000474974513,
            0.0010000000474974513,
            0.0010000000474974513,
            0.0010000000474974513,
            0.0005000000237487257,
            0.0005000000237487257,
            0.0005000000237487257,
            0.0005000000237487257,
            0.0005000000237487257
        ]
    },
    "evaluation_metrics": {
        "accuracy": 0.41150442477876104,
        "precision": 0.3266650192018701,
        "recall": 0.41150442477876104,
        "f1": 0.2914672417639622,
        "classification_report": {
            "0": {
                "precision": 0.4256,
                "recall": 0.869281045751634,
                "f1-score": 0.5714285714285714,
                "support": 306.0
            },
            "1": {
                "precision": 0.24528301886792453,
                "recall": 0.03494623655913978,
                "f1-score": 0.06117647058823528,
                "support": 372.0
            },
            "accuracy": 0.41150442477876104,
            "macro avg": {
                "precision": 0.3354415094339622,
                "recall": 0.4521136411553869,
                "f1-score": 0.31630252100840334,
                "support": 678.0
            },
            "weighted avg": {
                "precision": 0.3266650192018701,
                "recall": 0.41150442477876104,
                "f1-score": 0.2914672417639622,
                "support": 678.0
            }
        },
        "confusion_matrix": [
            [
                266,
                40
            ],
            [
                359,
                13
            ]
        ]
    }
}