{
    "timestamp": "2025-04-28 22:05:08",
    "training_history": {
        "accuracy": [
            0.5542945265769958,
            0.5949488282203674,
            0.6425831317901611,
            0.6765771508216858,
            0.7022591829299927,
            0.7274616360664368,
            0.7723785042762756,
            0.7852195501327515,
            0.801630437374115,
            0.8103154301643372,
            0.8213448524475098
        ],
        "loss": [
            0.7476092576980591,
            0.6968520879745483,
            0.6555570960044861,
            0.6233522295951843,
            0.5933642387390137,
            0.5656752586364746,
            0.5092134475708008,
            0.48639342188835144,
            0.46537792682647705,
            0.4487399458885193,
            0.4365769922733307
        ],
        "val_accuracy": [
            0.5796703100204468,
            0.5686812996864319,
            0.5824176073074341,
            0.5329670310020447,
            0.5206043720245361,
            0.5563187003135681,
            0.5,
            0.49175822734832764,
            0.4958791136741638,
            0.5247252583503723,
            0.4862637221813202
        ],
        "val_loss": [
            0.8894044756889343,
            1.2545480728149414,
            1.3370407819747925,
            0.8934021592140198,
            1.093403697013855,
            0.9093579053878784,
            1.0614769458770752,
            0.9978315830230713,
            1.0850805044174194,
            1.2139482498168945,
            1.4007238149642944
        ],
        "learning_rate": [
            0.0010000000474974513,
            0.0010000000474974513,
            0.0010000000474974513,
            0.0010000000474974513,
            0.0010000000474974513,
            0.0010000000474974513,
            0.0005000000237487257,
            0.0005000000237487257,
            0.0005000000237487257,
            0.0005000000237487257,
            0.0005000000237487257
        ]
    },
    "evaluation_metrics": {
        "accuracy": 0.52400548696845,
        "precision": 0.37229573547355416,
        "recall": 0.52400548696845,
        "f1": 0.3655788263078887,
        "classification_report": {
            "0": {
                "precision": 0.2,
                "recall": 0.0029069767441860465,
                "f1-score": 0.0057306590257879654,
                "support": 344.0
            },
            "1": {
                "precision": 0.5262430939226519,
                "recall": 0.9896103896103896,
                "f1-score": 0.6871055004508566,
                "support": 385.0
            },
            "accuracy": 0.52400548696845,
            "macro avg": {
                "precision": 0.3631215469613259,
                "recall": 0.49625868317728783,
                "f1-score": 0.3464180797383223,
                "support": 729.0
            },
            "weighted avg": {
                "precision": 0.37229573547355416,
                "recall": 0.52400548696845,
                "f1-score": 0.3655788263078887,
                "support": 729.0
            }
        },
        "confusion_matrix": [
            [
                1,
                343
            ],
            [
                4,
                381
            ]
        ]
    }
}