{
    "timestamp": "2025-04-28 22:06:51",
    "training_history": {
        "accuracy": [
            0.5405797362327576,
            0.587028980255127,
            0.6217391490936279,
            0.6640579700469971,
            0.6984058022499084,
            0.7218115925788879,
            0.7391666769981384,
            0.7618478536605835,
            0.775471031665802,
            0.8007608652114868,
            0.8143478035926819,
            0.8210869431495667,
            0.8277536034584045,
            0.8345652222633362
        ],
        "loss": [
            0.7340251803398132,
            0.6893328428268433,
            0.6640239953994751,
            0.6334190964698792,
            0.6028830409049988,
            0.5743412971496582,
            0.5502986311912537,
            0.5263797640800476,
            0.508381724357605,
            0.46168628334999084,
            0.4420996904373169,
            0.4297175109386444,
            0.4176415801048279,
            0.4025416672229767
        ],
        "val_accuracy": [
            0.47097378969192505,
            0.4672284722328186,
            0.5037453174591064,
            0.5468164682388306,
            0.5159175992012024,
            0.449438214302063,
            0.47284644842147827,
            0.4897003769874573,
            0.4915730357170105,
            0.4915730357170105,
            0.5065543055534363,
            0.5037453174591064,
            0.4915730357170105,
            0.5131086111068726
        ],
        "val_loss": [
            0.8469276428222656,
            0.8693670034408569,
            0.8478445410728455,
            0.7941383123397827,
            0.8612691760063171,
            1.11164391040802,
            1.168042778968811,
            0.9968487024307251,
            0.9111959338188171,
            1.2899214029312134,
            1.202929973602295,
            1.1577035188674927,
            1.253059983253479,
            1.2795464992523193
        ],
        "learning_rate": [
            0.0010000000474974513,
            0.0010000000474974513,
            0.0010000000474974513,
            0.0010000000474974513,
            0.0010000000474974513,
            0.0010000000474974513,
            0.0010000000474974513,
            0.0010000000474974513,
            0.0010000000474974513,
            0.0005000000237487257,
            0.0005000000237487257,
            0.0005000000237487257,
            0.0005000000237487257,
            0.0005000000237487257
        ]
    },
    "evaluation_metrics": {
        "accuracy": 0.4714686623012161,
        "precision": 0.472978853596158,
        "recall": 0.4714686623012161,
        "f1": 0.4604666219210768,
        "classification_report": {
            "0": {
                "precision": 0.4680232558139535,
                "recall": 0.6180422264875239,
                "f1-score": 0.5326716294458229,
                "support": 521.0
            },
            "1": {
                "precision": 0.4776902887139108,
                "recall": 0.33211678832116787,
                "f1-score": 0.39181916038751347,
                "support": 548.0
            },
            "accuracy": 0.4714686623012161,
            "macro avg": {
                "precision": 0.47285677226393213,
                "recall": 0.4750795074043459,
                "f1-score": 0.46224539491666816,
                "support": 1069.0
            },
            "weighted avg": {
                "precision": 0.472978853596158,
                "recall": 0.4714686623012161,
                "f1-score": 0.4604666219210768,
                "support": 1069.0
            }
        },
        "confusion_matrix": [
            [
                322,
                199
            ],
            [
                366,
                182
            ]
        ]
    }
}