{
    "timestamp": "2025-04-28 22:07:38",
    "training_history": {
        "accuracy": [
            0.5273067355155945,
            0.5553475618362427,
            0.5843059420585632,
            0.6246054172515869,
            0.6567936539649963,
            0.6856052279472351,
            0.7103428244590759,
            0.7442193627357483,
            0.7615062594413757,
            0.7706819176673889,
            0.7837113738059998,
            0.7929237484931946
        ],
        "loss": [
            0.7440044283866882,
            0.7032673954963684,
            0.6839563846588135,
            0.6632747054100037,
            0.6385434865951538,
            0.6125615835189819,
            0.5881333351135254,
            0.5437626838684082,
            0.5212715268135071,
            0.5055155754089355,
            0.4859292805194855,
            0.47674858570098877
        ],
        "val_accuracy": [
            0.6131059527397156,
            0.5448833107948303,
            0.6023339033126831,
            0.5924596190452576,
            0.4937163293361664,
            0.5601436495780945,
            0.5852782726287842,
            0.5574506521224976,
            0.578994631767273,
            0.5314183235168457,
            0.5745062828063965,
            0.5682226419448853
        ],
        "val_loss": [
            0.6964203119277954,
            0.6905660033226013,
            0.8766338229179382,
            0.7785906791687012,
            0.7389319539070129,
            0.946915328502655,
            1.0623157024383545,
            1.1458566188812256,
            1.2243778705596924,
            1.3694875240325928,
            1.3939015865325928,
            1.3721657991409302
        ],
        "learning_rate": [
            0.0010000000474974513,
            0.0010000000474974513,
            0.0010000000474974513,
            0.0010000000474974513,
            0.0010000000474974513,
            0.0010000000474974513,
            0.0010000000474974513,
            0.0005000000237487257,
            0.0005000000237487257,
            0.0005000000237487257,
            0.0005000000237487257,
            0.0005000000237487257
        ]
    },
    "evaluation_metrics": {
        "accuracy": 0.5709156193895871,
        "precision": 0.5664582673284754,
        "recall": 0.5709156193895871,
        "f1": 0.5628272426740866,
        "classification_report": {
            "0": {
                "precision": 0.5425,
                "recall": 0.423828125,
                "f1-score": 0.4758771929824561,
                "support": 512.0
            },
            "1": {
                "precision": 0.5868347338935574,
                "recall": 0.6960132890365448,
                "f1-score": 0.6367781155015197,
                "support": 602.0
            },
            "accuracy": 0.5709156193895871,
            "macro avg": {
                "precision": 0.5646673669467788,
                "recall": 0.5599207070182723,
                "f1-score": 0.5563276542419879,
                "support": 1114.0
            },
            "weighted avg": {
                "precision": 0.5664582673284754,
                "recall": 0.5709156193895871,
                "f1-score": 0.5628272426740866,
                "support": 1114.0
            }
        },
        "confusion_matrix": [
            [
                217,
                295
            ],
            [
                183,
                419
            ]
        ]
    }
}