{
    "timestamp": "2025-04-28 22:08:21",
    "training_history": {
        "accuracy": [
            0.5493355989456177,
            0.57949298620224,
            0.6187918186187744,
            0.6516351103782654,
            0.684101402759552,
            0.7122325897216797,
            0.7326359152793884,
            0.7691075205802917,
            0.7893223762512207,
            0.795024037361145,
            0.8060974478721619,
            0.810244083404541
        ],
        "loss": [
            0.7461937665939331,
            0.7018630504608154,
            0.6723759174346924,
            0.6491526365280151,
            0.6210324764251709,
            0.5944141149520874,
            0.5719035863876343,
            0.5227332711219788,
            0.4996068477630615,
            0.48715347051620483,
            0.4698306620121002,
            0.45788857340812683
        ],
        "val_accuracy": [
            0.5301352739334106,
            0.4637146294116974,
            0.5338253378868103,
            0.5264452695846558,
            0.5141451358795166,
            0.5178351998329163,
            0.48708486557006836,
            0.5043050646781921,
            0.5141451358795166,
            0.5166051387786865,
            0.552275538444519,
            0.5190652012825012
        ],
        "val_loss": [
            0.7869541049003601,
            0.728143036365509,
            0.7505089044570923,
            0.9076616168022156,
            0.8949933052062988,
            0.9657279253005981,
            0.942595899105072,
            1.0006893873214722,
            1.1396925449371338,
            1.1100492477416992,
            1.1033519506454468,
            1.065459966659546
        ],
        "learning_rate": [
            0.0010000000474974513,
            0.0010000000474974513,
            0.0010000000474974513,
            0.0010000000474974513,
            0.0010000000474974513,
            0.0010000000474974513,
            0.0010000000474974513,
            0.0005000000237487257,
            0.0005000000237487257,
            0.0005000000237487257,
            0.0005000000237487257,
            0.0005000000237487257
        ]
    },
    "evaluation_metrics": {
        "accuracy": 0.4735547355473555,
        "precision": 0.5272207133765792,
        "recall": 0.4735547355473555,
        "f1": 0.40384481835248975,
        "classification_report": {
            "0": {
                "precision": 0.45375722543352603,
                "recall": 0.8626373626373627,
                "f1-score": 0.5946969696969697,
                "support": 364.0
            },
            "1": {
                "precision": 0.5867768595041323,
                "recall": 0.15812917594654788,
                "f1-score": 0.24912280701754386,
                "support": 449.0
            },
            "accuracy": 0.4735547355473555,
            "macro avg": {
                "precision": 0.5202670424688292,
                "recall": 0.5103832692919553,
                "f1-score": 0.4219098883572568,
                "support": 813.0
            },
            "weighted avg": {
                "precision": 0.5272207133765792,
                "recall": 0.4735547355473555,
                "f1-score": 0.40384481835248975,
                "support": 813.0
            }
        },
        "confusion_matrix": [
            [
                314,
                50
            ],
            [
                378,
                71
            ]
        ]
    }
}