{
    "timestamp": "2025-04-28 22:09:05",
    "training_history": {
        "accuracy": [
            0.5703602433204651,
            0.6152288913726807,
            0.6583622694015503,
            0.6898859739303589,
            0.7111634612083435,
            0.7359527349472046,
            0.7536357641220093,
            0.779705822467804,
            0.7951578497886658,
            0.8059411644935608,
            0.8139150738716125,
            0.8193687200546265
        ],
        "loss": [
            0.7275651097297668,
            0.678745448589325,
            0.6415036916732788,
            0.6043745279312134,
            0.5803363919258118,
            0.5577225685119629,
            0.5311393737792969,
            0.4876047968864441,
            0.46450909972190857,
            0.4498260021209717,
            0.4335601329803467,
            0.4214819371700287
        ],
        "val_accuracy": [
            0.5332651138305664,
            0.5527123808860779,
            0.5424769520759583,
            0.5363357067108154,
            0.45649948716163635,
            0.4728761613368988,
            0.5578300952911377,
            0.46366429328918457,
            0.4759467840194702,
            0.5332651138305664,
            0.5015352964401245,
            0.45547595620155334
        ],
        "val_loss": [
            0.7541951537132263,
            0.7415767312049866,
            0.8063187599182129,
            0.7590538263320923,
            0.9715245366096497,
            0.9531397223472595,
            0.9978936910629272,
            0.9671758413314819,
            0.8533515930175781,
            0.8184863328933716,
            0.9111729860305786,
            0.8950750827789307
        ],
        "learning_rate": [
            0.0010000000474974513,
            0.0010000000474974513,
            0.0010000000474974513,
            0.0010000000474974513,
            0.0010000000474974513,
            0.0010000000474974513,
            0.0010000000474974513,
            0.0005000000237487257,
            0.0005000000237487257,
            0.0005000000237487257,
            0.0005000000237487257,
            0.0005000000237487257
        ]
    },
    "evaluation_metrics": {
        "accuracy": 0.5368098159509203,
        "precision": 0.5819905093815223,
        "recall": 0.5368098159509203,
        "f1": 0.4322251291493236,
        "classification_report": {
            "0": {
                "precision": 0.6388888888888888,
                "recall": 0.09725158562367865,
                "f1-score": 0.1688073394495413,
                "support": 473.0
            },
            "1": {
                "precision": 0.5286975717439294,
                "recall": 0.9485148514851485,
                "f1-score": 0.678951098511694,
                "support": 505.0
            },
            "accuracy": 0.5368098159509203,
            "macro avg": {
                "precision": 0.5837932303164091,
                "recall": 0.5228832185544136,
                "f1-score": 0.42387921898061764,
                "support": 978.0
            },
            "weighted avg": {
                "precision": 0.5819905093815223,
                "recall": 0.5368098159509203,
                "f1-score": 0.4322251291493236,
                "support": 978.0
            }
        },
        "confusion_matrix": [
            [
                46,
                427
            ],
            [
                26,
                479
            ]
        ]
    }
}