{
    "timestamp": "2025-04-28 22:04:37",
    "training_history": {
        "accuracy": [
            0.5400271415710449,
            0.5753052830696106,
            0.5998982191085815,
            0.6338760852813721,
            0.6645748615264893,
            0.6880936026573181,
            0.725689709186554,
            0.7421415448188782,
            0.760176420211792,
            0.7748756408691406,
            0.7875961065292358
        ],
        "loss": [
            0.7482485175132751,
            0.706348717212677,
            0.6821921467781067,
            0.6583390831947327,
            0.6340070366859436,
            0.6104634404182434,
            0.5571767687797546,
            0.5380828976631165,
            0.5133213400840759,
            0.4939124882221222,
            0.47827231884002686
        ],
        "val_accuracy": [
            0.5852534770965576,
            0.5883256793022156,
            0.560675859451294,
            0.4669739007949829,
            0.4777265787124634,
            0.5499231815338135,
            0.536098301410675,
            0.5407066345214844,
            0.5806451439857483,
            0.5668202638626099,
            0.5683563947677612
        ],
        "val_loss": [
            0.7518994808197021,
            0.8965293765068054,
            0.7986574769020081,
            0.8543363809585571,
            0.8392075896263123,
            0.9482907652854919,
            0.8619924783706665,
            0.9362490177154541,
            0.9915354251861572,
            1.0956159830093384,
            1.1549437046051025
        ],
        "learning_rate": [
            0.0010000000474974513,
            0.0010000000474974513,
            0.0010000000474974513,
            0.0010000000474974513,
            0.0010000000474974513,
            0.0010000000474974513,
            0.0005000000237487257,
            0.0005000000237487257,
            0.0005000000237487257,
            0.0005000000237487257,
            0.0005000000237487257
        ]
    },
    "evaluation_metrics": {
        "accuracy": 0.5720858895705522,
        "precision": 0.32728226504573,
        "recall": 0.5720858895705522,
        "f1": 0.41636690109232377,
        "classification_report": {
            "0": {
                "precision": 0.0,
                "recall": 0.0,
                "f1-score": 0.0,
                "support": 279.0
            },
            "1": {
                "precision": 0.5720858895705522,
                "recall": 1.0,
                "f1-score": 0.7278048780487805,
                "support": 373.0
            },
            "accuracy": 0.5720858895705522,
            "macro avg": {
                "precision": 0.2860429447852761,
                "recall": 0.5,
                "f1-score": 0.36390243902439023,
                "support": 652.0
            },
            "weighted avg": {
                "precision": 0.32728226504573,
                "recall": 0.5720858895705522,
                "f1-score": 0.41636690109232377,
                "support": 652.0
            }
        },
        "confusion_matrix": [
            [
                0,
                279
            ],
            [
                0,
                373
            ]
        ]
    }
}