{
    "timestamp": "2025-04-28 22:01:37",
    "training_history": {
        "accuracy": [
            0.5247610211372375,
            0.5590807199478149,
            0.590476930141449,
            0.6258389353752136,
            0.6484899520874023,
            0.6721323728561401,
            0.7097823619842529,
            0.7248576283454895,
            0.7364246249198914,
            0.7478391528129578,
            0.7574740648269653
        ],
        "loss": [
            0.7279532551765442,
            0.6943593621253967,
            0.6760891675949097,
            0.6543864011764526,
            0.6309157013893127,
            0.613479495048523,
            0.5716731548309326,
            0.5504339933395386,
            0.5351556539535522,
            0.5215349793434143,
            0.5094039440155029
        ],
        "val_accuracy": [
            0.43606138229370117,
            0.4635549783706665,
            0.48657289147377014,
            0.47570332884788513,
            0.4693094491958618,
            0.5,
            0.47698208689689636,
            0.46163684129714966,
            0.46547314524650574,
            0.48273658752441406,
            0.4539642035961151
        ],
        "val_loss": [
            0.8450430035591125,
            1.0512601137161255,
            0.8923340439796448,
            1.3783466815948486,
            1.5539413690567017,
            0.99361252784729,
            1.3594626188278198,
            1.2569212913513184,
            2.1573662757873535,
            1.5401675701141357,
            1.701900839805603
        ],
        "learning_rate": [
            0.0010000000474974513,
            0.0010000000474974513,
            0.0010000000474974513,
            0.0010000000474974513,
            0.0010000000474974513,
            0.0010000000474974513,
            0.0005000000237487257,
            0.0005000000237487257,
            0.0005000000237487257,
            0.0005000000237487257,
            0.0005000000237487257
        ]
    },
    "evaluation_metrics": {
        "accuracy": 0.4475703324808184,
        "precision": 0.4528328885517274,
        "recall": 0.4475703324808184,
        "f1": 0.33791688119194435,
        "classification_report": {
            "0": {
                "precision": 0.4466154919748779,
                "recall": 0.90014064697609,
                "f1-score": 0.5970149253731343,
                "support": 711.0
            },
            "1": {
                "precision": 0.4580152671755725,
                "recall": 0.07033997655334115,
                "f1-score": 0.12195121951219513,
                "support": 853.0
            },
            "accuracy": 0.4475703324808184,
            "macro avg": {
                "precision": 0.45231537957522516,
                "recall": 0.48524031176471555,
                "f1-score": 0.3594830724426647,
                "support": 1564.0
            },
            "weighted avg": {
                "precision": 0.4528328885517274,
                "recall": 0.4475703324808184,
                "f1-score": 0.33791688119194435,
                "support": 1564.0
            }
        },
        "confusion_matrix": [
            [
                640,
                71
            ],
            [
                793,
                60
            ]
        ]
    }
}