{
    "timestamp": "2025-04-28 22:05:58",
    "training_history": {
        "accuracy": [
            0.5252167582511902,
            0.5535258650779724,
            0.5849910974502563,
            0.6158824563026428,
            0.6407166719436646,
            0.6685794591903687,
            0.7119038701057434,
            0.7326256036758423,
            0.7428908348083496,
            0.7588944435119629,
            0.7690958976745605
        ],
        "loss": [
            0.7445920705795288,
            0.7011197209358215,
            0.6844013929367065,
            0.6660652160644531,
            0.6462878584861755,
            0.6240166425704956,
            0.5810085535049438,
            0.5580801367759705,
            0.5441591143608093,
            0.5273832082748413,
            0.5117264986038208
        ],
        "val_accuracy": [
            0.448142409324646,
            0.4674922525882721,
            0.4164086580276489,
            0.45820432901382446,
            0.522445797920227,
            0.5448916554450989,
            0.5727553963661194,
            0.5456656217575073,
            0.5510835647583008,
            0.5665634870529175,
            0.5603715181350708
        ],
        "val_loss": [
            0.7263253331184387,
            0.7281495332717896,
            0.7752925753593445,
            0.7325135469436646,
            0.8271878361701965,
            0.8770488500595093,
            1.0149993896484375,
            0.9082091450691223,
            0.978440523147583,
            1.1663633584976196,
            1.0563302040100098
        ],
        "learning_rate": [
            0.0010000000474974513,
            0.0010000000474974513,
            0.0010000000474974513,
            0.0010000000474974513,
            0.0010000000474974513,
            0.0010000000474974513,
            0.0005000000237487257,
            0.0005000000237487257,
            0.0005000000237487257,
            0.0005000000237487257,
            0.0005000000237487257
        ]
    },
    "evaluation_metrics": {
        "accuracy": 0.5011600928074246,
        "precision": 0.5270764378951895,
        "recall": 0.5011600928074246,
        "f1": 0.45523411542146297,
        "classification_report": {
            "0": {
                "precision": 0.4844054580896686,
                "recall": 0.8107667210440457,
                "f1-score": 0.6064673581452105,
                "support": 613.0
            },
            "1": {
                "precision": 0.5655430711610487,
                "recall": 0.22205882352941175,
                "f1-score": 0.3189017951425554,
                "support": 680.0
            },
            "accuracy": 0.5011600928074246,
            "macro avg": {
                "precision": 0.5249742646253587,
                "recall": 0.5164127722867287,
                "f1-score": 0.46268457664388296,
                "support": 1293.0
            },
            "weighted avg": {
                "precision": 0.5270764378951895,
                "recall": 0.5011600928074246,
                "f1-score": 0.45523411542146297,
                "support": 1293.0
            }
        },
        "confusion_matrix": [
            [
                497,
                116
            ],
            [
                529,
                151
            ]
        ]
    }
}