{
    "timestamp": "2025-04-28 22:11:22",
    "training_history": {
        "accuracy": [
            0.5654138326644897,
            0.6109504699707031,
            0.6594988703727722,
            0.7047945857048035,
            0.7279243469238281,
            0.7559330463409424,
            0.7737019658088684,
            0.8123117685317993,
            0.8250210881233215,
            0.8317070007324219,
            0.8403204679489136,
            0.8519455194473267
        ],
        "loss": [
            0.7354402542114258,
            0.682557225227356,
            0.6388037204742432,
            0.5972018241882324,
            0.5658936500549316,
            0.5322585105895996,
            0.5028508305549622,
            0.44932296872138977,
            0.43058276176452637,
            0.4130680561065674,
            0.4063222408294678,
            0.38427838683128357
        ],
        "val_accuracy": [
            0.5039872527122498,
            0.4832535982131958,
            0.4784688949584961,
            0.49601274728775024,
            0.4864433705806732,
            0.4848484992980957,
            0.47049441933631897,
            0.47208932042121887,
            0.4928229749202728,
            0.489633172750473,
            0.4752790927886963,
            0.49920254945755005
        ],
        "val_loss": [
            0.7295469045639038,
            0.7241911888122559,
            0.7606443762779236,
            0.756837010383606,
            0.7932541370391846,
            0.8669968843460083,
            0.9841087460517883,
            1.0962638854980469,
            1.159704566001892,
            1.2120634317398071,
            1.2447690963745117,
            1.6235204935073853
        ],
        "learning_rate": [
            0.0010000000474974513,
            0.0010000000474974513,
            0.0010000000474974513,
            0.0010000000474974513,
            0.0010000000474974513,
            0.0010000000474974513,
            0.0010000000474974513,
            0.0005000000237487257,
            0.0005000000237487257,
            0.0005000000237487257,
            0.0005000000237487257,
            0.0005000000237487257
        ]
    },
    "evaluation_metrics": {
        "accuracy": 0.5191082802547771,
        "precision": 0.5402368107373086,
        "recall": 0.5191082802547771,
        "f1": 0.4764818694826238,
        "classification_report": {
            "0": {
                "precision": 0.5746268656716418,
                "recall": 0.2391304347826087,
                "f1-score": 0.3377192982456141,
                "support": 322.0
            },
            "1": {
                "precision": 0.5040485829959515,
                "recall": 0.8137254901960784,
                "f1-score": 0.6225,
                "support": 306.0
            },
            "accuracy": 0.5191082802547771,
            "macro avg": {
                "precision": 0.5393377243337967,
                "recall": 0.5264279624893435,
                "f1-score": 0.48010964912280707,
                "support": 628.0
            },
            "weighted avg": {
                "precision": 0.5402368107373086,
                "recall": 0.5191082802547771,
                "f1-score": 0.4764818694826238,
                "support": 628.0
            }
        },
        "confusion_matrix": [
            [
                77,
                245
            ],
            [
                57,
                249
            ]
        ]
    }
}