{
    "timestamp": "2025-04-28 22:20:03",
    "training_history": {
        "accuracy": [
            0.5441377758979797,
            0.5834801197052002,
            0.6098551750183105,
            0.6395576596260071,
            0.671804666519165,
            0.6961734294891357,
            0.7174593806266785,
            0.749755322933197,
            0.7672244906425476,
            0.775445282459259,
            0.7863574028015137,
            0.798786461353302
        ],
        "loss": [
            0.7450577616691589,
            0.699596107006073,
            0.6726800799369812,
            0.6494729518890381,
            0.6228036880493164,
            0.5965315699577332,
            0.5732243061065674,
            0.5272006392478943,
            0.5020586848258972,
            0.4905494749546051,
            0.47444432973861694,
            0.4586748480796814
        ],
        "val_accuracy": [
            0.5554171800613403,
            0.528019905090332,
            0.5255292654037476,
            0.503113329410553,
            0.5691158175468445,
            0.4956413507461548,
            0.5529265403747559,
            0.5217932462692261,
            0.5205479264259338,
            0.5068492889404297,
            0.5105853080749512,
            0.5155666470527649
        ],
        "val_loss": [
            1.0409104824066162,
            0.7507164478302002,
            0.7825510501861572,
            0.8298974633216858,
            0.850227952003479,
            1.0297291278839111,
            0.8478760719299316,
            0.9173542261123657,
            1.1430327892303467,
            1.200645923614502,
            1.1147902011871338,
            1.2865546941757202
        ],
        "learning_rate": [
            0.0010000000474974513,
            0.0010000000474974513,
            0.0010000000474974513,
            0.0010000000474974513,
            0.0010000000474974513,
            0.0010000000474974513,
            0.0010000000474974513,
            0.0005000000237487257,
            0.0005000000237487257,
            0.0005000000237487257,
            0.0005000000237487257,
            0.0005000000237487257
        ]
    },
    "evaluation_metrics": {
        "accuracy": 0.5049751243781094,
        "precision": 0.49662532923617203,
        "recall": 0.5049751243781094,
        "f1": 0.46853542020409794,
        "classification_report": {
            "0": {
                "precision": 0.4791666666666667,
                "recall": 0.2358974358974359,
                "f1-score": 0.3161512027491409,
                "support": 390.0
            },
            "1": {
                "precision": 0.5130718954248366,
                "recall": 0.7584541062801933,
                "f1-score": 0.6120857699805068,
                "support": 414.0
            },
            "accuracy": 0.5049751243781094,
            "macro avg": {
                "precision": 0.49611928104575165,
                "recall": 0.4971757710888146,
                "f1-score": 0.46411848636482383,
                "support": 804.0
            },
            "weighted avg": {
                "precision": 0.49662532923617203,
                "recall": 0.5049751243781094,
                "f1-score": 0.46853542020409794,
                "support": 804.0
            }
        },
        "confusion_matrix": [
            [
                92,
                298
            ],
            [
                100,
                314
            ]
        ]
    }
}