{
    "timestamp": "2025-04-28 19:07:20",
    "training_history": {
        "accuracy": [
            0.5428905487060547,
            0.5741270184516907,
            0.6125552654266357,
            0.6424486637115479,
            0.6748115420341492,
            0.6982496976852417,
            0.7229442596435547,
            0.7553938031196594,
            0.7695173621177673,
            0.7806515693664551,
            0.7871501445770264,
            0.7954683303833008
        ],
        "loss": [
            0.7436542510986328,
            0.7039589881896973,
            0.6780807971954346,
            0.6554282307624817,
            0.6318532228469849,
            0.6065396070480347,
            0.5821254849433899,
            0.5378422141075134,
            0.5138484835624695,
            0.4984418749809265,
            0.49095919728279114,
            0.473571240901947
        ],
        "val_accuracy": [
            0.511904776096344,
            0.5259740352630615,
            0.46645021438598633,
            0.5313853025436401,
            0.5281385183334351,
            0.48917749524116516,
            0.46536797285079956,
            0.49242424964904785,
            0.49567100405693054,
            0.4740259647369385,
            0.5010822415351868,
            0.48051947355270386
        ],
        "val_loss": [
            0.7371044754981995,
            0.7210909724235535,
            0.8356912732124329,
            0.744091272354126,
            0.807691752910614,
            0.7914692759513855,
            0.924404501914978,
            0.8784909844398499,
            0.9384520053863525,
            1.0737745761871338,
            0.8784193396568298,
            1.0781933069229126
        ],
        "learning_rate": [
            0.0010000000474974513,
            0.0010000000474974513,
            0.0010000000474974513,
            0.0010000000474974513,
            0.0010000000474974513,
            0.0010000000474974513,
            0.0010000000474974513,
            0.0005000000237487257,
            0.0005000000237487257,
            0.0005000000237487257,
            0.0005000000237487257,
            0.0005000000237487257
        ]
    },
    "evaluation_metrics": {
        "accuracy": 0.5227272727272727,
        "precision": 0.5233191197658202,
        "recall": 0.5227272727272727,
        "f1": 0.513237041338782,
        "classification_report": {
            "0": {
                "precision": 0.5255255255255256,
                "recall": 0.38209606986899564,
                "f1-score": 0.4424778761061947,
                "support": 458.0
            },
            "1": {
                "precision": 0.5211505922165821,
                "recall": 0.6609442060085837,
                "f1-score": 0.5827814569536425,
                "support": 466.0
            },
            "accuracy": 0.5227272727272727,
            "macro avg": {
                "precision": 0.5233380588710539,
                "recall": 0.5215201379387897,
                "f1-score": 0.5126296665299186,
                "support": 924.0
            },
            "weighted avg": {
                "precision": 0.5233191197658202,
                "recall": 0.5227272727272727,
                "f1-score": 0.513237041338782,
                "support": 924.0
            }
        },
        "confusion_matrix": [
            [
                175,
                283
            ],
            [
                158,
                308
            ]
        ]
    }
}