{
    "timestamp": "2025-04-28 22:14:02",
    "training_history": {
        "accuracy": [
            0.5286419987678528,
            0.5620867013931274,
            0.5964014530181885,
            0.6297765970230103,
            0.6707385182380676,
            0.7027563452720642,
            0.7417693138122559,
            0.7578478455543518,
            0.7706201672554016,
            0.7806431651115417,
            0.7915709614753723
        ],
        "loss": [
            0.7372813820838928,
            0.6972922682762146,
            0.6790322661399841,
            0.6567588448524475,
            0.6267095804214478,
            0.5971609354019165,
            0.5442469120025635,
            0.5224497318267822,
            0.5047815442085266,
            0.4895320236682892,
            0.47555479407310486
        ],
        "val_accuracy": [
            0.5538599491119385,
            0.5736086368560791,
            0.4506283700466156,
            0.4335727095603943,
            0.4506283700466156,
            0.42369839549064636,
            0.5323159694671631,
            0.47666066884994507,
            0.520646333694458,
            0.5520646572113037,
            0.5529623031616211
        ],
        "val_loss": [
            0.7150101065635681,
            0.7150915861129761,
            0.8470413684844971,
            0.9794043898582458,
            1.0821434259414673,
            1.9841166734695435,
            0.9977948665618896,
            0.9717594385147095,
            0.9514345526695251,
            1.080378770828247,
            0.9984220862388611
        ],
        "learning_rate": [
            0.0010000000474974513,
            0.0010000000474974513,
            0.0010000000474974513,
            0.0010000000474974513,
            0.0010000000474974513,
            0.0010000000474974513,
            0.0005000000237487257,
            0.0005000000237487257,
            0.0005000000237487257,
            0.0005000000237487257,
            0.0005000000237487257
        ]
    },
    "evaluation_metrics": {
        "accuracy": 0.5583482944344704,
        "precision": 0.6799572015287328,
        "recall": 0.5583482944344704,
        "f1": 0.4054921483756108,
        "classification_report": {
            "0": {
                "precision": 0.8333333333333334,
                "recall": 0.010080645161290322,
                "f1-score": 0.019920318725099598,
                "support": 496.0
            },
            "1": {
                "precision": 0.5568592057761733,
                "recall": 0.9983818770226537,
                "f1-score": 0.7149478563151797,
                "support": 618.0
            },
            "accuracy": 0.5583482944344704,
            "macro avg": {
                "precision": 0.6950962695547533,
                "recall": 0.504231261091972,
                "f1-score": 0.3674340875201396,
                "support": 1114.0
            },
            "weighted avg": {
                "precision": 0.6799572015287328,
                "recall": 0.5583482944344704,
                "f1-score": 0.4054921483756108,
                "support": 1114.0
            }
        },
        "confusion_matrix": [
            [
                5,
                491
            ],
            [
                1,
                617
            ]
        ]
    }
}