{
    "timestamp": "2025-04-28 22:15:54",
    "training_history": {
        "accuracy": [
            0.5497316122055054,
            0.6018731594085693,
            0.6405959129333496,
            0.6690217852592468,
            0.6955307126045227,
            0.716946005821228,
            0.7369372248649597,
            0.7661299109458923,
            0.7813013195991516,
            0.7942271828651428,
            0.7964727878570557,
            0.8100558519363403
        ],
        "loss": [
            0.7394103407859802,
            0.6917150020599365,
            0.6601526737213135,
            0.6288661956787109,
            0.6038824319839478,
            0.5807446241378784,
            0.5602597594261169,
            0.5157188773155212,
            0.4955989420413971,
            0.475162535905838,
            0.47203221917152405,
            0.4493738114833832
        ],
        "val_accuracy": [
            0.545087456703186,
            0.5477792620658875,
            0.5504710674285889,
            0.523553192615509,
            0.539703905582428,
            0.5612382292747498,
            0.5168237090110779,
            0.511440098285675,
            0.5275908708572388,
            0.5141319036483765,
            0.5141319036483765,
            0.5087482929229736
        ],
        "val_loss": [
            0.7719908356666565,
            0.7485499978065491,
            0.7892975211143494,
            0.7994311451911926,
            0.8367092609405518,
            0.8239209651947021,
            0.8212317228317261,
            0.8676286935806274,
            0.848242461681366,
            0.9196807146072388,
            0.9132518172264099,
            0.9944568276405334
        ],
        "learning_rate": [
            0.0010000000474974513,
            0.0010000000474974513,
            0.0010000000474974513,
            0.0010000000474974513,
            0.0010000000474974513,
            0.0010000000474974513,
            0.0010000000474974513,
            0.0005000000237487257,
            0.0005000000237487257,
            0.0005000000237487257,
            0.0005000000237487257,
            0.0005000000237487257
        ]
    },
    "evaluation_metrics": {
        "accuracy": 0.4899057873485868,
        "precision": 0.4401636732105011,
        "recall": 0.4899057873485868,
        "f1": 0.3415262733215629,
        "classification_report": {
            "0": {
                "precision": 0.3888888888888889,
                "recall": 0.018666666666666668,
                "f1-score": 0.035623409669211195,
                "support": 375.0
            },
            "1": {
                "precision": 0.4924137931034483,
                "recall": 0.970108695652174,
                "f1-score": 0.6532479414455626,
                "support": 368.0
            },
            "accuracy": 0.4899057873485868,
            "macro avg": {
                "precision": 0.4406513409961686,
                "recall": 0.49438768115942033,
                "f1-score": 0.3444356755573869,
                "support": 743.0
            },
            "weighted avg": {
                "precision": 0.4401636732105011,
                "recall": 0.4899057873485868,
                "f1-score": 0.3415262733215629,
                "support": 743.0
            }
        },
        "confusion_matrix": [
            [
                7,
                368
            ],
            [
                11,
                357
            ]
        ]
    }
}