{
    "timestamp": "2025-04-28 22:12:05",
    "training_history": {
        "accuracy": [
            0.5292537212371826,
            0.5625188946723938,
            0.6015743017196655,
            0.6327202320098877,
            0.6626173257827759,
            0.6799122095108032,
            0.714312732219696,
            0.735543429851532,
            0.7453072667121887,
            0.758060872554779,
            0.7688086628913879
        ],
        "loss": [
            0.7470484972000122,
            0.7025781869888306,
            0.6761734485626221,
            0.6493237614631653,
            0.6252267956733704,
            0.603824257850647,
            0.5672094225883484,
            0.5397782325744629,
            0.5251065492630005,
            0.5093250870704651,
            0.49619507789611816
        ],
        "val_accuracy": [
            0.4915730357170105,
            0.47846442461013794,
            0.4981273412704468,
            0.4812734127044678,
            0.5074906349182129,
            0.4897003769874573,
            0.5037453174591064,
            0.49719101190567017,
            0.4981273412704468,
            0.5,
            0.5037453174591064
        ],
        "val_loss": [
            0.758880615234375,
            0.7721768021583557,
            0.834943413734436,
            0.8635775446891785,
            0.8744215965270996,
            0.9364901781082153,
            1.0118714570999146,
            1.0154321193695068,
            1.0401132106781006,
            1.1180108785629272,
            1.1331355571746826
        ],
        "learning_rate": [
            0.0010000000474974513,
            0.0010000000474974513,
            0.0010000000474974513,
            0.0010000000474974513,
            0.0010000000474974513,
            0.0010000000474974513,
            0.0005000000237487257,
            0.0005000000237487257,
            0.0005000000237487257,
            0.0005000000237487257,
            0.0005000000237487257
        ]
    },
    "evaluation_metrics": {
        "accuracy": 0.47427502338634236,
        "precision": 0.4663187100451918,
        "recall": 0.47427502338634236,
        "f1": 0.44396705833462086,
        "classification_report": {
            "0": {
                "precision": 0.44912280701754387,
                "recall": 0.2401500938086304,
                "f1-score": 0.31295843520782396,
                "support": 533.0
            },
            "1": {
                "precision": 0.48341836734693877,
                "recall": 0.707089552238806,
                "f1-score": 0.5742424242424243,
                "support": 536.0
            },
            "accuracy": 0.47427502338634236,
            "macro avg": {
                "precision": 0.46627058718224135,
                "recall": 0.4736198230237182,
                "f1-score": 0.44360042972512415,
                "support": 1069.0
            },
            "weighted avg": {
                "precision": 0.4663187100451918,
                "recall": 0.47427502338634236,
                "f1-score": 0.44396705833462086,
                "support": 1069.0
            }
        },
        "confusion_matrix": [
            [
                128,
                405
            ],
            [
                157,
                379
            ]
        ]
    }
}