{
    "timestamp": "2025-04-28 22:22:57",
    "training_history": {
        "accuracy": [
            0.5502803325653076,
            0.6058961749076843,
            0.6596129536628723,
            0.711159348487854,
            0.7381081581115723,
            0.7597214579582214,
            0.7963465452194214,
            0.8132573962211609,
            0.8222101926803589,
            0.8340567946434021,
            0.8390305638313293
        ],
        "loss": [
            0.7451381087303162,
            0.6893629431724548,
            0.6447479128837585,
            0.5966206192970276,
            0.5623530149459839,
            0.5377486348152161,
            0.48141035437583923,
            0.4600643813610077,
            0.43991637229919434,
            0.42302751541137695,
            0.41501423716545105
        ],
        "val_accuracy": [
            0.5879629850387573,
            0.46296295523643494,
            0.48379629850387573,
            0.4722222089767456,
            0.4652777910232544,
            0.4861111044883728,
            0.48379629850387573,
            0.4861111044883728,
            0.49768519401550293,
            0.5046296119689941,
            0.4722222089767456
        ],
        "val_loss": [
            0.7336350083351135,
            0.9046764373779297,
            1.016206979751587,
            1.1603727340698242,
            1.277126431465149,
            1.2886441946029663,
            1.5002577304840088,
            1.588860273361206,
            1.6269075870513916,
            1.6644902229309082,
            1.718074917793274
        ],
        "learning_rate": [
            0.0010000000474974513,
            0.0010000000474974513,
            0.0010000000474974513,
            0.0010000000474974513,
            0.0010000000474974513,
            0.0010000000474974513,
            0.0005000000237487257,
            0.0005000000237487257,
            0.0005000000237487257,
            0.0005000000237487257,
            0.0005000000237487257
        ]
    },
    "evaluation_metrics": {
        "accuracy": 0.48842592592592593,
        "precision": 0.5046345511026068,
        "recall": 0.48842592592592593,
        "f1": 0.3628962301129391,
        "classification_report": {
            "0": {
                "precision": 0.5217391304347826,
                "recall": 0.05405405405405406,
                "f1-score": 0.0979591836734694,
                "support": 222.0
            },
            "1": {
                "precision": 0.48655256723716384,
                "recall": 0.9476190476190476,
                "f1-score": 0.6429725363489499,
                "support": 210.0
            },
            "accuracy": 0.48842592592592593,
            "macro avg": {
                "precision": 0.5041458488359732,
                "recall": 0.5008365508365509,
                "f1-score": 0.3704658600112096,
                "support": 432.0
            },
            "weighted avg": {
                "precision": 0.5046345511026068,
                "recall": 0.48842592592592593,
                "f1-score": 0.3628962301129391,
                "support": 432.0
            }
        },
        "confusion_matrix": [
            [
                12,
                210
            ],
            [
                11,
                199
            ]
        ]
    }
}