{
    "timestamp": "2025-04-28 22:16:45",
    "training_history": {
        "accuracy": [
            0.5198152661323547,
            0.5527366995811462,
            0.5948012471199036,
            0.6294389367103577,
            0.6649816036224365,
            0.6896960735321045,
            0.7234912514686584,
            0.741371750831604,
            0.7577856779098511,
            0.770298957824707,
            0.7769768238067627
        ],
        "loss": [
            0.7354125380516052,
            0.6987606883049011,
            0.6787343621253967,
            0.6548800468444824,
            0.6265683770179749,
            0.6019800901412964,
            0.5577033758163452,
            0.533121645450592,
            0.5158619284629822,
            0.49682334065437317,
            0.4847840964794159
        ],
        "val_accuracy": [
            0.5038699507713318,
            0.5232198238372803,
            0.5123838782310486,
            0.48374614119529724,
            0.4566563367843628,
            0.452786386013031,
            0.4891640841960907,
            0.47136223316192627,
            0.48142415285110474,
            0.5054179430007935,
            0.48219814896583557
        ],
        "val_loss": [
            0.7267516255378723,
            0.7732470035552979,
            0.7982820868492126,
            0.7841807007789612,
            1.0359269380569458,
            0.801127552986145,
            0.8602357506752014,
            0.8896815180778503,
            0.8546801805496216,
            0.8459088206291199,
            1.0312219858169556
        ],
        "learning_rate": [
            0.0010000000474974513,
            0.0010000000474974513,
            0.0010000000474974513,
            0.0010000000474974513,
            0.0010000000474974513,
            0.0010000000474974513,
            0.0005000000237487257,
            0.0005000000237487257,
            0.0005000000237487257,
            0.0005000000237487257,
            0.0005000000237487257
        ]
    },
    "evaluation_metrics": {
        "accuracy": 0.5503095975232198,
        "precision": 0.5192878535696008,
        "recall": 0.5503095975232198,
        "f1": 0.47864267263248256,
        "classification_report": {
            "0": {
                "precision": 0.4624277456647399,
                "recall": 0.14084507042253522,
                "f1-score": 0.21592442645074225,
                "support": 568.0
            },
            "1": {
                "precision": 0.5638963360142984,
                "recall": 0.8715469613259669,
                "f1-score": 0.684753119913185,
                "support": 724.0
            },
            "accuracy": 0.5503095975232198,
            "macro avg": {
                "precision": 0.5131620408395192,
                "recall": 0.506196015874251,
                "f1-score": 0.45033877318196364,
                "support": 1292.0
            },
            "weighted avg": {
                "precision": 0.5192878535696008,
                "recall": 0.5503095975232198,
                "f1-score": 0.47864267263248256,
                "support": 1292.0
            }
        },
        "confusion_matrix": [
            [
                80,
                488
            ],
            [
                93,
                631
            ]
        ]
    }
}