{
    "timestamp": "2025-04-28 22:23:47",
    "training_history": {
        "accuracy": [
            0.5441959500312805,
            0.5886339545249939,
            0.6261496543884277,
            0.6586794257164001,
            0.6938716173171997,
            0.7170587778091431,
            0.7393261790275574,
            0.7556394338607788,
            0.7894278168678284,
            0.8011907935142517,
            0.812227725982666,
            0.8177945613861084,
            0.8270403742790222
        ],
        "loss": [
            0.746124267578125,
            0.6996270418167114,
            0.6659864187240601,
            0.6395550966262817,
            0.6094153523445129,
            0.5838003158569336,
            0.5558416247367859,
            0.5317440629005432,
            0.4891863465309143,
            0.46905165910720825,
            0.44993340969085693,
            0.4379480183124542,
            0.4253833591938019
        ],
        "val_accuracy": [
            0.49876847863197327,
            0.5,
            0.5147783160209656,
            0.5024630427360535,
            0.568965494632721,
            0.5455664992332458,
            0.5554187297821045,
            0.546798050403595,
            0.517241358757019,
            0.5431034564971924,
            0.5307881832122803,
            0.5443349480628967,
            0.511083722114563
        ],
        "val_loss": [
            0.7984430193901062,
            0.8181473016738892,
            0.7720690369606018,
            0.8137498497962952,
            0.9200887680053711,
            0.8487588763237,
            0.8179640173912048,
            1.036555290222168,
            0.9362885355949402,
            1.0220887660980225,
            0.9756062030792236,
            1.0202202796936035,
            1.0315170288085938
        ],
        "learning_rate": [
            0.0010000000474974513,
            0.0010000000474974513,
            0.0010000000474974513,
            0.0010000000474974513,
            0.0010000000474974513,
            0.0010000000474974513,
            0.0010000000474974513,
            0.0010000000474974513,
            0.0005000000237487257,
            0.0005000000237487257,
            0.0005000000237487257,
            0.0005000000237487257,
            0.0005000000237487257
        ]
    },
    "evaluation_metrics": {
        "accuracy": 0.48645320197044334,
        "precision": 0.4869954535785432,
        "recall": 0.48645320197044334,
        "f1": 0.4866883027487107,
        "classification_report": {
            "0": {
                "precision": 0.4536082474226804,
                "recall": 0.46194225721784776,
                "f1-score": 0.4577373211963589,
                "support": 381.0
            },
            "1": {
                "precision": 0.5165094339622641,
                "recall": 0.5081206496519721,
                "f1-score": 0.512280701754386,
                "support": 431.0
            },
            "accuracy": 0.48645320197044334,
            "macro avg": {
                "precision": 0.4850588406924723,
                "recall": 0.48503145343490994,
                "f1-score": 0.48500901147537245,
                "support": 812.0
            },
            "weighted avg": {
                "precision": 0.4869954535785432,
                "recall": 0.48645320197044334,
                "f1-score": 0.4866883027487107,
                "support": 812.0
            }
        },
        "confusion_matrix": [
            [
                176,
                205
            ],
            [
                212,
                219
            ]
        ]
    }
}