{
    "timestamp": "2025-04-28 22:17:40",
    "training_history": {
        "accuracy": [
            0.5313639640808105,
            0.5515682101249695,
            0.5862873792648315,
            0.6145879030227661,
            0.6424142718315125,
            0.6637855768203735,
            0.6800146102905273,
            0.7029540538787842,
            0.7281546592712402,
            0.7392049431800842,
            0.7535011172294617,
            0.7616338729858398,
            0.7660831212997437
        ],
        "loss": [
            0.7321239113807678,
            0.6973472833633423,
            0.682024359703064,
            0.6641013622283936,
            0.6431686878204346,
            0.6273401379585266,
            0.6103212237358093,
            0.5920381546020508,
            0.5584462285041809,
            0.5423709750175476,
            0.5272791385650635,
            0.5172290205955505,
            0.5076212882995605
        ],
        "val_accuracy": [
            0.5215355753898621,
            0.49625468254089355,
            0.545880138874054,
            0.48876404762268066,
            0.5243445634841919,
            0.5449438095092773,
            0.5074906349182129,
            0.5365168452262878,
            0.5243445634841919,
            0.5393258333206177,
            0.5346441864967346,
            0.5308988690376282,
            0.5402621626853943
        ],
        "val_loss": [
            0.7182517051696777,
            0.7393563389778137,
            0.7160243988037109,
            0.7437803149223328,
            0.8521019220352173,
            0.8319676518440247,
            0.7908715605735779,
            0.7912725210189819,
            0.8179396390914917,
            0.9557778835296631,
            0.9831991195678711,
            0.9298167824745178,
            1.016662836074829
        ],
        "learning_rate": [
            0.0010000000474974513,
            0.0010000000474974513,
            0.0010000000474974513,
            0.0010000000474974513,
            0.0010000000474974513,
            0.0010000000474974513,
            0.0010000000474974513,
            0.0010000000474974513,
            0.0005000000237487257,
            0.0005000000237487257,
            0.0005000000237487257,
            0.0005000000237487257,
            0.0005000000237487257
        ]
    },
    "evaluation_metrics": {
        "accuracy": 0.4630495790458372,
        "precision": 0.6212571947938057,
        "recall": 0.4630495790458372,
        "f1": 0.3671870339210703,
        "classification_report": {
            "0": {
                "precision": 0.43357363542739447,
                "recall": 0.946067415730337,
                "f1-score": 0.594632768361582,
                "support": 445.0
            },
            "1": {
                "precision": 0.7551020408163265,
                "recall": 0.11858974358974358,
                "f1-score": 0.20498614958448752,
                "support": 624.0
            },
            "accuracy": 0.4630495790458372,
            "macro avg": {
                "precision": 0.5943378381218605,
                "recall": 0.5323285796600403,
                "f1-score": 0.39980945897303477,
                "support": 1069.0
            },
            "weighted avg": {
                "precision": 0.6212571947938057,
                "recall": 0.4630495790458372,
                "f1-score": 0.3671870339210703,
                "support": 1069.0
            }
        },
        "confusion_matrix": [
            [
                421,
                24
            ],
            [
                550,
                74
            ]
        ]
    }
}