{
    "timestamp": "2025-04-28 22:16:50",
    "training_history": {
        "accuracy": [
            0.43518519401550293,
            0.6574074029922485,
            0.7037037014961243,
            0.7777777910232544,
            0.7777777910232544,
            0.8425925970077515,
            0.8611111044883728,
            0.8148148059844971,
            0.8888888955116272,
            0.8518518805503845,
            0.8611111044883728,
            0.9351851940155029,
            0.9074074029922485,
            0.9444444179534912,
            0.9629629850387573,
            0.9351851940155029,
            0.9444444179534912,
            0.9629629850387573,
            0.9814814925193787,
            0.9537037014961243,
            0.9537037014961243,
            0.9629629850387573,
            0.9814814925193787,
            0.9722222089767456,
            0.9814814925193787,
            0.9722222089767456,
            0.9722222089767456,
            0.9907407164573669,
            0.9814814925193787,
            0.9722222089767456
        ],
        "loss": [
            0.8951408267021179,
            0.6984512209892273,
            0.6302505731582642,
            0.6065487861633301,
            0.5347021818161011,
            0.4854173958301544,
            0.4309270679950714,
            0.4211595356464386,
            0.4042983949184418,
            0.3772512972354889,
            0.3796520233154297,
            0.29391446709632874,
            0.29694855213165283,
            0.26722708344459534,
            0.23130302131175995,
            0.2603888213634491,
            0.2693091332912445,
            0.23831523954868317,
            0.22183653712272644,
            0.20927436649799347,
            0.2193402498960495,
            0.1971280723810196,
            0.1770980805158615,
            0.18882235884666443,
            0.1655883491039276,
            0.14734449982643127,
            0.15696729719638824,
            0.13478292524814606,
            0.14054906368255615,
            0.1498408168554306
        ],
        "val_accuracy": [
            0.25,
            1.0,
            1.0,
            1.0,
            1.0,
            1.0,
            1.0,
            1.0,
            1.0,
            1.0,
            1.0,
            1.0,
            1.0,
            1.0,
            1.0,
            1.0,
            1.0,
            1.0,
            1.0,
            1.0,
            1.0,
            1.0,
            1.0,
            1.0,
            1.0,
            1.0,
            1.0,
            1.0,
            1.0,
            1.0
        ],
        "val_loss": [
            0.7986747622489929,
            0.6261738538742065,
            0.5532808899879456,
            0.4654969573020935,
            0.29537686705589294,
            0.2024720013141632,
            0.17111918330192566,
            0.15515485405921936,
            0.14769765734672546,
            0.1373395025730133,
            0.10745959728956223,
            0.08500494062900543,
            0.08733996003866196,
            0.08296909928321838,
            0.07953481376171112,
            0.08109283447265625,
            0.07259176671504974,
            0.06914873421192169,
            0.06805413216352463,
            0.06558489054441452,
            0.06066451594233513,
            0.05690346285700798,
            0.05968274548649788,
            0.05935674160718918,
            0.0580633170902729,
            0.05838961526751518,
            0.05543852970004082,
            0.05451402813196182,
            0.055700987577438354,
            0.05549338459968567
        ],
        "learning_rate": [
            0.0010000000474974513,
            0.0010000000474974513,
            0.0010000000474974513,
            0.0010000000474974513,
            0.0010000000474974513,
            0.0010000000474974513,
            0.0010000000474974513,
            0.0010000000474974513,
            0.0010000000474974513,
            0.0010000000474974513,
            0.0010000000474974513,
            0.0010000000474974513,
            0.0010000000474974513,
            0.0010000000474974513,
            0.0010000000474974513,
            0.0010000000474974513,
            0.0010000000474974513,
            0.0010000000474974513,
            0.0010000000474974513,
            0.0010000000474974513,
            0.0010000000474974513,
            0.0010000000474974513,
            0.0010000000474974513,
            0.0010000000474974513,
            0.0010000000474974513,
            0.0010000000474974513,
            0.0010000000474974513,
            0.0010000000474974513,
            0.0010000000474974513,
            0.0010000000474974513
        ]
    },
    "evaluation_metrics": {
        "accuracy": 0.25,
        "precision": 0.0625,
        "recall": 0.25,
        "f1": 0.1,
        "classification_report": {
            "0": {
                "precision": 0.25,
                "recall": 1.0,
                "f1-score": 0.4,
                "support": 1.0
            },
            "1": {
                "precision": 0.0,
                "recall": 0.0,
                "f1-score": 0.0,
                "support": 3.0
            },
            "accuracy": 0.25,
            "macro avg": {
                "precision": 0.125,
                "recall": 0.5,
                "f1-score": 0.2,
                "support": 4.0
            },
            "weighted avg": {
                "precision": 0.0625,
                "recall": 0.25,
                "f1-score": 0.1,
                "support": 4.0
            }
        },
        "confusion_matrix": [
            [
                1,
                0
            ],
            [
                3,
                0
            ]
        ]
    }
}