{
    "timestamp": "2025-04-28 22:14:36",
    "training_history": {
        "accuracy": [
            0.5436590313911438,
            0.5781110525131226,
            0.6015245914459229,
            0.6259281039237976,
            0.6505296230316162,
            0.6711711883544922,
            0.691020667552948,
            0.7252747416496277,
            0.7445302605628967,
            0.7513612508773804,
            0.7684882879257202,
            0.777546763420105
        ],
        "loss": [
            0.7405738830566406,
            0.6928447484970093,
            0.670704185962677,
            0.6491965651512146,
            0.6301438808441162,
            0.6080746054649353,
            0.5892470479011536,
            0.5475492477416992,
            0.5241243839263916,
            0.5137762427330017,
            0.49668338894844055,
            0.48565053939819336
        ],
        "val_accuracy": [
            0.4738903343677521,
            0.48041775822639465,
            0.45430809259414673,
            0.48041775822639465,
            0.4660574495792389,
            0.47780677676200867,
            0.48955613374710083,
            0.5039164423942566,
            0.47780677676200867,
            0.4725848436355591,
            0.47780677676200867,
            0.4673629105091095
        ],
        "val_loss": [
            0.7402829527854919,
            0.7296547293663025,
            0.7423398494720459,
            0.752389669418335,
            0.771597683429718,
            0.8931312561035156,
            0.7718842625617981,
            0.7831388115882874,
            0.8651643395423889,
            0.8819120526313782,
            0.8443537950515747,
            0.8950831890106201
        ],
        "learning_rate": [
            0.0010000000474974513,
            0.0010000000474974513,
            0.0010000000474974513,
            0.0010000000474974513,
            0.0010000000474974513,
            0.0010000000474974513,
            0.0010000000474974513,
            0.0005000000237487257,
            0.0005000000237487257,
            0.0005000000237487257,
            0.0005000000237487257,
            0.0005000000237487257
        ]
    },
    "evaluation_metrics": {
        "accuracy": 0.46153846153846156,
        "precision": 0.5168020385411689,
        "recall": 0.46153846153846156,
        "f1": 0.36550385713047806,
        "classification_report": {
            "0": {
                "precision": 0.4492753623188406,
                "recall": 0.9037900874635568,
                "f1-score": 0.6001936108422071,
                "support": 343.0
            },
            "1": {
                "precision": 0.5714285714285714,
                "recall": 0.10377358490566038,
                "f1-score": 0.17564870259481039,
                "support": 424.0
            },
            "accuracy": 0.46153846153846156,
            "macro avg": {
                "precision": 0.510351966873706,
                "recall": 0.5037818361846086,
                "f1-score": 0.38792115671850874,
                "support": 767.0
            },
            "weighted avg": {
                "precision": 0.5168020385411689,
                "recall": 0.46153846153846156,
                "f1-score": 0.36550385713047806,
                "support": 767.0
            }
        },
        "confusion_matrix": [
            [
                310,
                33
            ],
            [
                380,
                44
            ]
        ]
    }
}