{
    "timestamp": "2025-04-28 22:10:29",
    "training_history": {
        "accuracy": [
            0.5286176800727844,
            0.5756215453147888,
            0.6104086637496948,
            0.6513041257858276,
            0.6804715394973755,
            0.7064931988716125,
            0.7456477880477905,
            0.7608270645141602,
            0.7737462520599365,
            0.7856881022453308,
            0.7962250113487244
        ],
        "loss": [
            0.7354892492294312,
            0.6911354064941406,
            0.6680720448493958,
            0.6439554691314697,
            0.6210547685623169,
            0.5959164500236511,
            0.5482496619224548,
            0.5265798568725586,
            0.5063295364379883,
            0.49116241931915283,
            0.4777403771877289
        ],
        "val_accuracy": [
            0.6160990595817566,
            0.599071204662323,
            0.5727553963661194,
            0.5340557098388672,
            0.5619195103645325,
            0.42956656217575073,
            0.44736841320991516,
            0.44969040155410767,
            0.4396284818649292,
            0.4373064935207367,
            0.45588234066963196
        ],
        "val_loss": [
            0.7022376656532288,
            0.7064919471740723,
            0.7930358052253723,
            0.8263475298881531,
            0.7927528619766235,
            1.0261675119400024,
            1.4188885688781738,
            1.0575916767120361,
            1.3988648653030396,
            1.581692099571228,
            1.2207993268966675
        ],
        "learning_rate": [
            0.0010000000474974513,
            0.0010000000474974513,
            0.0010000000474974513,
            0.0010000000474974513,
            0.0010000000474974513,
            0.0010000000474974513,
            0.0005000000237487257,
            0.0005000000237487257,
            0.0005000000237487257,
            0.0005000000237487257,
            0.0005000000237487257
        ]
    },
    "evaluation_metrics": {
        "accuracy": 0.5510835913312694,
        "precision": 0.38512652024372507,
        "recall": 0.5510835913312694,
        "f1": 0.40220242220474683,
        "classification_report": {
            "0": {
                "precision": 0.16666666666666666,
                "recall": 0.00528169014084507,
                "f1-score": 0.010238907849829351,
                "support": 568.0
            },
            "1": {
                "precision": 0.5565149136577708,
                "recall": 0.9792817679558011,
                "f1-score": 0.7097097097097097,
                "support": 724.0
            },
            "accuracy": 0.5510835913312694,
            "macro avg": {
                "precision": 0.36159079016221873,
                "recall": 0.4922817290483231,
                "f1-score": 0.35997430877976955,
                "support": 1292.0
            },
            "weighted avg": {
                "precision": 0.38512652024372507,
                "recall": 0.5510835913312694,
                "f1-score": 0.40220242220474683,
                "support": 1292.0
            }
        },
        "confusion_matrix": [
            [
                3,
                565
            ],
            [
                15,
                709
            ]
        ]
    }
}