{
    "timestamp": "2025-04-28 22:13:01",
    "training_history": {
        "accuracy": [
            0.5449482798576355,
            0.5967723727226257,
            0.6330264806747437,
            0.670758068561554,
            0.6924082040786743,
            0.7148539423942566,
            0.7451983094215393,
            0.7783839106559753,
            0.7929878234863281,
            0.8053187727928162,
            0.8090124130249023,
            0.8201500177383423
        ],
        "loss": [
            0.7517295479774475,
            0.6975071430206299,
            0.6620129346847534,
            0.6273701786994934,
            0.6020478010177612,
            0.5757454037666321,
            0.5411031246185303,
            0.49301788210868835,
            0.46914172172546387,
            0.4538317024707794,
            0.4407581090927124,
            0.4246915280818939
        ],
        "val_accuracy": [
            0.5337423086166382,
            0.5322085618972778,
            0.550613522529602,
            0.5598159432411194,
            0.5797545909881592,
            0.5245398879051208,
            0.5674846768379211,
            0.5874233245849609,
            0.5981594920158386,
            0.5613496899604797,
            0.5782208442687988,
            0.5766870975494385
        ],
        "val_loss": [
            0.7482395768165588,
            0.7335799336433411,
            0.7543689608573914,
            0.7337356209754944,
            0.7686736583709717,
            0.868698000907898,
            0.8380167484283447,
            0.8812127709388733,
            0.9820147752761841,
            1.0180084705352783,
            0.9559866189956665,
            1.0420643091201782
        ],
        "learning_rate": [
            0.0010000000474974513,
            0.0010000000474974513,
            0.0010000000474974513,
            0.0010000000474974513,
            0.0010000000474974513,
            0.0010000000474974513,
            0.0010000000474974513,
            0.0005000000237487257,
            0.0005000000237487257,
            0.0005000000237487257,
            0.0005000000237487257,
            0.0005000000237487257
        ]
    },
    "evaluation_metrics": {
        "accuracy": 0.5368098159509203,
        "precision": 0.5359811839387361,
        "recall": 0.5368098159509203,
        "f1": 0.42591861524893787,
        "classification_report": {
            "0": {
                "precision": 0.5348837209302325,
                "recall": 0.07540983606557378,
                "f1-score": 0.132183908045977,
                "support": 305.0
            },
            "1": {
                "precision": 0.5369458128078818,
                "recall": 0.9423631123919308,
                "f1-score": 0.6841004184100418,
                "support": 347.0
            },
            "accuracy": 0.5368098159509203,
            "macro avg": {
                "precision": 0.5359147668690571,
                "recall": 0.5088864742287523,
                "f1-score": 0.4081421632280094,
                "support": 652.0
            },
            "weighted avg": {
                "precision": 0.5359811839387361,
                "recall": 0.5368098159509203,
                "f1-score": 0.42591861524893787,
                "support": 652.0
            }
        },
        "confusion_matrix": [
            [
                23,
                282
            ],
            [
                20,
                327
            ]
        ]
    }
}