{
    "timestamp": "2025-04-28 22:21:53",
    "training_history": {
        "accuracy": [
            0.5638328790664673,
            0.6015850305557251,
            0.6441402435302734,
            0.6773294806480408,
            0.7167146801948547,
            0.7467339038848877,
            0.7661383152008057,
            0.799039363861084,
            0.8109029531478882,
            0.8240153789520264,
            0.8326128721237183,
            0.8389049172401428
        ],
        "loss": [
            0.7317696809768677,
            0.6876861453056335,
            0.6528230905532837,
            0.6229369044303894,
            0.5846391916275024,
            0.5517812967300415,
            0.520365297794342,
            0.47132202982902527,
            0.4518875181674957,
            0.4314911365509033,
            0.4161626696586609,
            0.40468788146972656
        ],
        "val_accuracy": [
            0.4819875657558441,
            0.4968944191932678,
            0.47329193353652954,
            0.4968944191932678,
            0.4770186245441437,
            0.469565212726593,
            0.4670807421207428,
            0.4385093152523041,
            0.4770186245441437,
            0.47329193353652954,
            0.4807453453540802,
            0.48944100737571716
        ],
        "val_loss": [
            0.8324571251869202,
            0.7989581823348999,
            0.8983428478240967,
            0.8488616943359375,
            0.9218507409095764,
            1.0479451417922974,
            0.9516840577125549,
            1.1019483804702759,
            1.2159627676010132,
            1.4126852750778198,
            1.1722502708435059,
            1.3928213119506836
        ],
        "learning_rate": [
            0.0010000000474974513,
            0.0010000000474974513,
            0.0010000000474974513,
            0.0010000000474974513,
            0.0010000000474974513,
            0.0010000000474974513,
            0.0010000000474974513,
            0.0005000000237487257,
            0.0005000000237487257,
            0.0005000000237487257,
            0.0005000000237487257,
            0.0005000000237487257
        ]
    },
    "evaluation_metrics": {
        "accuracy": 0.5,
        "precision": 0.518234907375179,
        "recall": 0.5,
        "f1": 0.47389706176774427,
        "classification_report": {
            "0": {
                "precision": 0.48034188034188036,
                "recall": 0.7394736842105263,
                "f1-score": 0.5823834196891191,
                "support": 380.0
            },
            "1": {
                "precision": 0.5520361990950227,
                "recall": 0.2863849765258216,
                "f1-score": 0.3771251931993818,
                "support": 426.0
            },
            "accuracy": 0.5,
            "macro avg": {
                "precision": 0.5161890397184515,
                "recall": 0.5129293303681739,
                "f1-score": 0.47975430644425043,
                "support": 806.0
            },
            "weighted avg": {
                "precision": 0.518234907375179,
                "recall": 0.5,
                "f1-score": 0.47389706176774427,
                "support": 806.0
            }
        },
        "confusion_matrix": [
            [
                281,
                99
            ],
            [
                304,
                122
            ]
        ]
    }
}