{
    "timestamp": "2025-04-28 22:21:17",
    "training_history": {
        "accuracy": [
            0.5410569310188293,
            0.5926828980445862,
            0.6415795683860779,
            0.6745644807815552,
            0.7015679478645325,
            0.7263066172599792,
            0.7635888457298279,
            0.782171905040741,
            0.7855400443077087,
            0.7979093790054321,
            0.809117317199707
        ],
        "loss": [
            0.7411494255065918,
            0.6922733187675476,
            0.6502241492271423,
            0.6173276305198669,
            0.589693009853363,
            0.5620430707931519,
            0.5145134329795837,
            0.4869188964366913,
            0.4716053307056427,
            0.4586332142353058,
            0.4411174952983856
        ],
        "val_accuracy": [
            0.46820810437202454,
            0.49855491518974304,
            0.46098265051841736,
            0.4494219720363617,
            0.4523121416568756,
            0.486994206905365,
            0.45809248089790344,
            0.46531790494918823,
            0.45809248089790344,
            0.4638728201389313,
            0.47109827399253845
        ],
        "val_loss": [
            0.7547866106033325,
            0.762783408164978,
            0.7603569030761719,
            0.7924515604972839,
            0.8560640811920166,
            0.8461081385612488,
            0.9414624571800232,
            1.0194329023361206,
            1.0150562524795532,
            0.945961594581604,
            0.9607076644897461
        ],
        "learning_rate": [
            0.0010000000474974513,
            0.0010000000474974513,
            0.0010000000474974513,
            0.0010000000474974513,
            0.0010000000474974513,
            0.0010000000474974513,
            0.0005000000237487257,
            0.0005000000237487257,
            0.0005000000237487257,
            0.0005000000237487257,
            0.0005000000237487257
        ]
    },
    "evaluation_metrics": {
        "accuracy": 0.4624277456647399,
        "precision": 0.21383941996057335,
        "recall": 0.4624277456647399,
        "f1": 0.29244442413580385,
        "classification_report": {
            "0": {
                "precision": 0.4624277456647399,
                "recall": 1.0,
                "f1-score": 0.6324110671936759,
                "support": 320.0
            },
            "1": {
                "precision": 0.0,
                "recall": 0.0,
                "f1-score": 0.0,
                "support": 372.0
            },
            "accuracy": 0.4624277456647399,
            "macro avg": {
                "precision": 0.23121387283236994,
                "recall": 0.5,
                "f1-score": 0.31620553359683795,
                "support": 692.0
            },
            "weighted avg": {
                "precision": 0.21383941996057335,
                "recall": 0.4624277456647399,
                "f1-score": 0.29244442413580385,
                "support": 692.0
            }
        },
        "confusion_matrix": [
            [
                320,
                0
            ],
            [
                372,
                0
            ]
        ]
    }
}