{
    "timestamp": "2025-04-28 22:20:49",
    "training_history": {
        "accuracy": [
            0.540490448474884,
            0.5682563185691833,
            0.5914599299430847,
            0.6173367500305176,
            0.646100640296936,
            0.6642072796821594,
            0.6965711712837219,
            0.7133946418762207,
            0.7271171808242798,
            0.7383090853691101,
            0.7478614449501038
        ],
        "loss": [
            0.7445338368415833,
            0.6993877291679382,
            0.6824805736541748,
            0.6646884679794312,
            0.6415333151817322,
            0.6263397336006165,
            0.5875489711761475,
            0.5657967925071716,
            0.5501368045806885,
            0.5340241193771362,
            0.522817850112915
        ],
        "val_accuracy": [
            0.47708895802497864,
            0.5130278468132019,
            0.4941599369049072,
            0.49236297607421875,
            0.5040431022644043,
            0.5076370239257812,
            0.47529199719429016,
            0.4743935167789459,
            0.46900269389152527,
            0.46810421347618103,
            0.48337826132774353
        ],
        "val_loss": [
            0.7463427186012268,
            0.7752723097801208,
            0.8021420240402222,
            0.7974133491516113,
            0.8279996514320374,
            0.846651017665863,
            0.9140347242355347,
            0.9384996891021729,
            0.9592345356941223,
            0.9582077264785767,
            0.9949656128883362
        ],
        "learning_rate": [
            0.0010000000474974513,
            0.0010000000474974513,
            0.0010000000474974513,
            0.0010000000474974513,
            0.0010000000474974513,
            0.0010000000474974513,
            0.0005000000237487257,
            0.0005000000237487257,
            0.0005000000237487257,
            0.0005000000237487257,
            0.0005000000237487257
        ]
    },
    "evaluation_metrics": {
        "accuracy": 0.48204667863554757,
        "precision": 0.5486276674507304,
        "recall": 0.48204667863554757,
        "f1": 0.42612699006814436,
        "classification_report": {
            "0": {
                "precision": 0.4514721919302072,
                "recall": 0.8483606557377049,
                "f1-score": 0.5893238434163701,
                "support": 488.0
            },
            "1": {
                "precision": 0.6243654822335025,
                "recall": 0.1964856230031949,
                "f1-score": 0.298906439854192,
                "support": 626.0
            },
            "accuracy": 0.48204667863554757,
            "macro avg": {
                "precision": 0.5379188370818548,
                "recall": 0.5224231393704499,
                "f1-score": 0.4441151416352811,
                "support": 1114.0
            },
            "weighted avg": {
                "precision": 0.5486276674507304,
                "recall": 0.48204667863554757,
                "f1-score": 0.42612699006814436,
                "support": 1114.0
            }
        },
        "confusion_matrix": [
            [
                414,
                74
            ],
            [
                503,
                123
            ]
        ]
    }
}