{
    "timestamp": "2025-04-28 22:12:30",
    "training_history": {
        "accuracy": [
            0.5422705411911011,
            0.601307213306427,
            0.6700767278671265,
            0.7253481149673462,
            0.763569176197052,
            0.7892156839370728,
            0.8103864789009094,
            0.8410770297050476,
            0.8522307276725769,
            0.8618215322494507,
            0.8667234778404236,
            0.870559811592102
        ],
        "loss": [
            0.7458820343017578,
            0.6945861577987671,
            0.6397865414619446,
            0.5854604840278625,
            0.534563422203064,
            0.49872103333473206,
            0.4652555286884308,
            0.41338250041007996,
            0.38723310828208923,
            0.37071797251701355,
            0.35919156670570374,
            0.3481714129447937
        ],
        "val_accuracy": [
            0.5518518686294556,
            0.520370364189148,
            0.5777778029441833,
            0.5722222328186035,
            0.5666666626930237,
            0.5648148059844971,
            0.5444444417953491,
            0.5759259462356567,
            0.5537037253379822,
            0.5685185194015503,
            0.5648148059844971,
            0.5666666626930237
        ],
        "val_loss": [
            0.7252378463745117,
            0.7207251191139221,
            0.7241239547729492,
            0.8144485950469971,
            1.0410786867141724,
            1.251627802848816,
            0.9045491814613342,
            0.9594913125038147,
            0.9673202037811279,
            1.0653862953186035,
            1.1044329404830933,
            1.1444536447525024
        ],
        "learning_rate": [
            0.0010000000474974513,
            0.0010000000474974513,
            0.0010000000474974513,
            0.0010000000474974513,
            0.0010000000474974513,
            0.0010000000474974513,
            0.0010000000474974513,
            0.0005000000237487257,
            0.0005000000237487257,
            0.0005000000237487257,
            0.0005000000237487257,
            0.0005000000237487257
        ]
    },
    "evaluation_metrics": {
        "accuracy": 0.5333333333333333,
        "precision": 0.5433170875793827,
        "recall": 0.5333333333333333,
        "f1": 0.5333333333333331,
        "classification_report": {
            "0": {
                "precision": 0.4864864864864865,
                "recall": 0.5901639344262295,
                "f1-score": 0.5333333333333332,
                "support": 244.0
            },
            "1": {
                "precision": 0.5901639344262295,
                "recall": 0.4864864864864865,
                "f1-score": 0.5333333333333332,
                "support": 296.0
            },
            "accuracy": 0.5333333333333333,
            "macro avg": {
                "precision": 0.5383252104563581,
                "recall": 0.5383252104563581,
                "f1-score": 0.5333333333333332,
                "support": 540.0
            },
            "weighted avg": {
                "precision": 0.5433170875793827,
                "recall": 0.5333333333333333,
                "f1-score": 0.5333333333333331,
                "support": 540.0
            }
        },
        "confusion_matrix": [
            [
                144,
                100
            ],
            [
                152,
                144
            ]
        ]
    }
}