{
    "timestamp": "2025-04-28 19:23:06",
    "training_history": {
        "accuracy": [
            0.547659158706665,
            0.5942884087562561,
            0.6342228651046753,
            0.6730805039405823,
            0.7051498293876648,
            0.7278558015823364,
            0.7642790079116821,
            0.7853464484214783,
            0.7963951230049133,
            0.8016853928565979,
            0.8126404285430908
        ],
        "loss": [
            0.7455544471740723,
            0.6943296194076538,
            0.6578590273857117,
            0.6251051425933838,
            0.5914686918258667,
            0.5660800933837891,
            0.5145443081855774,
            0.4907112121582031,
            0.4715573787689209,
            0.4559658169746399,
            0.4411647617816925
        ],
        "val_accuracy": [
            0.4740740656852722,
            0.5246913433074951,
            0.4913580119609833,
            0.4641975164413452,
            0.5209876298904419,
            0.47777777910232544,
            0.4913580119609833,
            0.490123450756073,
            0.47283950448036194,
            0.4851851761341095,
            0.4839506149291992
        ],
        "val_loss": [
            0.7653888463973999,
            0.7753179669380188,
            0.8361534476280212,
            0.8264487385749817,
            0.861606776714325,
            0.9550928473472595,
            0.989233672618866,
            1.0378062725067139,
            1.0531920194625854,
            1.084626317024231,
            1.1634471416473389
        ],
        "learning_rate": [
            0.0010000000474974513,
            0.0010000000474974513,
            0.0010000000474974513,
            0.0010000000474974513,
            0.0010000000474974513,
            0.0010000000474974513,
            0.0005000000237487257,
            0.0005000000237487257,
            0.0005000000237487257,
            0.0005000000237487257,
            0.0005000000237487257
        ]
    },
    "evaluation_metrics": {
        "accuracy": 0.49815043156596794,
        "precision": 0.4995160873444365,
        "recall": 0.49815043156596794,
        "f1": 0.49355444234089446,
        "classification_report": {
            "0": {
                "precision": 0.4927536231884058,
                "recall": 0.595,
                "f1-score": 0.5390713476783692,
                "support": 400.0
            },
            "1": {
                "precision": 0.5060975609756098,
                "recall": 0.40389294403892945,
                "f1-score": 0.449255751014885,
                "support": 411.0
            },
            "accuracy": 0.49815043156596794,
            "macro avg": {
                "precision": 0.49942559208200776,
                "recall": 0.4994464720194647,
                "f1-score": 0.4941635493466271,
                "support": 811.0
            },
            "weighted avg": {
                "precision": 0.4995160873444365,
                "recall": 0.49815043156596794,
                "f1-score": 0.49355444234089446,
                "support": 811.0
            }
        },
        "confusion_matrix": [
            [
                238,
                162
            ],
            [
                245,
                166
            ]
        ]
    }
}