{
    "timestamp": "2025-04-28 22:19:27",
    "training_history": {
        "accuracy": [
            0.5465099811553955,
            0.5842498540878296,
            0.6196894645690918,
            0.6427647471427917,
            0.670440673828125,
            0.6953489780426025,
            0.7196103930473328,
            0.7377974390983582,
            0.7545108199119568,
            0.7663000226020813,
            0.7788800001144409,
            0.7878297567367554,
            0.815541684627533,
            0.8270074129104614,
            0.8373948931694031,
            0.8403421640396118,
            0.8429660201072693
        ],
        "loss": [
            0.7381441593170166,
            0.6944411396980286,
            0.6693915128707886,
            0.6473772525787354,
            0.6223793625831604,
            0.5991710424423218,
            0.5727857947349548,
            0.5499459505081177,
            0.5334656834602356,
            0.515994131565094,
            0.49939459562301636,
            0.4897468686103821,
            0.43806204199790955,
            0.42283880710601807,
            0.40642666816711426,
            0.39624646306037903,
            0.3884630501270294
        ],
        "val_accuracy": [
            0.5592459440231323,
            0.555655300617218,
            0.5332136154174805,
            0.48114901781082153,
            0.5394973158836365,
            0.43895870447158813,
            0.4362657070159912,
            0.46319568157196045,
            0.4506283700466156,
            0.541292667388916,
            0.43806102871894836,
            0.44614002108573914,
            0.45601436495780945,
            0.492818683385849,
            0.4820466637611389,
            0.49192100763320923,
            0.5125673413276672
        ],
        "val_loss": [
            0.8197645545005798,
            0.915237307548523,
            0.7906761765480042,
            0.7798444032669067,
            0.7779951691627502,
            0.8005440831184387,
            0.7741307616233826,
            0.7855933904647827,
            0.904682457447052,
            1.539080023765564,
            0.9103735089302063,
            0.9144193530082703,
            1.0305778980255127,
            1.0130863189697266,
            0.9141504764556885,
            0.9534705281257629,
            1.002454400062561
        ],
        "learning_rate": [
            0.0010000000474974513,
            0.0010000000474974513,
            0.0010000000474974513,
            0.0010000000474974513,
            0.0010000000474974513,
            0.0010000000474974513,
            0.0010000000474974513,
            0.0010000000474974513,
            0.0010000000474974513,
            0.0010000000474974513,
            0.0010000000474974513,
            0.0010000000474974513,
            0.0005000000237487257,
            0.0005000000237487257,
            0.0005000000237487257,
            0.0005000000237487257,
            0.0005000000237487257
        ]
    },
    "evaluation_metrics": {
        "accuracy": 0.526032315978456,
        "precision": 0.5194014784091026,
        "recall": 0.526032315978456,
        "f1": 0.5017501716615433,
        "classification_report": {
            "0": {
                "precision": 0.5354919053549191,
                "recall": 0.7350427350427351,
                "f1-score": 0.6195965417867436,
                "support": 585.0
            },
            "1": {
                "precision": 0.5016077170418006,
                "recall": 0.2948960302457467,
                "f1-score": 0.3714285714285714,
                "support": 529.0
            },
            "accuracy": 0.526032315978456,
            "macro avg": {
                "precision": 0.5185498111983599,
                "recall": 0.5149693826442409,
                "f1-score": 0.4955125566076575,
                "support": 1114.0
            },
            "weighted avg": {
                "precision": 0.5194014784091026,
                "recall": 0.526032315978456,
                "f1-score": 0.5017501716615433,
                "support": 1114.0
            }
        },
        "confusion_matrix": [
            [
                430,
                155
            ],
            [
                373,
                156
            ]
        ]
    }
}