{
    "timestamp": "2025-04-28 22:15:21",
    "training_history": {
        "accuracy": [
            0.5596882104873657,
            0.5880381464958191,
            0.6196187734603882,
            0.6444148421287537,
            0.6704224348068237,
            0.6952992677688599,
            0.7138761281967163,
            0.7344721555709839,
            0.76601243019104,
            0.7797027826309204,
            0.7892738580703735,
            0.7954527139663696,
            0.8034892082214355
        ],
        "loss": [
            0.7332457304000854,
            0.6925058364868164,
            0.6658951044082642,
            0.6468567848205566,
            0.6217470169067383,
            0.5991742014884949,
            0.5735912919044495,
            0.5538094639778137,
            0.5109961032867432,
            0.48345664143562317,
            0.47218433022499084,
            0.4599435031414032,
            0.4444379210472107
        ],
        "val_accuracy": [
            0.5448136925697327,
            0.5538771152496338,
            0.5468277931213379,
            0.5498489141464233,
            0.539778470993042,
            0.5176233649253845,
            0.5377643704414368,
            0.5347431898117065,
            0.539778470993042,
            0.5347431898117065,
            0.5276938676834106,
            0.4984894394874573,
            0.5317220687866211
        ],
        "val_loss": [
            0.720755934715271,
            0.7142337560653687,
            0.7140527367591858,
            0.7217453122138977,
            0.7240684628486633,
            0.7408813834190369,
            0.7447064518928528,
            0.7434355020523071,
            0.7557588815689087,
            0.8042344450950623,
            0.792777419090271,
            0.806063711643219,
            0.7715469598770142
        ],
        "learning_rate": [
            0.0010000000474974513,
            0.0010000000474974513,
            0.0010000000474974513,
            0.0010000000474974513,
            0.0010000000474974513,
            0.0010000000474974513,
            0.0010000000474974513,
            0.0010000000474974513,
            0.0005000000237487257,
            0.0005000000237487257,
            0.0005000000237487257,
            0.0005000000237487257,
            0.0005000000237487257
        ]
    },
    "evaluation_metrics": {
        "accuracy": 0.49899396378269617,
        "precision": 0.5653647011956828,
        "recall": 0.49899396378269617,
        "f1": 0.36736538080423364,
        "classification_report": {
            "0": {
                "precision": 0.6341463414634146,
                "recall": 0.05108055009823183,
                "f1-score": 0.09454545454545454,
                "support": 509.0
            },
            "1": {
                "precision": 0.4931794333683106,
                "recall": 0.9690721649484536,
                "f1-score": 0.6536856745479833,
                "support": 485.0
            },
            "accuracy": 0.49899396378269617,
            "macro avg": {
                "precision": 0.5636628874158627,
                "recall": 0.5100763575233427,
                "f1-score": 0.3741155645467189,
                "support": 994.0
            },
            "weighted avg": {
                "precision": 0.5653647011956828,
                "recall": 0.49899396378269617,
                "f1-score": 0.36736538080423364,
                "support": 994.0
            }
        },
        "confusion_matrix": [
            [
                26,
                483
            ],
            [
                15,
                470
            ]
        ]
    }
}