{
    "timestamp": "2025-04-28 22:23:09",
    "training_history": {
        "accuracy": [
            0.5881989598274231,
            0.6560086607933044,
            0.7156317830085754,
            0.7551745176315308,
            0.789620041847229,
            0.8188137412071228,
            0.8480074405670166,
            0.865152895450592,
            0.8700957894325256,
            0.8756564855575562,
            0.8858510851860046
        ],
        "loss": [
            0.7419083714485168,
            0.6602087616920471,
            0.5997712016105652,
            0.5510862469673157,
            0.5050941705703735,
            0.46288010478019714,
            0.40691837668418884,
            0.3774157166481018,
            0.3700421154499054,
            0.35558849573135376,
            0.33543822169303894
        ],
        "val_accuracy": [
            0.6032388806343079,
            0.5344129800796509,
            0.5303643941879272,
            0.52226722240448,
            0.5344129800796509,
            0.5627530217170715,
            0.49392712116241455,
            0.5101214647293091,
            0.5101214647293091,
            0.4979757070541382,
            0.49392712116241455
        ],
        "val_loss": [
            0.751541793346405,
            0.797270655632019,
            0.8148094415664673,
            0.8684029579162598,
            0.9394288659095764,
            1.0383501052856445,
            1.0360902547836304,
            1.0420715808868408,
            1.0400586128234863,
            1.0884556770324707,
            1.147035837173462
        ],
        "learning_rate": [
            0.0010000000474974513,
            0.0010000000474974513,
            0.0010000000474974513,
            0.0010000000474974513,
            0.0010000000474974513,
            0.0010000000474974513,
            0.0005000000237487257,
            0.0005000000237487257,
            0.0005000000237487257,
            0.0005000000237487257,
            0.0005000000237487257
        ]
    },
    "evaluation_metrics": {
        "accuracy": 0.4493927125506073,
        "precision": 0.41640999918842075,
        "recall": 0.4493927125506073,
        "f1": 0.4210244164506866,
        "classification_report": {
            "0": {
                "precision": 0.3088235294117647,
                "recall": 0.19090909090909092,
                "f1-score": 0.23595505617977527,
                "support": 110.0
            },
            "1": {
                "precision": 0.5027932960893855,
                "recall": 0.656934306569343,
                "f1-score": 0.569620253164557,
                "support": 137.0
            },
            "accuracy": 0.4493927125506073,
            "macro avg": {
                "precision": 0.4058084127505751,
                "recall": 0.423921698739217,
                "f1-score": 0.40278765467216615,
                "support": 247.0
            },
            "weighted avg": {
                "precision": 0.41640999918842075,
                "recall": 0.4493927125506073,
                "f1-score": 0.4210244164506866,
                "support": 247.0
            }
        },
        "confusion_matrix": [
            [
                21,
                89
            ],
            [
                47,
                90
            ]
        ]
    }
}