{
    "timestamp": "2025-04-28 22:22:38",
    "training_history": {
        "accuracy": [
            0.530646800994873,
            0.5624099969863892,
            0.6004393696784973,
            0.6386128067970276,
            0.6722126007080078,
            0.6999063491821289,
            0.7322457432746887,
            0.7461826801300049,
            0.7642970085144043,
            0.7716075778007507,
            0.7809348702430725
        ],
        "loss": [
            0.7419547438621521,
            0.7000622153282166,
            0.6743571758270264,
            0.6437368392944336,
            0.6175704002380371,
            0.5908219814300537,
            0.5478000640869141,
            0.5257065892219543,
            0.5034420490264893,
            0.49100175499916077,
            0.48166775703430176
        ],
        "val_accuracy": [
            0.5471698045730591,
            0.5597484111785889,
            0.5920934677124023,
            0.5813117623329163,
            0.5624438524246216,
            0.5444744229316711,
            0.584007203578949,
            0.5426774621009827,
            0.5363881587982178,
            0.5768194198608398,
            0.5777179002761841
        ],
        "val_loss": [
            0.7491292357444763,
            0.7875242829322815,
            0.9401207566261292,
            1.0214729309082031,
            1.0338361263275146,
            0.8511408567428589,
            1.3379639387130737,
            1.1291474103927612,
            1.2460565567016602,
            2.2176320552825928,
            1.9542171955108643
        ],
        "learning_rate": [
            0.0010000000474974513,
            0.0010000000474974513,
            0.0010000000474974513,
            0.0010000000474974513,
            0.0010000000474974513,
            0.0010000000474974513,
            0.0005000000237487257,
            0.0005000000237487257,
            0.0005000000237487257,
            0.0005000000237487257,
            0.0005000000237487257
        ]
    },
    "evaluation_metrics": {
        "accuracy": 0.5377019748653501,
        "precision": 0.2891234137740976,
        "recall": 0.5377019748653501,
        "f1": 0.3760460980085753,
        "classification_report": {
            "0": {
                "precision": 0.0,
                "recall": 0.0,
                "f1-score": 0.0,
                "support": 515.0
            },
            "1": {
                "precision": 0.5377019748653501,
                "recall": 1.0,
                "f1-score": 0.699357851722125,
                "support": 599.0
            },
            "accuracy": 0.5377019748653501,
            "macro avg": {
                "precision": 0.26885098743267505,
                "recall": 0.5,
                "f1-score": 0.3496789258610625,
                "support": 1114.0
            },
            "weighted avg": {
                "precision": 0.2891234137740976,
                "recall": 0.5377019748653501,
                "f1-score": 0.3760460980085753,
                "support": 1114.0
            }
        },
        "confusion_matrix": [
            [
                0,
                515
            ],
            [
                0,
                599
            ]
        ]
    }
}