{
    "timestamp": "2025-04-28 22:24:40",
    "training_history": {
        "accuracy": [
            0.539039671421051,
            0.5558803081512451,
            0.578427255153656,
            0.5999304056167603,
            0.6213639378547668,
            0.6454418897628784,
            0.6633611917495728,
            0.6849339008331299,
            0.7169798016548157,
            0.7326374650001526,
            0.7421016097068787,
            0.7497216463088989,
            0.7609603404998779
        ],
        "loss": [
            0.7306020855903625,
            0.692931592464447,
            0.6788467168807983,
            0.6656723618507385,
            0.6478449106216431,
            0.6312235593795776,
            0.613551676273346,
            0.5936564803123474,
            0.5578228235244751,
            0.5364214181900024,
            0.523952305316925,
            0.510750949382782,
            0.4998105466365814
        ],
        "val_accuracy": [
            0.4390243887901306,
            0.4659377634525299,
            0.5433136820793152,
            0.4819175899028778,
            0.43986544013023376,
            0.4482758641242981,
            0.4583683907985687,
            0.5475189089775085,
            0.5273339152336121,
            0.4482758641242981,
            0.5164003372192383,
            0.545836865901947,
            0.4785534143447876
        ],
        "val_loss": [
            0.8163825869560242,
            0.7682877779006958,
            0.7360402345657349,
            0.747370719909668,
            0.7734960317611694,
            0.845126211643219,
            0.9395444989204407,
            1.0780541896820068,
            1.1419250965118408,
            1.101768136024475,
            1.562154769897461,
            1.547830581665039,
            1.2472695112228394
        ],
        "learning_rate": [
            0.0010000000474974513,
            0.0010000000474974513,
            0.0010000000474974513,
            0.0010000000474974513,
            0.0010000000474974513,
            0.0010000000474974513,
            0.0010000000474974513,
            0.0010000000474974513,
            0.0005000000237487257,
            0.0005000000237487257,
            0.0005000000237487257,
            0.0005000000237487257,
            0.0005000000237487257
        ]
    },
    "evaluation_metrics": {
        "accuracy": 0.4760302775441548,
        "precision": 0.44346198197071646,
        "recall": 0.4760302775441548,
        "f1": 0.36271772252518414,
        "classification_report": {
            "0": {
                "precision": 0.48178506375227687,
                "recall": 0.9073756432246999,
                "f1-score": 0.6293872694824509,
                "support": 583.0
            },
            "1": {
                "precision": 0.4065934065934066,
                "recall": 0.06105610561056106,
                "f1-score": 0.10616929698708752,
                "support": 606.0
            },
            "accuracy": 0.4760302775441548,
            "macro avg": {
                "precision": 0.4441892351728417,
                "recall": 0.4842158744176305,
                "f1-score": 0.36777828323476924,
                "support": 1189.0
            },
            "weighted avg": {
                "precision": 0.44346198197071646,
                "recall": 0.4760302775441548,
                "f1-score": 0.36271772252518414,
                "support": 1189.0
            }
        },
        "confusion_matrix": [
            [
                529,
                54
            ],
            [
                569,
                37
            ]
        ]
    }
}