{
    "timestamp": "2025-04-28 18:37:50",
    "training_history": {
        "accuracy": [
            0.5367753505706787,
            0.5710432529449463,
            0.5940278172492981,
            0.6190258860588074,
            0.6479750871658325,
            0.6708836555480957,
            0.7032140493392944,
            0.7214117646217346,
            0.7377479076385498,
            0.7473596334457397,
            0.7602006196975708
        ],
        "loss": [
            0.737642765045166,
            0.6973947286605835,
            0.675232470035553,
            0.6593257188796997,
            0.6373398303985596,
            0.6171651482582092,
            0.5799803733825684,
            0.5595870614051819,
            0.5430824160575867,
            0.5319550037384033,
            0.5153248906135559
        ],
        "val_accuracy": [
            0.447600394487381,
            0.4622918665409088,
            0.4564152657985687,
            0.45347699522972107,
            0.45739471912384033,
            0.4622918665409088,
            0.4750244915485382,
            0.4662095904350281,
            0.48971596360206604,
            0.5044074654579163,
            0.48383936285972595
        ],
        "val_loss": [
            0.7348190546035767,
            0.7750909924507141,
            0.7862212657928467,
            0.8805090188980103,
            0.893420934677124,
            1.085094690322876,
            1.0364172458648682,
            1.047377109527588,
            1.033571481704712,
            1.1202305555343628,
            1.1364868879318237
        ],
        "learning_rate": [
            0.0010000000474974513,
            0.0010000000474974513,
            0.0010000000474974513,
            0.0010000000474974513,
            0.0010000000474974513,
            0.0010000000474974513,
            0.0005000000237487257,
            0.0005000000237487257,
            0.0005000000237487257,
            0.0005000000237487257,
            0.0005000000237487257
        ]
    },
    "evaluation_metrics": {
        "accuracy": 0.5181194906953966,
        "precision": 0.5183617342001994,
        "recall": 0.5181194906953966,
        "f1": 0.5182326865944554,
        "classification_report": {
            "0": {
                "precision": 0.4854771784232365,
                "recall": 0.4895397489539749,
                "f1-score": 0.48750000000000004,
                "support": 478.0
            },
            "1": {
                "precision": 0.5473098330241187,
                "recall": 0.5432780847145487,
                "f1-score": 0.5452865064695009,
                "support": 543.0
            },
            "accuracy": 0.5181194906953966,
            "macro avg": {
                "precision": 0.5163935057236776,
                "recall": 0.5164089168342618,
                "f1-score": 0.5163932532347505,
                "support": 1021.0
            },
            "weighted avg": {
                "precision": 0.5183617342001994,
                "recall": 0.5181194906953966,
                "f1-score": 0.5182326865944554,
                "support": 1021.0
            }
        },
        "confusion_matrix": [
            [
                234,
                244
            ],
            [
                248,
                295
            ]
        ]
    }
}