{
    "timestamp": "2025-04-28 21:20:24",
    "training_history": {
        "accuracy": [
            0.5430452227592468,
            0.5719203352928162,
            0.6023661494255066,
            0.6299378275871277,
            0.6585121154785156,
            0.6839783191680908,
            0.7234810590744019,
            0.7427310943603516,
            0.7578370571136475,
            0.7641200423240662,
            0.7756834626197815
        ],
        "loss": [
            0.7379015684127808,
            0.6961627006530762,
            0.6745778322219849,
            0.6560607552528381,
            0.6340912580490112,
            0.6117284893989563,
            0.5654714107513428,
            0.5398579239845276,
            0.52455735206604,
            0.5138688087463379,
            0.4981306791305542
        ],
        "val_accuracy": [
            0.5081037282943726,
            0.5008103847503662,
            0.4935170114040375,
            0.48136141896247864,
            0.4740680754184723,
            0.46758508682250977,
            0.4538087546825409,
            0.46596434712409973,
            0.48136141896247864,
            0.4732576906681061,
            0.46758508682250977
        ],
        "val_loss": [
            0.7287273406982422,
            0.7314387559890747,
            0.7688557505607605,
            0.8195348978042603,
            0.8770858645439148,
            1.008878231048584,
            0.9977273344993591,
            1.0862383842468262,
            1.0892764329910278,
            1.085808277130127,
            1.089931845664978
        ],
        "learning_rate": [
            0.0010000000474974513,
            0.0010000000474974513,
            0.0010000000474974513,
            0.0010000000474974513,
            0.0010000000474974513,
            0.0010000000474974513,
            0.0005000000237487257,
            0.0005000000237487257,
            0.0005000000237487257,
            0.0005000000237487257,
            0.0005000000237487257
        ]
    },
    "evaluation_metrics": {
        "accuracy": 0.5194489465153971,
        "precision": 0.5309738947677244,
        "recall": 0.5194489465153971,
        "f1": 0.4154377337454044,
        "classification_report": {
            "0": {
                "precision": 0.5454545454545454,
                "recall": 0.08970099667774087,
                "f1-score": 0.15406562054208275,
                "support": 602.0
            },
            "1": {
                "precision": 0.5171806167400881,
                "recall": 0.9287974683544303,
                "f1-score": 0.6644029428409735,
                "support": 632.0
            },
            "accuracy": 0.5194489465153971,
            "macro avg": {
                "precision": 0.5313175810973167,
                "recall": 0.5092492325160856,
                "f1-score": 0.4092342816915281,
                "support": 1234.0
            },
            "weighted avg": {
                "precision": 0.5309738947677244,
                "recall": 0.5194489465153971,
                "f1-score": 0.4154377337454044,
                "support": 1234.0
            }
        },
        "confusion_matrix": [
            [
                54,
                548
            ],
            [
                45,
                587
            ]
        ]
    }
}