{
    "timestamp": "2025-04-28 22:35:46",
    "training_history": {
        "accuracy": [
            0.5589984059333801,
            0.6021126508712769,
            0.6256651282310486,
            0.6499999761581421,
            0.6702660322189331,
            0.6871674656867981,
            0.7041471004486084,
            0.7422535419464111,
            0.7512519359588623,
            0.7650234699249268,
            0.7737089395523071,
            0.7784037590026855
        ],
        "loss": [
            0.7438066005706787,
            0.6951753497123718,
            0.6652320623397827,
            0.6464716196060181,
            0.6244112253189087,
            0.6052681803703308,
            0.5871391892433167,
            0.5447153449058533,
            0.5275636911392212,
            0.5085355043411255,
            0.5019038319587708,
            0.4877479672431946
        ],
        "val_accuracy": [
            0.567685604095459,
            0.5720524191856384,
            0.5502183437347412,
            0.5218340754508972,
            0.49563318490982056,
            0.5087336301803589,
            0.471615731716156,
            0.4890829622745514,
            0.5240174531936646,
            0.5109170079231262,
            0.5371178984642029,
            0.5349345207214355
        ],
        "val_loss": [
            0.7254723310470581,
            0.7236104011535645,
            0.7888714671134949,
            0.8002660870552063,
            0.8152734637260437,
            0.8649534583091736,
            0.8990855813026428,
            0.9412668347358704,
            0.929985523223877,
            0.9713935256004333,
            1.0619745254516602,
            1.022328495979309
        ],
        "learning_rate": [
            0.0010000000474974513,
            0.0010000000474974513,
            0.0010000000474974513,
            0.0010000000474974513,
            0.0010000000474974513,
            0.0010000000474974513,
            0.0010000000474974513,
            0.0005000000237487257,
            0.0005000000237487257,
            0.0005000000237487257,
            0.0005000000237487257,
            0.0005000000237487257
        ]
    },
    "evaluation_metrics": {
        "accuracy": 0.4432314410480349,
        "precision": 0.49330202893259906,
        "recall": 0.4432314410480349,
        "f1": 0.39341567467528465,
        "classification_report": {
            "0": {
                "precision": 0.41689373297002724,
                "recall": 0.788659793814433,
                "f1-score": 0.5454545454545454,
                "support": 194.0
            },
            "1": {
                "precision": 0.5494505494505495,
                "recall": 0.1893939393939394,
                "f1-score": 0.2816901408450704,
                "support": 264.0
            },
            "accuracy": 0.4432314410480349,
            "macro avg": {
                "precision": 0.4831721412102884,
                "recall": 0.48902686660418615,
                "f1-score": 0.4135723431498079,
                "support": 458.0
            },
            "weighted avg": {
                "precision": 0.49330202893259906,
                "recall": 0.4432314410480349,
                "f1-score": 0.39341567467528465,
                "support": 458.0
            }
        },
        "confusion_matrix": [
            [
                153,
                41
            ],
            [
                214,
                50
            ]
        ]
    }
}