{
    "timestamp": "2025-04-28 22:28:35",
    "training_history": {
        "accuracy": [
            0.546109676361084,
            0.5999755859375,
            0.6336875557899475,
            0.6803469061851501,
            0.7098448872566223,
            0.7401978969573975,
            0.7753145098686218,
            0.7932087182998657,
            0.8046903610229492,
            0.8166605830192566,
            0.8237449526786804
        ],
        "loss": [
            0.7418169975280762,
            0.6897001266479492,
            0.65871262550354,
            0.6222187280654907,
            0.5918595790863037,
            0.5588901042938232,
            0.5087185502052307,
            0.48442962765693665,
            0.46520060300827026,
            0.44706785678863525,
            0.4362969696521759
        ],
        "val_accuracy": [
            0.548701286315918,
            0.5324675440788269,
            0.548701286315918,
            0.5389610528945923,
            0.5454545617103577,
            0.5779221057891846,
            0.5665584206581116,
            0.5551947951316833,
            0.5568181872367859,
            0.5405844449996948,
            0.5259740352630615
        ],
        "val_loss": [
            0.7699504494667053,
            1.1057242155075073,
            0.8856159448623657,
            0.859070897102356,
            0.9816373586654663,
            1.0112813711166382,
            1.095259666442871,
            1.2439638376235962,
            1.234342098236084,
            1.2836835384368896,
            1.2443790435791016
        ],
        "learning_rate": [
            0.0010000000474974513,
            0.0010000000474974513,
            0.0010000000474974513,
            0.0010000000474974513,
            0.0010000000474974513,
            0.0010000000474974513,
            0.0005000000237487257,
            0.0005000000237487257,
            0.0005000000237487257,
            0.0005000000237487257,
            0.0005000000237487257
        ]
    },
    "evaluation_metrics": {
        "accuracy": 0.5559157212317666,
        "precision": 0.5176661264181524,
        "recall": 0.5559157212317666,
        "f1": 0.41755991847158774,
        "classification_report": {
            "0": {
                "precision": 0.4666666666666667,
                "recall": 0.02564102564102564,
                "f1-score": 0.048611111111111105,
                "support": 273.0
            },
            "1": {
                "precision": 0.5581395348837209,
                "recall": 0.9767441860465116,
                "f1-score": 0.7103594080338265,
                "support": 344.0
            },
            "accuracy": 0.5559157212317666,
            "macro avg": {
                "precision": 0.5124031007751938,
                "recall": 0.5011926058437686,
                "f1-score": 0.3794852595724688,
                "support": 617.0
            },
            "weighted avg": {
                "precision": 0.5176661264181524,
                "recall": 0.5559157212317666,
                "f1-score": 0.41755991847158774,
                "support": 617.0
            }
        },
        "confusion_matrix": [
            [
                7,
                266
            ],
            [
                8,
                336
            ]
        ]
    }
}