{
    "timestamp": "2025-04-28 18:48:09",
    "training_history": {
        "accuracy": [
            0.5323480367660522,
            0.5783603191375732,
            0.6024354100227356,
            0.6321806907653809,
            0.6635062098503113,
            0.687395453453064,
            0.7269009351730347,
            0.7435396909713745,
            0.7625023126602173,
            0.7722160220146179,
            0.784485936164856
        ],
        "loss": [
            0.7488678693771362,
            0.7017462849617004,
            0.6761487722396851,
            0.6575512886047363,
            0.6314296722412109,
            0.6093409657478333,
            0.559912919998169,
            0.538280189037323,
            0.5175272226333618,
            0.5024837851524353,
            0.4895426630973816
        ],
        "val_accuracy": [
            0.5334101319313049,
            0.5679723620414734,
            0.5529953837394714,
            0.5564516186714172,
            0.5771889686584473,
            0.5771889686584473,
            0.5668202638626099,
            0.5702764987945557,
            0.5702764987945557,
            0.5714285969734192,
            0.5691244006156921
        ],
        "val_loss": [
            0.910004198551178,
            1.1087143421173096,
            1.119466781616211,
            0.9283193349838257,
            1.597339153289795,
            1.2194894552230835,
            1.101562738418579,
            1.1743392944335938,
            1.8049473762512207,
            1.143813133239746,
            1.3823963403701782
        ],
        "learning_rate": [
            0.0010000000474974513,
            0.0010000000474974513,
            0.0010000000474974513,
            0.0010000000474974513,
            0.0010000000474974513,
            0.0010000000474974513,
            0.0005000000237487257,
            0.0005000000237487257,
            0.0005000000237487257,
            0.0005000000237487257,
            0.0005000000237487257
        ]
    },
    "evaluation_metrics": {
        "accuracy": 0.4188722669735328,
        "precision": 0.34043507314468163,
        "recall": 0.4188722669735328,
        "f1": 0.2855582644008416,
        "classification_report": {
            "0": {
                "precision": 0.2708333333333333,
                "recall": 0.026915113871635612,
                "f1-score": 0.048964218455743884,
                "support": 483.0
            },
            "1": {
                "precision": 0.42752740560292324,
                "recall": 0.9093264248704663,
                "f1-score": 0.5816072908036453,
                "support": 386.0
            },
            "accuracy": 0.4188722669735328,
            "macro avg": {
                "precision": 0.34918036946812825,
                "recall": 0.46812076937105096,
                "f1-score": 0.31528575462969455,
                "support": 869.0
            },
            "weighted avg": {
                "precision": 0.34043507314468163,
                "recall": 0.4188722669735328,
                "f1-score": 0.2855582644008416,
                "support": 869.0
            }
        },
        "confusion_matrix": [
            [
                13,
                470
            ],
            [
                35,
                351
            ]
        ]
    }
}