{
    "timestamp": "2025-04-28 22:28:08",
    "training_history": {
        "accuracy": [
            0.5375868082046509,
            0.6129340529441833,
            0.6623263955116272,
            0.7018229365348816,
            0.7391493320465088,
            0.7612847089767456,
            0.7841145992279053,
            0.8181423544883728,
            0.8296006917953491,
            0.8447048664093018,
            0.8527777791023254,
            0.8630208373069763
        ],
        "loss": [
            0.7553979754447937,
            0.6948293447494507,
            0.6442908644676208,
            0.6006144881248474,
            0.5590143203735352,
            0.5302271842956543,
            0.4935874044895172,
            0.44191086292266846,
            0.4225415885448456,
            0.4022054076194763,
            0.3858136832714081,
            0.37065795063972473
        ],
        "val_accuracy": [
            0.5187793374061584,
            0.49295774102211,
            0.5234741568565369,
            0.4976525902748108,
            0.5023474097251892,
            0.49295774102211,
            0.5328638553619385,
            0.5328638553619385,
            0.5375586748123169,
            0.5211267471313477,
            0.5046948194503784,
            0.5093896985054016
        ],
        "val_loss": [
            0.7515729665756226,
            0.7437101602554321,
            0.7574363350868225,
            0.7578929662704468,
            0.7631697654724121,
            0.8521575927734375,
            0.777840793132782,
            0.8312914371490479,
            0.8899048566818237,
            0.912007212638855,
            0.9716039896011353,
            0.9290571808815002
        ],
        "learning_rate": [
            0.0010000000474974513,
            0.0010000000474974513,
            0.0010000000474974513,
            0.0010000000474974513,
            0.0010000000474974513,
            0.0010000000474974513,
            0.0010000000474974513,
            0.0005000000237487257,
            0.0005000000237487257,
            0.0005000000237487257,
            0.0005000000237487257,
            0.0005000000237487257
        ]
    },
    "evaluation_metrics": {
        "accuracy": 0.49414519906323184,
        "precision": 0.47127062796144004,
        "recall": 0.49414519906323184,
        "f1": 0.39767430710505447,
        "classification_report": {
            "0": {
                "precision": 0.4418604651162791,
                "recall": 0.09004739336492891,
                "f1-score": 0.1496062992125984,
                "support": 211.0
            },
            "1": {
                "precision": 0.5,
                "recall": 0.8888888888888888,
                "f1-score": 0.64,
                "support": 216.0
            },
            "accuracy": 0.49414519906323184,
            "macro avg": {
                "precision": 0.47093023255813954,
                "recall": 0.4894681411269089,
                "f1-score": 0.3948031496062992,
                "support": 427.0
            },
            "weighted avg": {
                "precision": 0.47127062796144004,
                "recall": 0.49414519906323184,
                "f1-score": 0.39767430710505447,
                "support": 427.0
            }
        },
        "confusion_matrix": [
            [
                19,
                192
            ],
            [
                24,
                192
            ]
        ]
    }
}