{
    "timestamp": "2025-04-28 22:29:26",
    "training_history": {
        "accuracy": [
            0.5381025671958923,
            0.5706056356430054,
            0.6027547121047974,
            0.6391838788986206,
            0.6678251624107361,
            0.6938920021057129,
            0.7353092432022095,
            0.7509493231773376,
            0.7701937556266785,
            0.779944658279419,
            0.7846431136131287
        ],
        "loss": [
            0.7392855882644653,
            0.6944917440414429,
            0.672042965888977,
            0.6474664807319641,
            0.6220298409461975,
            0.5991721153259277,
            0.5502498149871826,
            0.5298563241958618,
            0.5089054107666016,
            0.4914800822734833,
            0.4829784035682678
        ],
        "val_accuracy": [
            0.4156954288482666,
            0.502719521522522,
            0.4763014614582062,
            0.5050504803657532,
            0.4755244851112366,
            0.4755244851112366,
            0.5275835394859314,
            0.5213675498962402,
            0.5236985087394714,
            0.5252525210380554,
            0.498834490776062
        ],
        "val_loss": [
            0.741408109664917,
            0.7744043469429016,
            0.8425990343093872,
            0.8184900879859924,
            0.886289656162262,
            0.9169360399246216,
            0.8942345380783081,
            0.9019479751586914,
            0.956070601940155,
            1.0512231588363647,
            0.9261710047721863
        ],
        "learning_rate": [
            0.0010000000474974513,
            0.0010000000474974513,
            0.0010000000474974513,
            0.0010000000474974513,
            0.0010000000474974513,
            0.0010000000474974513,
            0.0005000000237487257,
            0.0005000000237487257,
            0.0005000000237487257,
            0.0005000000237487257,
            0.0005000000237487257
        ]
    },
    "evaluation_metrics": {
        "accuracy": 0.47360248447204967,
        "precision": 0.5584198496808925,
        "recall": 0.47360248447204967,
        "f1": 0.32727380729278216,
        "classification_report": {
            "0": {
                "precision": 0.4693227091633466,
                "recall": 0.9800332778702163,
                "f1-score": 0.634698275862069,
                "support": 601.0
            },
            "1": {
                "precision": 0.6363636363636364,
                "recall": 0.03056768558951965,
                "f1-score": 0.058333333333333334,
                "support": 687.0
            },
            "accuracy": 0.47360248447204967,
            "macro avg": {
                "precision": 0.5528431727634915,
                "recall": 0.505300481729868,
                "f1-score": 0.34651580459770115,
                "support": 1288.0
            },
            "weighted avg": {
                "precision": 0.5584198496808925,
                "recall": 0.47360248447204967,
                "f1-score": 0.32727380729278216,
                "support": 1288.0
            }
        },
        "confusion_matrix": [
            [
                589,
                12
            ],
            [
                666,
                21
            ]
        ]
    }
}