{
    "timestamp": "2025-04-28 22:38:02",
    "training_history": {
        "accuracy": [
            0.5483576655387878,
            0.5803300142288208,
            0.6164081692695618,
            0.6422597169876099,
            0.6675790548324585,
            0.6889826655387878,
            0.7285584211349487,
            0.7434991002082825,
            0.7576794624328613,
            0.7697308659553528,
            0.7780185341835022
        ],
        "loss": [
            0.7396544218063354,
            0.6973963379859924,
            0.6726170182228088,
            0.6519959568977356,
            0.6317791938781738,
            0.6140857934951782,
            0.5667124390602112,
            0.547053337097168,
            0.5292916297912598,
            0.5123890042304993,
            0.5021396279335022
        ],
        "val_accuracy": [
            0.517657995223999,
            0.5250929594039917,
            0.5092936754226685,
            0.4869888424873352,
            0.5009293556213379,
            0.4944238066673279,
            0.50650554895401,
            0.5009293556213379,
            0.5130111575126648,
            0.482342004776001,
            0.48977693915367126
        ],
        "val_loss": [
            0.7467817664146423,
            0.7877593040466309,
            0.8132107257843018,
            0.8089268803596497,
            1.004918098449707,
            0.9834169149398804,
            0.9815179109573364,
            0.980757474899292,
            1.0191525220870972,
            1.0027774572372437,
            1.0402940511703491
        ],
        "learning_rate": [
            0.0010000000474974513,
            0.0010000000474974513,
            0.0010000000474974513,
            0.0010000000474974513,
            0.0010000000474974513,
            0.0010000000474974513,
            0.0005000000237487257,
            0.0005000000237487257,
            0.0005000000237487257,
            0.0005000000237487257,
            0.0005000000237487257
        ]
    },
    "evaluation_metrics": {
        "accuracy": 0.5018587360594795,
        "precision": 0.5019345918134741,
        "recall": 0.5018587360594795,
        "f1": 0.5018949327997998,
        "classification_report": {
            "0": {
                "precision": 0.4806949806949807,
                "recall": 0.48255813953488375,
                "f1-score": 0.4816247582205029,
                "support": 516.0
            },
            "1": {
                "precision": 0.521505376344086,
                "recall": 0.5196428571428572,
                "f1-score": 0.5205724508050089,
                "support": 560.0
            },
            "accuracy": 0.5018587360594795,
            "macro avg": {
                "precision": 0.5011001785195334,
                "recall": 0.5011004983388705,
                "f1-score": 0.5010986045127559,
                "support": 1076.0
            },
            "weighted avg": {
                "precision": 0.5019345918134741,
                "recall": 0.5018587360594795,
                "f1-score": 0.5018949327997998,
                "support": 1076.0
            }
        },
        "confusion_matrix": [
            [
                249,
                267
            ],
            [
                269,
                291
            ]
        ]
    }
}