{
    "timestamp": "2025-04-28 22:27:49",
    "training_history": {
        "accuracy": [
            0.5307341814041138,
            0.5711997747421265,
            0.5976533889770508,
            0.6270633339881897,
            0.6535476446151733,
            0.6778147220611572,
            0.698879063129425,
            0.7311530113220215,
            0.7475979328155518,
            0.7622259259223938,
            0.7719265818595886,
            0.7789788246154785
        ],
        "loss": [
            0.7389815449714661,
            0.6962864398956299,
            0.6759584546089172,
            0.6563252210617065,
            0.6351839900016785,
            0.6126345992088318,
            0.5942425727844238,
            0.5494998097419739,
            0.5272253155708313,
            0.5119714736938477,
            0.4992235004901886,
            0.48585566878318787
        ],
        "val_accuracy": [
            0.49458205699920654,
            0.5077399611473083,
            0.5015479922294617,
            0.5085139274597168,
            0.4721362292766571,
            0.5116099119186401,
            0.48374614119529724,
            0.47136223316192627,
            0.47523218393325806,
            0.4744582176208496,
            0.47910216450691223,
            0.49458205699920654
        ],
        "val_loss": [
            0.8058339357376099,
            0.7273769378662109,
            0.7584725618362427,
            0.7870351672172546,
            0.8416733145713806,
            0.8600034713745117,
            0.9537710547447205,
            1.0215978622436523,
            1.0752148628234863,
            1.2073129415512085,
            1.2125744819641113,
            1.291770577430725
        ],
        "learning_rate": [
            0.0010000000474974513,
            0.0010000000474974513,
            0.0010000000474974513,
            0.0010000000474974513,
            0.0010000000474974513,
            0.0010000000474974513,
            0.0010000000474974513,
            0.0005000000237487257,
            0.0005000000237487257,
            0.0005000000237487257,
            0.0005000000237487257,
            0.0005000000237487257
        ]
    },
    "evaluation_metrics": {
        "accuracy": 0.5096674400618716,
        "precision": 0.501147471042064,
        "recall": 0.5096674400618716,
        "f1": 0.44435902824001483,
        "classification_report": {
            "0": {
                "precision": 0.4878048780487805,
                "recall": 0.1589825119236884,
                "f1-score": 0.2398081534772182,
                "support": 629.0
            },
            "1": {
                "precision": 0.5137867647058824,
                "recall": 0.8418674698795181,
                "f1-score": 0.6381278538812786,
                "support": 664.0
            },
            "accuracy": 0.5096674400618716,
            "macro avg": {
                "precision": 0.5007958213773314,
                "recall": 0.5004249909016032,
                "f1-score": 0.4389680036792484,
                "support": 1293.0
            },
            "weighted avg": {
                "precision": 0.501147471042064,
                "recall": 0.5096674400618716,
                "f1-score": 0.44435902824001483,
                "support": 1293.0
            }
        },
        "confusion_matrix": [
            [
                100,
                529
            ],
            [
                105,
                559
            ]
        ]
    }
}