{
    "timestamp": "2025-04-28 22:33:39",
    "training_history": {
        "accuracy": [
            0.5371547341346741,
            0.5803253650665283,
            0.6146416068077087,
            0.6478562951087952,
            0.676919162273407,
            0.7080579400062561,
            0.7427130937576294,
            0.7605490684509277,
            0.7738518714904785,
            0.7876631021499634,
            0.7930435538291931
        ],
        "loss": [
            0.7380858659744263,
            0.6959642767906189,
            0.672446072101593,
            0.6476755142211914,
            0.6235823035240173,
            0.5944287776947021,
            0.5456998348236084,
            0.5205705165863037,
            0.5038549900054932,
            0.48336201906204224,
            0.47523239254951477
        ],
        "val_accuracy": [
            0.5698924660682678,
            0.5451613068580627,
            0.5634408593177795,
            0.5182795524597168,
            0.5483871102333069,
            0.523655891418457,
            0.5333333611488342,
            0.5526881814002991,
            0.5247311592102051,
            0.5473118424415588,
            0.5150537490844727
        ],
        "val_loss": [
            0.7294289469718933,
            0.766859233379364,
            0.7811731100082397,
            0.791797935962677,
            0.7853914499282837,
            0.8534409999847412,
            1.0190764665603638,
            1.12798011302948,
            0.8722591996192932,
            1.166233777999878,
            0.9457459449768066
        ],
        "learning_rate": [
            0.0010000000474974513,
            0.0010000000474974513,
            0.0010000000474974513,
            0.0010000000474974513,
            0.0010000000474974513,
            0.0010000000474974513,
            0.0005000000237487257,
            0.0005000000237487257,
            0.0005000000237487257,
            0.0005000000237487257,
            0.0005000000237487257
        ]
    },
    "evaluation_metrics": {
        "accuracy": 0.556989247311828,
        "precision": 0.4969136175888283,
        "recall": 0.556989247311828,
        "f1": 0.42374866020906826,
        "classification_report": {
            "0": {
                "precision": 0.41379310344827586,
                "recall": 0.029484029484029485,
                "f1-score": 0.055045871559633024,
                "support": 407.0
            },
            "1": {
                "precision": 0.5615982241953386,
                "recall": 0.9674952198852772,
                "f1-score": 0.7106741573033707,
                "support": 523.0
            },
            "accuracy": 0.556989247311828,
            "macro avg": {
                "precision": 0.4876956638218072,
                "recall": 0.49848962468465335,
                "f1-score": 0.38286001443150186,
                "support": 930.0
            },
            "weighted avg": {
                "precision": 0.4969136175888283,
                "recall": 0.556989247311828,
                "f1-score": 0.42374866020906826,
                "support": 930.0
            }
        },
        "confusion_matrix": [
            [
                12,
                395
            ],
            [
                17,
                506
            ]
        ]
    }
}