{
    "timestamp": "2025-04-28 22:34:05",
    "training_history": {
        "accuracy": [
            0.5315489768981934,
            0.5637444853782654,
            0.5836566090583801,
            0.6134600639343262,
            0.6481122374534607,
            0.6663433909416199,
            0.7014481425285339,
            0.7190328240394592,
            0.7392681837081909,
            0.7464442849159241,
            0.7574993371963501
        ],
        "loss": [
            0.7533740997314453,
            0.7054383158683777,
            0.6718220710754395,
            0.650783121585846,
            0.6252158284187317,
            0.6068510413169861,
            0.5674651861190796,
            0.5422583818435669,
            0.5253551006317139,
            0.5153506994247437,
            0.5016098618507385
        ],
        "val_accuracy": [
            0.48788368701934814,
            0.48949918150901794,
            0.45395800471305847,
            0.45718902349472046,
            0.5121163129806519,
            0.45557349920272827,
            0.48626816272735596,
            0.5088853240013123,
            0.5121163129806519,
            0.4781906306743622,
            0.4975767433643341
        ],
        "val_loss": [
            0.8154751658439636,
            0.8309294581413269,
            1.0249265432357788,
            1.0797781944274902,
            1.0158172845840454,
            1.081663966178894,
            1.1718512773513794,
            1.27079439163208,
            1.2952375411987305,
            1.4192614555358887,
            1.3463977575302124
        ],
        "learning_rate": [
            0.0010000000474974513,
            0.0010000000474974513,
            0.0010000000474974513,
            0.0010000000474974513,
            0.0010000000474974513,
            0.0010000000474974513,
            0.0005000000237487257,
            0.0005000000237487257,
            0.0005000000237487257,
            0.0005000000237487257,
            0.0005000000237487257
        ]
    },
    "evaluation_metrics": {
        "accuracy": 0.40064620355411956,
        "precision": 0.38640410774391387,
        "recall": 0.40064620355411956,
        "f1": 0.3469779057828135,
        "classification_report": {
            "0": {
                "precision": 0.4093686354378819,
                "recall": 0.7127659574468085,
                "f1-score": 0.5200517464424321,
                "support": 282.0
            },
            "1": {
                "precision": 0.3671875,
                "recall": 0.1394658753709199,
                "f1-score": 0.2021505376344086,
                "support": 337.0
            },
            "accuracy": 0.40064620355411956,
            "macro avg": {
                "precision": 0.3882780677189409,
                "recall": 0.4261159164088642,
                "f1-score": 0.36110114203842036,
                "support": 619.0
            },
            "weighted avg": {
                "precision": 0.38640410774391387,
                "recall": 0.40064620355411956,
                "f1-score": 0.3469779057828135,
                "support": 619.0
            }
        },
        "confusion_matrix": [
            [
                201,
                81
            ],
            [
                290,
                47
            ]
        ]
    }
}