{
    "timestamp": "2025-04-28 22:33:01",
    "training_history": {
        "accuracy": [
            0.538028359413147,
            0.5829311013221741,
            0.6188021302223206,
            0.6567938923835754,
            0.6882404685020447,
            0.7163229584693909,
            0.7335819602012634,
            0.7551192045211792,
            0.7848106026649475,
            0.7936960458755493,
            0.8066037893295288,
            0.8120520710945129,
            0.8200599551200867
        ],
        "loss": [
            0.737038254737854,
            0.6950535178184509,
            0.6668581962585449,
            0.6396516561508179,
            0.6088910698890686,
            0.5804815888404846,
            0.5548794269561768,
            0.5285274982452393,
            0.4851248562335968,
            0.46440428495407104,
            0.45239853858947754,
            0.4377322196960449,
            0.42477497458457947
        ],
        "val_accuracy": [
            0.44254937767982483,
            0.5583482980728149,
            0.47666066884994507,
            0.5332136154174805,
            0.57001793384552,
            0.44165170192718506,
            0.5565529465675354,
            0.5736086368560791,
            0.5754039287567139,
            0.5727109313011169,
            0.5682226419448853,
            0.5457809567451477,
            0.5610412955284119
        ],
        "val_loss": [
            0.754453718662262,
            0.7706502676010132,
            0.7422868609428406,
            0.7752031683921814,
            0.7858690023422241,
            0.8560152053833008,
            0.9332267642021179,
            0.8849244117736816,
            0.9968486428260803,
            1.0365585088729858,
            1.2731233835220337,
            1.0122129917144775,
            1.3536028861999512
        ],
        "learning_rate": [
            0.0010000000474974513,
            0.0010000000474974513,
            0.0010000000474974513,
            0.0010000000474974513,
            0.0010000000474974513,
            0.0010000000474974513,
            0.0010000000474974513,
            0.0010000000474974513,
            0.0005000000237487257,
            0.0005000000237487257,
            0.0005000000237487257,
            0.0005000000237487257,
            0.0005000000237487257
        ]
    },
    "evaluation_metrics": {
        "accuracy": 0.49461400359066426,
        "precision": 0.6788445755321877,
        "recall": 0.49461400359066426,
        "f1": 0.3400533502720979,
        "classification_report": {
            "0": {
                "precision": 0.49,
                "recall": 0.9963031423290203,
                "f1-score": 0.6569165143205362,
                "support": 541.0
            },
            "1": {
                "precision": 0.8571428571428571,
                "recall": 0.020942408376963352,
                "f1-score": 0.04088586030664395,
                "support": 573.0
            },
            "accuracy": 0.49461400359066426,
            "macro avg": {
                "precision": 0.6735714285714285,
                "recall": 0.5086227753529918,
                "f1-score": 0.3489011873135901,
                "support": 1114.0
            },
            "weighted avg": {
                "precision": 0.6788445755321877,
                "recall": 0.49461400359066426,
                "f1-score": 0.3400533502720979,
                "support": 1114.0
            }
        },
        "confusion_matrix": [
            [
                539,
                2
            ],
            [
                561,
                12
            ]
        ]
    }
}