{
    "timestamp": "2025-04-28 22:24:59",
    "training_history": {
        "accuracy": [
            0.5773554444313049,
            0.6356174349784851,
            0.6890614032745361,
            0.718326210975647,
            0.7540149688720703,
            0.7748036980628967,
            0.8105817437171936,
            0.8278015851974487,
            0.8324410915374756,
            0.8503747582435608,
            0.8489471673965454
        ],
        "loss": [
            0.7378806471824646,
            0.6802116632461548,
            0.6299997568130493,
            0.5899021625518799,
            0.5437521934509277,
            0.5114522576332092,
            0.4627770483493805,
            0.43598422408103943,
            0.4205673336982727,
            0.39702436327934265,
            0.388366162776947
        ],
        "val_accuracy": [
            0.5162790417671204,
            0.48139533400535583,
            0.49534884095191956,
            0.46046510338783264,
            0.4976744055747986,
            0.5069767236709595,
            0.5209302306175232,
            0.49302324652671814,
            0.5186046361923218,
            0.5023255944252014,
            0.5
        ],
        "val_loss": [
            0.7908746004104614,
            0.8067784309387207,
            0.8867151737213135,
            0.8723608255386353,
            1.0127843618392944,
            0.9286907315254211,
            1.0406482219696045,
            1.0971754789352417,
            1.0922895669937134,
            1.1270915269851685,
            1.2245521545410156
        ],
        "learning_rate": [
            0.0010000000474974513,
            0.0010000000474974513,
            0.0010000000474974513,
            0.0010000000474974513,
            0.0010000000474974513,
            0.0010000000474974513,
            0.0005000000237487257,
            0.0005000000237487257,
            0.0005000000237487257,
            0.0005000000237487257,
            0.0005000000237487257
        ]
    },
    "evaluation_metrics": {
        "accuracy": 0.41299303944315546,
        "precision": 0.46702968268967915,
        "recall": 0.41299303944315546,
        "f1": 0.4094203027594726,
        "classification_report": {
            "0": {
                "precision": 0.33935018050541516,
                "recall": 0.573170731707317,
                "f1-score": 0.42630385487528344,
                "support": 164.0
            },
            "1": {
                "precision": 0.5454545454545454,
                "recall": 0.3146067415730337,
                "f1-score": 0.3990498812351544,
                "support": 267.0
            },
            "accuracy": 0.41299303944315546,
            "macro avg": {
                "precision": 0.44240236297998026,
                "recall": 0.44388873664017536,
                "f1-score": 0.4126768680552189,
                "support": 431.0
            },
            "weighted avg": {
                "precision": 0.46702968268967915,
                "recall": 0.41299303944315546,
                "f1-score": 0.4094203027594726,
                "support": 431.0
            }
        },
        "confusion_matrix": [
            [
                94,
                70
            ],
            [
                183,
                84
            ]
        ]
    }
}