{
    "timestamp": "2025-04-28 22:31:17",
    "training_history": {
        "accuracy": [
            0.5475767850875854,
            0.5894931554794312,
            0.6280059218406677,
            0.660636305809021,
            0.6803551316261292,
            0.7056233882904053,
            0.7383647561073303,
            0.7566037774085999,
            0.7668886184692383,
            0.7773584723472595,
            0.7885682582855225
        ],
        "loss": [
            0.7295194864273071,
            0.6822670698165894,
            0.653514564037323,
            0.626309871673584,
            0.6062355041503906,
            0.583026111125946,
            0.5393995642662048,
            0.5190086364746094,
            0.503024160861969,
            0.48866337537765503,
            0.4759081304073334
        ],
        "val_accuracy": [
            0.46224677562713623,
            0.4650092124938965,
            0.4852670431137085,
            0.4861878454685211,
            0.469613254070282,
            0.5027624368667603,
            0.49815836548805237,
            0.49263352155685425,
            0.4852670431137085,
            0.5036832690238953,
            0.49263352155685425
        ],
        "val_loss": [
            0.7488121390342712,
            0.7897271513938904,
            1.0810940265655518,
            1.3555071353912354,
            1.689387321472168,
            1.9743860960006714,
            2.247231960296631,
            2.1798088550567627,
            2.0699684619903564,
            2.5777852535247803,
            2.5972900390625
        ],
        "learning_rate": [
            0.0010000000474974513,
            0.0010000000474974513,
            0.0010000000474974513,
            0.0010000000474974513,
            0.0010000000474974513,
            0.0010000000474974513,
            0.0005000000237487257,
            0.0005000000237487257,
            0.0005000000237487257,
            0.0005000000237487257,
            0.0005000000237487257
        ]
    },
    "evaluation_metrics": {
        "accuracy": 0.45722171113155474,
        "precision": 0.7562312260077291,
        "recall": 0.45722171113155474,
        "f1": 0.302964551454737,
        "classification_report": {
            "0": {
                "precision": 0.44911297852474324,
                "recall": 1.0,
                "f1-score": 0.6198453608247423,
                "support": 481.0
            },
            "1": {
                "precision": 1.0,
                "recall": 0.026402640264026403,
                "f1-score": 0.05144694533762057,
                "support": 606.0
            },
            "accuracy": 0.45722171113155474,
            "macro avg": {
                "precision": 0.7245564892623716,
                "recall": 0.5132013201320133,
                "f1-score": 0.33564615308118145,
                "support": 1087.0
            },
            "weighted avg": {
                "precision": 0.7562312260077291,
                "recall": 0.45722171113155474,
                "f1-score": 0.302964551454737,
                "support": 1087.0
            }
        },
        "confusion_matrix": [
            [
                481,
                0
            ],
            [
                590,
                16
            ]
        ]
    }
}