{
    "timestamp": "2025-04-28 22:26:38",
    "training_history": {
        "accuracy": [
            0.5558375716209412,
            0.6056228280067444,
            0.6553429365158081,
            0.6800729036331177,
            0.7111154794692993,
            0.7299231886863708,
            0.7483404874801636,
            0.7867369651794434,
            0.8012495040893555,
            0.8064557909965515,
            0.8169985413551331,
            0.8278667330741882
        ],
        "loss": [
            0.7438179850578308,
            0.689167857170105,
            0.6423680186271667,
            0.6111020445823669,
            0.5781059861183167,
            0.5560744404792786,
            0.5339756608009338,
            0.48327234387397766,
            0.4570443332195282,
            0.444717139005661,
            0.4315212070941925,
            0.41476279497146606
        ],
        "val_accuracy": [
            0.5269360542297363,
            0.5404040217399597,
            0.5168350338935852,
            0.5218855142593384,
            0.47979798913002014,
            0.48148149251937866,
            0.5050504803657532,
            0.5084174871444702,
            0.4898989796638489,
            0.4915824830532074,
            0.5101010203361511,
            0.5067340135574341
        ],
        "val_loss": [
            0.7345894575119019,
            0.7290480136871338,
            0.7633899450302124,
            0.7719718217849731,
            0.8143236637115479,
            0.8598595857620239,
            0.8998112082481384,
            0.936488687992096,
            0.9907014966011047,
            1.0396239757537842,
            0.9966756105422974,
            1.1053292751312256
        ],
        "learning_rate": [
            0.0010000000474974513,
            0.0010000000474974513,
            0.0010000000474974513,
            0.0010000000474974513,
            0.0010000000474974513,
            0.0010000000474974513,
            0.0010000000474974513,
            0.0005000000237487257,
            0.0005000000237487257,
            0.0005000000237487257,
            0.0005000000237487257,
            0.0005000000237487257
        ]
    },
    "evaluation_metrics": {
        "accuracy": 0.5142857142857142,
        "precision": 0.5083155598726533,
        "recall": 0.5142857142857142,
        "f1": 0.5065775959609937,
        "classification_report": {
            "0": {
                "precision": 0.4751131221719457,
                "recall": 0.3776978417266187,
                "f1-score": 0.42084168336673344,
                "support": 278.0
            },
            "1": {
                "precision": 0.5374331550802139,
                "recall": 0.6340694006309149,
                "f1-score": 0.5817655571635311,
                "support": 317.0
            },
            "accuracy": 0.5142857142857142,
            "macro avg": {
                "precision": 0.5062731386260798,
                "recall": 0.5058836211787667,
                "f1-score": 0.5013036202651322,
                "support": 595.0
            },
            "weighted avg": {
                "precision": 0.5083155598726533,
                "recall": 0.5142857142857142,
                "f1-score": 0.5065775959609937,
                "support": 595.0
            }
        },
        "confusion_matrix": [
            [
                105,
                173
            ],
            [
                116,
                201
            ]
        ]
    }
}