{
    "timestamp": "2025-04-28 22:26:54",
    "training_history": {
        "accuracy": [
            0.5917270183563232,
            0.6641430854797363,
            0.6984858512878418,
            0.7351327538490295,
            0.7633311152458191,
            0.7818740606307983,
            0.8098529577255249,
            0.8224709033966064,
            0.8356375098228455,
            0.8412332534790039,
            0.847816526889801
        ],
        "loss": [
            0.736998975276947,
            0.6686384677886963,
            0.6183799505233765,
            0.5740523934364319,
            0.5336392521858215,
            0.512865424156189,
            0.4567852318286896,
            0.43448108434677124,
            0.41639310121536255,
            0.4006767272949219,
            0.39006832242012024
        ],
        "val_accuracy": [
            0.47633135318756104,
            0.5088757276535034,
            0.5207100510597229,
            0.5355029702186584,
            0.5355029702186584,
            0.5414201021194458,
            0.5562130212783813,
            0.5532544255256653,
            0.5502958297729492,
            0.5710059404373169,
            0.5621301531791687
        ],
        "val_loss": [
            0.8963407874107361,
            0.954536497592926,
            0.9987108707427979,
            1.019497275352478,
            1.1017804145812988,
            1.1418722867965698,
            1.2046029567718506,
            1.2704373598098755,
            1.367767333984375,
            1.4104832410812378,
            1.40541672706604
        ],
        "learning_rate": [
            0.0010000000474974513,
            0.0010000000474974513,
            0.0010000000474974513,
            0.0010000000474974513,
            0.0010000000474974513,
            0.0010000000474974513,
            0.0005000000237487257,
            0.0005000000237487257,
            0.0005000000237487257,
            0.0005000000237487257,
            0.0005000000237487257
        ]
    },
    "evaluation_metrics": {
        "accuracy": 0.6017699115044248,
        "precision": 0.5542763242646066,
        "recall": 0.6017699115044248,
        "f1": 0.5619013056483919,
        "classification_report": {
            "0": {
                "precision": 0.3709677419354839,
                "recall": 0.19327731092436976,
                "f1-score": 0.2541436464088398,
                "support": 119.0
            },
            "1": {
                "precision": 0.6534296028880866,
                "recall": 0.8227272727272728,
                "f1-score": 0.7283702213279678,
                "support": 220.0
            },
            "accuracy": 0.6017699115044248,
            "macro avg": {
                "precision": 0.5121986724117853,
                "recall": 0.5080022918258212,
                "f1-score": 0.4912569338684038,
                "support": 339.0
            },
            "weighted avg": {
                "precision": 0.5542763242646066,
                "recall": 0.6017699115044248,
                "f1-score": 0.5619013056483919,
                "support": 339.0
            }
        },
        "confusion_matrix": [
            [
                23,
                96
            ],
            [
                39,
                181
            ]
        ]
    }
}