{
    "timestamp": "2025-04-28 22:37:24",
    "training_history": {
        "accuracy": [
            0.5669682025909424,
            0.6062153577804565,
            0.6383134126663208,
            0.6718704700469971,
            0.7045521140098572,
            0.7291606068611145,
            0.7673864364624023,
            0.7811010479927063,
            0.7953020334243774,
            0.8053205013275146,
            0.8138313293457031
        ],
        "loss": [
            0.7375221848487854,
            0.6859694123268127,
            0.6523194313049316,
            0.6188743114471436,
            0.5881263613700867,
            0.5600503087043762,
            0.5093377828598022,
            0.4905032217502594,
            0.46746957302093506,
            0.45450159907341003,
            0.44051593542099
        ],
        "val_accuracy": [
            0.42957746982574463,
            0.4131455421447754,
            0.39553990960121155,
            0.4260563254356384,
            0.4166666567325592,
            0.4530516564846039,
            0.46830984950065613,
            0.43779343366622925,
            0.46830984950065613,
            0.4131455421447754,
            0.4495305120944977
        ],
        "val_loss": [
            0.86241614818573,
            1.0481420755386353,
            0.9252190589904785,
            1.0104421377182007,
            0.991497278213501,
            0.876004159450531,
            0.9540969133377075,
            1.0287957191467285,
            1.1263904571533203,
            1.1163448095321655,
            1.2038488388061523
        ],
        "learning_rate": [
            0.0010000000474974513,
            0.0010000000474974513,
            0.0010000000474974513,
            0.0010000000474974513,
            0.0010000000474974513,
            0.0010000000474974513,
            0.0005000000237487257,
            0.0005000000237487257,
            0.0005000000237487257,
            0.0005000000237487257,
            0.0005000000237487257
        ]
    },
    "evaluation_metrics": {
        "accuracy": 0.5041031652989449,
        "precision": 0.5513121645883137,
        "recall": 0.5041031652989449,
        "f1": 0.34851344245315957,
        "classification_report": {
            "0": {
                "precision": 0.5029655990510083,
                "recall": 0.9906542056074766,
                "f1-score": 0.6671911880409127,
                "support": 428.0
            },
            "1": {
                "precision": 0.6,
                "recall": 0.01411764705882353,
                "f1-score": 0.02758620689655172,
                "support": 425.0
            },
            "accuracy": 0.5041031652989449,
            "macro avg": {
                "precision": 0.5514827995255042,
                "recall": 0.50238592633315,
                "f1-score": 0.3473886974687322,
                "support": 853.0
            },
            "weighted avg": {
                "precision": 0.5513121645883137,
                "recall": 0.5041031652989449,
                "f1-score": 0.34851344245315957,
                "support": 853.0
            }
        },
        "confusion_matrix": [
            [
                424,
                4
            ],
            [
                419,
                6
            ]
        ]
    }
}