{
    "timestamp": "2025-04-28 22:25:42",
    "training_history": {
        "accuracy": [
            0.5325888991355896,
            0.5701819658279419,
            0.6080645322799683,
            0.6413564682006836,
            0.6680727601051331,
            0.7023159861564636,
            0.7243176102638245,
            0.7631513476371765,
            0.7802729606628418,
            0.7926385402679443,
            0.8015715479850769,
            0.8073201179504395
        ],
        "loss": [
            0.7482473850250244,
            0.7010354995727539,
            0.6741838455200195,
            0.6474989652633667,
            0.6211977601051331,
            0.5947889089584351,
            0.5674238204956055,
            0.5172492265701294,
            0.4967629313468933,
            0.47413378953933716,
            0.46225613355636597,
            0.4501701891422272
        ],
        "val_accuracy": [
            0.40458810329437256,
            0.4619395136833191,
            0.42022940516471863,
            0.5119916796684265,
            0.4911366105079651,
            0.4358707070350647,
            0.44421273469924927,
            0.475495308637619,
            0.4504692256450653,
            0.4661105275154114,
            0.4577684998512268,
            0.44942647218704224
        ],
        "val_loss": [
            0.767255961894989,
            0.7443330883979797,
            0.8790433406829834,
            0.8013761639595032,
            0.8605573773384094,
            1.2776933908462524,
            1.1120386123657227,
            1.1425241231918335,
            1.1789757013320923,
            1.318120002746582,
            1.541811227798462,
            1.359594464302063
        ],
        "learning_rate": [
            0.0010000000474974513,
            0.0010000000474974513,
            0.0010000000474974513,
            0.0010000000474974513,
            0.0010000000474974513,
            0.0010000000474974513,
            0.0010000000474974513,
            0.0005000000237487257,
            0.0005000000237487257,
            0.0005000000237487257,
            0.0005000000237487257,
            0.0005000000237487257
        ]
    },
    "evaluation_metrics": {
        "accuracy": 0.5239583333333333,
        "precision": 0.516851198868753,
        "recall": 0.5239583333333333,
        "f1": 0.5095651543445662,
        "classification_report": {
            "0": {
                "precision": 0.5402476780185759,
                "recall": 0.6856581532416502,
                "f1-score": 0.6043290043290044,
                "support": 509.0
            },
            "1": {
                "precision": 0.49044585987261147,
                "recall": 0.34146341463414637,
                "f1-score": 0.4026143790849674,
                "support": 451.0
            },
            "accuracy": 0.5239583333333333,
            "macro avg": {
                "precision": 0.5153467689455937,
                "recall": 0.5135607839378983,
                "f1-score": 0.5034716917069859,
                "support": 960.0
            },
            "weighted avg": {
                "precision": 0.516851198868753,
                "recall": 0.5239583333333333,
                "f1-score": 0.5095651543445662,
                "support": 960.0
            }
        },
        "confusion_matrix": [
            [
                349,
                160
            ],
            [
                297,
                154
            ]
        ]
    }
}