{
    "timestamp": "2025-04-28 22:36:49",
    "training_history": {
        "accuracy": [
            0.5324833393096924,
            0.5580483675003052,
            0.5922448635101318,
            0.6363247036933899,
            0.6689727902412415,
            0.6953943371772766,
            0.7228372097015381,
            0.7402319312095642,
            0.7737036347389221,
            0.7853001356124878,
            0.7921196818351746,
            0.7979837656021118,
            0.8076695203781128
        ],
        "loss": [
            0.7398565411567688,
            0.7000823020935059,
            0.6823848485946655,
            0.6553943157196045,
            0.6270003318786621,
            0.6011375784873962,
            0.5731954574584961,
            0.5553106069564819,
            0.5098087191581726,
            0.48978298902511597,
            0.4749300181865692,
            0.4678427278995514,
            0.453630656003952
        ],
        "val_accuracy": [
            0.5175797343254089,
            0.5633687376976013,
            0.5650041103363037,
            0.5592804551124573,
            0.5306622982025146,
            0.5192150473594666,
            0.556009829044342,
            0.4742436707019806,
            0.47996729612350464,
            0.5167620778083801,
            0.48078495264053345,
            0.48405560851097107,
            0.5143090486526489
        ],
        "val_loss": [
            0.7297450304031372,
            0.7259142994880676,
            0.7170992493629456,
            0.7527516484260559,
            0.7784879207611084,
            0.7584595084190369,
            0.7676558494567871,
            0.8474417328834534,
            0.8788825869560242,
            0.9159459471702576,
            0.8542443513870239,
            0.9141028523445129,
            1.0832830667495728
        ],
        "learning_rate": [
            0.0010000000474974513,
            0.0010000000474974513,
            0.0010000000474974513,
            0.0010000000474974513,
            0.0010000000474974513,
            0.0010000000474974513,
            0.0010000000474974513,
            0.0010000000474974513,
            0.0005000000237487257,
            0.0005000000237487257,
            0.0005000000237487257,
            0.0005000000237487257,
            0.0005000000237487257
        ]
    },
    "evaluation_metrics": {
        "accuracy": 0.5568274734260016,
        "precision": 0.5005045063599308,
        "recall": 0.5568274734260016,
        "f1": 0.40324519972683526,
        "classification_report": {
            "0": {
                "precision": 0.42857142857142855,
                "recall": 0.005545286506469501,
                "f1-score": 0.010948905109489052,
                "support": 541.0
            },
            "1": {
                "precision": 0.5575657894736842,
                "recall": 0.9941348973607038,
                "f1-score": 0.7144362486828241,
                "support": 682.0
            },
            "accuracy": 0.5568274734260016,
            "macro avg": {
                "precision": 0.49306860902255634,
                "recall": 0.49984009193358664,
                "f1-score": 0.3626925768961566,
                "support": 1223.0
            },
            "weighted avg": {
                "precision": 0.5005045063599308,
                "recall": 0.5568274734260016,
                "f1-score": 0.40324519972683526,
                "support": 1223.0
            }
        },
        "confusion_matrix": [
            [
                3,
                538
            ],
            [
                4,
                678
            ]
        ]
    }
}