{
    "timestamp": "2025-04-28 22:34:38",
    "training_history": {
        "accuracy": [
            0.5509571433067322,
            0.6026628017425537,
            0.6499839425086975,
            0.6888567805290222,
            0.7170355916023254,
            0.7407763600349426,
            0.7617901563644409,
            0.7946208715438843,
            0.8082557916641235,
            0.819484531879425,
            0.8261682987213135,
            0.8268099427223206
        ],
        "loss": [
            0.731299102306366,
            0.6862515211105347,
            0.6502593159675598,
            0.6159809827804565,
            0.5838390588760376,
            0.5573286414146423,
            0.5288214683532715,
            0.48005321621894836,
            0.45794811844825745,
            0.440368115901947,
            0.4279646575450897,
            0.4200599491596222
        ],
        "val_accuracy": [
            0.4498680830001831,
            0.49472296237945557,
            0.4841688573360443,
            0.460422158241272,
            0.4815303385257721,
            0.4525066018104553,
            0.5422163605690002,
            0.5079155564308167,
            0.47361478209495544,
            0.5039578080177307,
            0.5250659584999084,
            0.5105540752410889
        ],
        "val_loss": [
            0.8960174322128296,
            0.8263311386108398,
            0.8318042755126953,
            0.9692733883857727,
            0.8521605134010315,
            1.0405523777008057,
            0.9510335326194763,
            1.0495696067810059,
            1.1332998275756836,
            1.0853582620620728,
            0.9405421018600464,
            0.9987946152687073
        ],
        "learning_rate": [
            0.0010000000474974513,
            0.0010000000474974513,
            0.0010000000474974513,
            0.0010000000474974513,
            0.0010000000474974513,
            0.0010000000474974513,
            0.0010000000474974513,
            0.0005000000237487257,
            0.0005000000237487257,
            0.0005000000237487257,
            0.0005000000237487257,
            0.0005000000237487257
        ]
    },
    "evaluation_metrics": {
        "accuracy": 0.48616600790513836,
        "precision": 0.49625446143149227,
        "recall": 0.48616600790513836,
        "f1": 0.4296861158902275,
        "classification_report": {
            "0": {
                "precision": 0.4806451612903226,
                "recall": 0.8142076502732241,
                "f1-score": 0.6044624746450304,
                "support": 366.0
            },
            "1": {
                "precision": 0.5107913669064749,
                "recall": 0.1806615776081425,
                "f1-score": 0.2669172932330827,
                "support": 393.0
            },
            "accuracy": 0.48616600790513836,
            "macro avg": {
                "precision": 0.4957182640983987,
                "recall": 0.4974346139406833,
                "f1-score": 0.4356898839390566,
                "support": 759.0
            },
            "weighted avg": {
                "precision": 0.49625446143149227,
                "recall": 0.48616600790513836,
                "f1-score": 0.4296861158902275,
                "support": 759.0
            }
        },
        "confusion_matrix": [
            [
                298,
                68
            ],
            [
                322,
                71
            ]
        ]
    }
}