{
    "timestamp": "2025-04-28 22:29:42",
    "training_history": {
        "accuracy": [
            0.573307454586029,
            0.6534066200256348,
            0.7014877200126648,
            0.7487063407897949,
            0.7770590782165527,
            0.8033635020256042,
            0.8371065258979797,
            0.8473479747772217,
            0.8551099896430969,
            0.8654592633247375,
            0.8703104853630066
        ],
        "loss": [
            0.7479100227355957,
            0.6780634522438049,
            0.6195354461669922,
            0.558428168296814,
            0.5246573090553284,
            0.4837498962879181,
            0.4330994784832001,
            0.4027549624443054,
            0.3919866681098938,
            0.3718404769897461,
            0.3632913827896118
        ],
        "val_accuracy": [
            0.5742856860160828,
            0.5114285945892334,
            0.4657142758369446,
            0.4657142758369446,
            0.4828571379184723,
            0.4714285731315613,
            0.47428572177886963,
            0.4714285731315613,
            0.4714285731315613,
            0.5028571486473083,
            0.47999998927116394
        ],
        "val_loss": [
            0.7893763780593872,
            0.8585472702980042,
            0.8788158297538757,
            1.0239404439926147,
            1.0019049644470215,
            1.002869963645935,
            1.0235414505004883,
            1.0496597290039062,
            1.059739589691162,
            1.056217074394226,
            1.1606589555740356
        ],
        "learning_rate": [
            0.0010000000474974513,
            0.0010000000474974513,
            0.0010000000474974513,
            0.0010000000474974513,
            0.0010000000474974513,
            0.0010000000474974513,
            0.0005000000237487257,
            0.0005000000237487257,
            0.0005000000237487257,
            0.0005000000237487257,
            0.0005000000237487257
        ]
    },
    "evaluation_metrics": {
        "accuracy": 0.5457142857142857,
        "precision": 0.5346485260770975,
        "recall": 0.5457142857142857,
        "f1": 0.5230780079728267,
        "classification_report": {
            "0": {
                "precision": 0.5634920634920635,
                "recall": 0.743455497382199,
                "f1-score": 0.6410835214446953,
                "support": 191.0
            },
            "1": {
                "precision": 0.5,
                "recall": 0.3081761006289308,
                "f1-score": 0.3813229571984436,
                "support": 159.0
            },
            "accuracy": 0.5457142857142857,
            "macro avg": {
                "precision": 0.5317460317460317,
                "recall": 0.5258157990055649,
                "f1-score": 0.5112032393215694,
                "support": 350.0
            },
            "weighted avg": {
                "precision": 0.5346485260770975,
                "recall": 0.5457142857142857,
                "f1-score": 0.5230780079728267,
                "support": 350.0
            }
        },
        "confusion_matrix": [
            [
                142,
                49
            ],
            [
                110,
                49
            ]
        ]
    }
}