{
    "timestamp": "2025-04-28 22:39:49",
    "training_history": {
        "accuracy": [
            0.5459214448928833,
            0.5872319936752319,
            0.6286924481391907,
            0.6627680063247681,
            0.6873219609260559,
            0.7100764513015747,
            0.7291572690010071,
            0.7565227150917053,
            0.7741040587425232,
            0.7828385233879089,
            0.7883490920066833,
            0.7977582812309265
        ],
        "loss": [
            0.7391359210014343,
            0.6920396685600281,
            0.6640499830245972,
            0.6358434557914734,
            0.6090591549873352,
            0.5876924395561218,
            0.5646776556968689,
            0.5204059481620789,
            0.4981008470058441,
            0.48525270819664,
            0.4753507673740387,
            0.4633139967918396
        ],
        "val_accuracy": [
            0.4972972869873047,
            0.4972972869873047,
            0.5315315127372742,
            0.4837837815284729,
            0.5153152942657471,
            0.49459460377693176,
            0.47387388348579407,
            0.5099099278450012,
            0.48558560013771057,
            0.5027027130126953,
            0.5018017888069153,
            0.5027027130126953
        ],
        "val_loss": [
            0.7935097813606262,
            0.7590417265892029,
            0.7681419849395752,
            0.8895209431648254,
            0.7760764956474304,
            0.9650973677635193,
            1.0506806373596191,
            0.8792791962623596,
            1.2163023948669434,
            0.9748699069023132,
            0.9841312170028687,
            1.0118845701217651
        ],
        "learning_rate": [
            0.0010000000474974513,
            0.0010000000474974513,
            0.0010000000474974513,
            0.0010000000474974513,
            0.0010000000474974513,
            0.0010000000474974513,
            0.0010000000474974513,
            0.0005000000237487257,
            0.0005000000237487257,
            0.0005000000237487257,
            0.0005000000237487257,
            0.0005000000237487257
        ]
    },
    "evaluation_metrics": {
        "accuracy": 0.48694869486948694,
        "precision": 0.4910537369526426,
        "recall": 0.48694869486948694,
        "f1": 0.4845194746747402,
        "classification_report": {
            "0": {
                "precision": 0.46855345911949686,
                "recall": 0.5622641509433962,
                "f1-score": 0.5111492281303602,
                "support": 530.0
            },
            "1": {
                "precision": 0.511578947368421,
                "recall": 0.41824440619621345,
                "f1-score": 0.4602272727272727,
                "support": 581.0
            },
            "accuracy": 0.48694869486948694,
            "macro avg": {
                "precision": 0.49006620324395894,
                "recall": 0.49025427856980486,
                "f1-score": 0.48568825042881647,
                "support": 1111.0
            },
            "weighted avg": {
                "precision": 0.4910537369526426,
                "recall": 0.48694869486948694,
                "f1-score": 0.4845194746747402,
                "support": 1111.0
            }
        },
        "confusion_matrix": [
            [
                298,
                232
            ],
            [
                338,
                243
            ]
        ]
    }
}