{
    "timestamp": "2025-04-28 22:35:23",
    "training_history": {
        "accuracy": [
            0.537333071231842,
            0.5874893665313721,
            0.6270957589149475,
            0.6564365029335022,
            0.686274528503418,
            0.712205171585083,
            0.7546888589859009,
            0.7682580351829529,
            0.7812944054603577,
            0.7927678227424622,
            0.8040992021560669
        ],
        "loss": [
            0.731246829032898,
            0.6872254014015198,
            0.6609303951263428,
            0.6343443393707275,
            0.602959930896759,
            0.5729218125343323,
            0.5204320549964905,
            0.49849191308021545,
            0.47907131910324097,
            0.45921438932418823,
            0.4416349232196808
        ],
        "val_accuracy": [
            0.4973070025444031,
            0.4757630228996277,
            0.44883304834365845,
            0.46947935223579407,
            0.4820466637611389,
            0.4892280101776123,
            0.45960503816604614,
            0.472172349691391,
            0.47037702798843384,
            0.4685816764831543,
            0.48114901781082153
        ],
        "val_loss": [
            0.7168107628822327,
            0.7400156259536743,
            1.0201350450515747,
            0.9385140538215637,
            0.9452373385429382,
            1.3007845878601074,
            1.390134334564209,
            1.2826979160308838,
            1.4591856002807617,
            1.4227373600006104,
            1.822357416152954
        ],
        "learning_rate": [
            0.0010000000474974513,
            0.0010000000474974513,
            0.0010000000474974513,
            0.0010000000474974513,
            0.0010000000474974513,
            0.0010000000474974513,
            0.0005000000237487257,
            0.0005000000237487257,
            0.0005000000237487257,
            0.0005000000237487257,
            0.0005000000237487257
        ]
    },
    "evaluation_metrics": {
        "accuracy": 0.45601436265709155,
        "precision": 0.5880390211797287,
        "recall": 0.45601436265709155,
        "f1": 0.3554397851210445,
        "classification_report": {
            "0": {
                "precision": 0.4326450344149459,
                "recall": 0.9381663113006397,
                "f1-score": 0.5921938088829072,
                "support": 469.0
            },
            "1": {
                "precision": 0.7010309278350515,
                "recall": 0.10542635658914729,
                "f1-score": 0.18328840970350402,
                "support": 645.0
            },
            "accuracy": 0.45601436265709155,
            "macro avg": {
                "precision": 0.5668379811249987,
                "recall": 0.5217963339448934,
                "f1-score": 0.3877411092932056,
                "support": 1114.0
            },
            "weighted avg": {
                "precision": 0.5880390211797287,
                "recall": 0.45601436265709155,
                "f1-score": 0.3554397851210445,
                "support": 1114.0
            }
        },
        "confusion_matrix": [
            [
                440,
                29
            ],
            [
                577,
                68
            ]
        ]
    }
}