{
    "timestamp": "2025-04-28 22:26:10",
    "training_history": {
        "accuracy": [
            0.5652526617050171,
            0.6131200790405273,
            0.6665507555007935,
            0.6973806023597717,
            0.7291377186775208,
            0.7596198320388794,
            0.7983310222625732,
            0.8109063506126404,
            0.8250463604927063,
            0.8324640989303589,
            0.8425475358963013
        ],
        "loss": [
            0.735588550567627,
            0.6797171235084534,
            0.6374091506004333,
            0.5997790694236755,
            0.5656394958496094,
            0.530824601650238,
            0.47564178705215454,
            0.44848042726516724,
            0.43334200978279114,
            0.4130024015903473,
            0.39479073882102966
        ],
        "val_accuracy": [
            0.48967552185058594,
            0.5191740393638611,
            0.491150438785553,
            0.4764011800289154,
            0.508849561214447,
            0.5029498338699341,
            0.508849561214447,
            0.533923327922821,
            0.5280236005783081,
            0.517699122428894,
            0.516224205493927
        ],
        "val_loss": [
            0.7575987577438354,
            0.7739924192428589,
            0.8037829399108887,
            0.84677654504776,
            0.8990910649299622,
            0.8972154259681702,
            0.9728145003318787,
            0.8623538613319397,
            0.9477041959762573,
            0.8848074078559875,
            1.0299960374832153
        ],
        "learning_rate": [
            0.0010000000474974513,
            0.0010000000474974513,
            0.0010000000474974513,
            0.0010000000474974513,
            0.0010000000474974513,
            0.0010000000474974513,
            0.0005000000237487257,
            0.0005000000237487257,
            0.0005000000237487257,
            0.0005000000237487257,
            0.0005000000237487257
        ]
    },
    "evaluation_metrics": {
        "accuracy": 0.43888070692194403,
        "precision": 0.4538678707943503,
        "recall": 0.43888070692194403,
        "f1": 0.43797508092748,
        "classification_report": {
            "0": {
                "precision": 0.3923076923076923,
                "recall": 0.5151515151515151,
                "f1-score": 0.4454148471615721,
                "support": 297.0
            },
            "1": {
                "precision": 0.5017301038062284,
                "recall": 0.3795811518324607,
                "f1-score": 0.43219076005961254,
                "support": 382.0
            },
            "accuracy": 0.43888070692194403,
            "macro avg": {
                "precision": 0.4470188980569604,
                "recall": 0.44736633349198796,
                "f1-score": 0.4388028036105923,
                "support": 679.0
            },
            "weighted avg": {
                "precision": 0.4538678707943503,
                "recall": 0.43888070692194403,
                "f1-score": 0.43797508092748,
                "support": 679.0
            }
        },
        "confusion_matrix": [
            [
                153,
                144
            ],
            [
                237,
                145
            ]
        ]
    }
}