{
    "timestamp": "2025-04-28 22:30:34",
    "training_history": {
        "accuracy": [
            0.5432799458503723,
            0.5878629684448242,
            0.6347108483314514,
            0.6735231876373291,
            0.7086125612258911,
            0.7326259613037109,
            0.7710350155830383,
            0.7900533676147461,
            0.8013154864311218,
            0.8113675713539124,
            0.8223194479942322
        ],
        "loss": [
            0.733998715877533,
            0.6879255771636963,
            0.6547122001647949,
            0.6221132278442383,
            0.5896808505058289,
            0.5639545917510986,
            0.5087572336196899,
            0.4850179851055145,
            0.4651530683040619,
            0.4504331648349762,
            0.4356416165828705
        ],
        "val_accuracy": [
            0.5213740468025208,
            0.46412214636802673,
            0.44961830973625183,
            0.4412213861942291,
            0.4374045729637146,
            0.42137405276298523,
            0.510686993598938,
            0.46793892979621887,
            0.438167929649353,
            0.466412216424942,
            0.45877861976623535
        ],
        "val_loss": [
            0.7228245139122009,
            0.7652819752693176,
            0.7658469676971436,
            1.0359441041946411,
            1.0353646278381348,
            1.411435604095459,
            0.8607204556465149,
            1.0220017433166504,
            1.6174935102462769,
            1.171234369277954,
            1.0750564336776733
        ],
        "learning_rate": [
            0.0010000000474974513,
            0.0010000000474974513,
            0.0010000000474974513,
            0.0010000000474974513,
            0.0010000000474974513,
            0.0010000000474974513,
            0.0005000000237487257,
            0.0005000000237487257,
            0.0005000000237487257,
            0.0005000000237487257,
            0.0005000000237487257
        ]
    },
    "evaluation_metrics": {
        "accuracy": 0.5186880244088482,
        "precision": 0.5120053079979019,
        "recall": 0.5186880244088482,
        "f1": 0.5082376626796827,
        "classification_report": {
            "0": {
                "precision": 0.48156182212581344,
                "recall": 0.36156351791530944,
                "f1-score": 0.4130232558139535,
                "support": 614.0
            },
            "1": {
                "precision": 0.5388235294117647,
                "recall": 0.6571018651362984,
                "f1-score": 0.5921137685843568,
                "support": 697.0
            },
            "accuracy": 0.5186880244088482,
            "macro avg": {
                "precision": 0.5101926757687891,
                "recall": 0.509332691525804,
                "f1-score": 0.5025685121991552,
                "support": 1311.0
            },
            "weighted avg": {
                "precision": 0.5120053079979019,
                "recall": 0.5186880244088482,
                "f1-score": 0.5082376626796827,
                "support": 1311.0
            }
        },
        "confusion_matrix": [
            [
                222,
                392
            ],
            [
                239,
                458
            ]
        ]
    }
}