{
    "timestamp": "2025-04-28 22:32:12",
    "training_history": {
        "accuracy": [
            0.5218738317489624,
            0.5488796830177307,
            0.589591920375824,
            0.6226686835289001,
            0.6572474837303162,
            0.6842846274375916,
            0.7028414011001587,
            0.7349793314933777,
            0.751189112663269,
            0.7608586549758911,
            0.7693077921867371,
            0.7784140706062317
        ],
        "loss": [
            0.7358970642089844,
            0.6985201239585876,
            0.6796615123748779,
            0.6581493020057678,
            0.6314163208007812,
            0.6053962111473083,
            0.5836540460586548,
            0.5436214804649353,
            0.5236181020736694,
            0.510612428188324,
            0.4971524178981781,
            0.4828904867172241
        ],
        "val_accuracy": [
            0.5061919689178467,
            0.5178018808364868,
            0.5239937901496887,
            0.5069659352302551,
            0.4628483057022095,
            0.49690401554107666,
            0.4659442603588104,
            0.48761609196662903,
            0.5077399611473083,
            0.5077399611473083,
            0.5208978056907654,
            0.5116099119186401
        ],
        "val_loss": [
            0.7113903760910034,
            0.7037334442138672,
            0.7098871469497681,
            0.7184558510780334,
            0.7326353788375854,
            0.7650602459907532,
            0.760109543800354,
            0.8060715794563293,
            0.7952513098716736,
            0.8222124576568604,
            0.834542453289032,
            0.8624593615531921
        ],
        "learning_rate": [
            0.0010000000474974513,
            0.0010000000474974513,
            0.0010000000474974513,
            0.0010000000474974513,
            0.0010000000474974513,
            0.0010000000474974513,
            0.0010000000474974513,
            0.0005000000237487257,
            0.0005000000237487257,
            0.0005000000237487257,
            0.0005000000237487257,
            0.0005000000237487257
        ]
    },
    "evaluation_metrics": {
        "accuracy": 0.5019334880123744,
        "precision": 0.41153884987197326,
        "recall": 0.5019334880123744,
        "f1": 0.4013024678970229,
        "classification_report": {
            "0": {
                "precision": 0.27419354838709675,
                "recall": 0.05782312925170068,
                "f1-score": 0.09550561797752809,
                "support": 588.0
            },
            "1": {
                "precision": 0.5260906757912746,
                "recall": 0.8723404255319149,
                "f1-score": 0.656350053361793,
                "support": 705.0
            },
            "accuracy": 0.5019334880123744,
            "macro avg": {
                "precision": 0.40014211208918565,
                "recall": 0.4650817773918078,
                "f1-score": 0.37592783566966054,
                "support": 1293.0
            },
            "weighted avg": {
                "precision": 0.41153884987197326,
                "recall": 0.5019334880123744,
                "f1-score": 0.4013024678970229,
                "support": 1293.0
            }
        },
        "confusion_matrix": [
            [
                34,
                554
            ],
            [
                90,
                615
            ]
        ]
    }
}