{
    "timestamp": "2025-04-28 22:39:01",
    "training_history": {
        "accuracy": [
            0.5699766874313354,
            0.604206383228302,
            0.6357541084289551,
            0.6604559421539307,
            0.6905921101570129,
            0.7091184854507446,
            0.7237984538078308,
            0.7403839230537415,
            0.7531936168670654,
            0.7627567052841187,
            0.7857646942138672,
            0.8001623153686523,
            0.8047497868537903,
            0.8103253841400146,
            0.818688690662384
        ],
        "loss": [
            0.7334249019622803,
            0.6852777600288391,
            0.6588086485862732,
            0.6340605020523071,
            0.6076475977897644,
            0.585242748260498,
            0.5679137110710144,
            0.5470024943351746,
            0.5337561964988708,
            0.52143394947052,
            0.4814860224723816,
            0.459911972284317,
            0.4500272572040558,
            0.43923792243003845,
            0.42964819073677063
        ],
        "val_accuracy": [
            0.44815149903297424,
            0.47430115938186646,
            0.4283137917518616,
            0.4129846692085266,
            0.4571686089038849,
            0.41118124127388,
            0.4535617530345917,
            0.4346257746219635,
            0.42921552062034607,
            0.4409377872943878,
            0.4418394863605499,
            0.4373309314250946,
            0.44454464316368103,
            0.4580703377723694,
            0.47159603238105774
        ],
        "val_loss": [
            0.7665648460388184,
            0.9767334461212158,
            1.278854489326477,
            1.599209189414978,
            0.7411847710609436,
            3.4187073707580566,
            1.2231898307800293,
            1.7300087213516235,
            1.1304959058761597,
            1.2826656103134155,
            1.2821905612945557,
            2.1564419269561768,
            1.2080286741256714,
            1.220978856086731,
            1.250644564628601
        ],
        "learning_rate": [
            0.0010000000474974513,
            0.0010000000474974513,
            0.0010000000474974513,
            0.0010000000474974513,
            0.0010000000474974513,
            0.0010000000474974513,
            0.0010000000474974513,
            0.0010000000474974513,
            0.0010000000474974513,
            0.0010000000474974513,
            0.0005000000237487257,
            0.0005000000237487257,
            0.0005000000237487257,
            0.0005000000237487257,
            0.0005000000237487257
        ]
    },
    "evaluation_metrics": {
        "accuracy": 0.45356176735798015,
        "precision": 0.34662148404549287,
        "recall": 0.45356176735798015,
        "f1": 0.2988978634648551,
        "classification_report": {
            "0": {
                "precision": 0.45806451612903226,
                "recall": 0.9650485436893204,
                "f1-score": 0.6212500000000001,
                "support": 515.0
            },
            "1": {
                "precision": 0.25,
                "recall": 0.010101010101010102,
                "f1-score": 0.01941747572815534,
                "support": 594.0
            },
            "accuracy": 0.45356176735798015,
            "macro avg": {
                "precision": 0.3540322580645161,
                "recall": 0.4875747768951652,
                "f1-score": 0.3203337378640777,
                "support": 1109.0
            },
            "weighted avg": {
                "precision": 0.34662148404549287,
                "recall": 0.45356176735798015,
                "f1-score": 0.2988978634648551,
                "support": 1109.0
            }
        },
        "confusion_matrix": [
            [
                497,
                18
            ],
            [
                588,
                6
            ]
        ]
    }
}