{
    "timestamp": "2025-04-28 22:43:04",
    "training_history": {
        "accuracy": [
            0.5471246242523193,
            0.5930067300796509,
            0.6371139287948608,
            0.6632055640220642,
            0.6850372552871704,
            0.7146787643432617,
            0.7498224973678589,
            0.769790530204773,
            0.7752041220664978,
            0.7914447784423828,
            0.7961483597755432
        ],
        "loss": [
            0.7526120543479919,
            0.7035980820655823,
            0.6651082038879395,
            0.6260547041893005,
            0.6032037734985352,
            0.5763742327690125,
            0.527542233467102,
            0.5028675198554993,
            0.4907074570655823,
            0.4740666151046753,
            0.4599607288837433
        ],
        "val_accuracy": [
            0.519565224647522,
            0.4847826063632965,
            0.46521738171577454,
            0.47173914313316345,
            0.4847826063632965,
            0.5282608866691589,
            0.519565224647522,
            0.519565224647522,
            0.508695662021637,
            0.5369565486907959,
            0.519565224647522
        ],
        "val_loss": [
            0.7583039402961731,
            0.7869142889976501,
            0.8077877759933472,
            0.8560061454772949,
            0.8725711703300476,
            0.8570247292518616,
            0.9100810289382935,
            0.9258726239204407,
            0.951094388961792,
            0.9080389142036438,
            0.9541366696357727
        ],
        "learning_rate": [
            0.0010000000474974513,
            0.0010000000474974513,
            0.0010000000474974513,
            0.0010000000474974513,
            0.0010000000474974513,
            0.0010000000474974513,
            0.0005000000237487257,
            0.0005000000237487257,
            0.0005000000237487257,
            0.0005000000237487257,
            0.0005000000237487257
        ]
    },
    "evaluation_metrics": {
        "accuracy": 0.47288503253796094,
        "precision": 0.4736011902392437,
        "recall": 0.47288503253796094,
        "f1": 0.4722595741700566,
        "classification_report": {
            "0": {
                "precision": 0.46558704453441296,
                "recall": 0.5088495575221239,
                "f1-score": 0.48625792811839325,
                "support": 226.0
            },
            "1": {
                "precision": 0.48130841121495327,
                "recall": 0.43829787234042555,
                "f1-score": 0.4587973273942093,
                "support": 235.0
            },
            "accuracy": 0.47288503253796094,
            "macro avg": {
                "precision": 0.47344772787468314,
                "recall": 0.47357371493127476,
                "f1-score": 0.4725276277563013,
                "support": 461.0
            },
            "weighted avg": {
                "precision": 0.4736011902392437,
                "recall": 0.47288503253796094,
                "f1-score": 0.4722595741700566,
                "support": 461.0
            }
        },
        "confusion_matrix": [
            [
                115,
                111
            ],
            [
                132,
                103
            ]
        ]
    }
}