{
    "timestamp": "2025-04-28 22:40:46",
    "training_history": {
        "accuracy": [
            0.6062538027763367,
            0.6988463997840881,
            0.754705548286438,
            0.7865816354751587,
            0.8032786846160889,
            0.8318154215812683,
            0.8542805314064026,
            0.8724954724311829,
            0.878263533115387,
            0.8943533897399902,
            0.8986034989356995
        ],
        "loss": [
            0.7418481707572937,
            0.6440134048461914,
            0.5747448205947876,
            0.5285087823867798,
            0.4808512330055237,
            0.45049259066581726,
            0.4063667953014374,
            0.38113507628440857,
            0.36022570729255676,
            0.3442173898220062,
            0.3264804184436798
        ],
        "val_accuracy": [
            0.5275590419769287,
            0.5669291615486145,
            0.5590550899505615,
            0.6141732335090637,
            0.4960629940032959,
            0.5826771855354309,
            0.5905511975288391,
            0.5905511975288391,
            0.5826771855354309,
            0.5669291615486145,
            0.5984252095222473
        ],
        "val_loss": [
            0.7608605027198792,
            0.7896231412887573,
            0.8958396315574646,
            0.7746356725692749,
            0.9498625993728638,
            0.9156669974327087,
            0.9900850057601929,
            1.1090935468673706,
            1.1699286699295044,
            1.1355880498886108,
            1.2738176584243774
        ],
        "learning_rate": [
            0.0010000000474974513,
            0.0010000000474974513,
            0.0010000000474974513,
            0.0010000000474974513,
            0.0010000000474974513,
            0.0010000000474974513,
            0.0005000000237487257,
            0.0005000000237487257,
            0.0005000000237487257,
            0.0005000000237487257,
            0.0005000000237487257
        ]
    },
    "evaluation_metrics": {
        "accuracy": 0.5196850393700787,
        "precision": 0.5243282733988147,
        "recall": 0.5196850393700787,
        "f1": 0.4836926940934627,
        "classification_report": {
            "0": {
                "precision": 0.5154639175257731,
                "recall": 0.78125,
                "f1-score": 0.6211180124223602,
                "support": 64.0
            },
            "1": {
                "precision": 0.5333333333333333,
                "recall": 0.25396825396825395,
                "f1-score": 0.3440860215053763,
                "support": 63.0
            },
            "accuracy": 0.5196850393700787,
            "macro avg": {
                "precision": 0.5243986254295532,
                "recall": 0.517609126984127,
                "f1-score": 0.4826020169638683,
                "support": 127.0
            },
            "weighted avg": {
                "precision": 0.5243282733988147,
                "recall": 0.5196850393700787,
                "f1-score": 0.4836926940934627,
                "support": 127.0
            }
        },
        "confusion_matrix": [
            [
                50,
                14
            ],
            [
                47,
                16
            ]
        ]
    }
}