{
    "timestamp": "2025-04-28 22:41:30",
    "training_history": {
        "accuracy": [
            0.543116569519043,
            0.579193651676178,
            0.6014319062232971,
            0.6261498928070068,
            0.640508770942688,
            0.6623070240020752,
            0.685745120048523,
            0.7134629487991333,
            0.7335413098335266,
            0.7431405782699585,
            0.7512599229812622,
            0.7571794390678406
        ],
        "loss": [
            0.735905110836029,
            0.6936931610107422,
            0.6752933859825134,
            0.6598096489906311,
            0.646602988243103,
            0.6322190165519714,
            0.6115751266479492,
            0.5740776658058167,
            0.5527197122573853,
            0.5402393937110901,
            0.5294742584228516,
            0.519130527973175
        ],
        "val_accuracy": [
            0.5351976752281189,
            0.5361620187759399,
            0.5313404202461243,
            0.5448408722877502,
            0.4821600914001465,
            0.5448408722877502,
            0.5699132084846497,
            0.5834137201309204,
            0.5313404202461243,
            0.5486981868743896,
            0.5236258506774902,
            0.5573770403862
        ],
        "val_loss": [
            0.723540723323822,
            0.7222076058387756,
            0.7239255309104919,
            0.7479428052902222,
            0.7733291983604431,
            0.7906464338302612,
            0.7511129379272461,
            0.7613751888275146,
            0.7498985528945923,
            0.7864846587181091,
            0.7780181765556335,
            0.8357180953025818
        ],
        "learning_rate": [
            0.0010000000474974513,
            0.0010000000474974513,
            0.0010000000474974513,
            0.0010000000474974513,
            0.0010000000474974513,
            0.0010000000474974513,
            0.0010000000474974513,
            0.0005000000237487257,
            0.0005000000237487257,
            0.0005000000237487257,
            0.0005000000237487257,
            0.0005000000237487257
        ]
    },
    "evaluation_metrics": {
        "accuracy": 0.5284474445515911,
        "precision": 0.5268485142656275,
        "recall": 0.5284474445515911,
        "f1": 0.5269761472407508,
        "classification_report": {
            "0": {
                "precision": 0.5032967032967033,
                "recall": 0.4654471544715447,
                "f1-score": 0.4836325237592397,
                "support": 492.0
            },
            "1": {
                "precision": 0.5481099656357389,
                "recall": 0.5853211009174312,
                "f1-score": 0.5661047027506655,
                "support": 545.0
            },
            "accuracy": 0.5284474445515911,
            "macro avg": {
                "precision": 0.5257033344662211,
                "recall": 0.525384127694488,
                "f1-score": 0.5248686132549526,
                "support": 1037.0
            },
            "weighted avg": {
                "precision": 0.5268485142656275,
                "recall": 0.5284474445515911,
                "f1-score": 0.5269761472407508,
                "support": 1037.0
            }
        },
        "confusion_matrix": [
            [
                229,
                263
            ],
            [
                226,
                319
            ]
        ]
    }
}