{
    "timestamp": "2025-04-28 22:45:25",
    "training_history": {
        "accuracy": [
            0.5468894243240356,
            0.5854838490486145,
            0.6240783333778381,
            0.6534562110900879,
            0.687711238861084,
            0.7084101438522339,
            0.7346006035804749,
            0.7647465467453003,
            0.7791090607643127,
            0.78943932056427,
            0.7953532934188843,
            0.804416298866272
        ],
        "loss": [
            0.7327512502670288,
            0.6875641345977783,
            0.6577127575874329,
            0.6308115124702454,
            0.5996615290641785,
            0.5769534707069397,
            0.5484775304794312,
            0.5037235617637634,
            0.4833354353904724,
            0.4705464541912079,
            0.45600008964538574,
            0.444742888212204
        ],
        "val_accuracy": [
            0.5212963223457336,
            0.5425925850868225,
            0.5490740537643433,
            0.5425925850868225,
            0.5481481552124023,
            0.5657407641410828,
            0.5277777910232544,
            0.5462962985038757,
            0.5333333611488342,
            0.5370370149612427,
            0.539814829826355,
            0.539814829826355
        ],
        "val_loss": [
            0.7734612226486206,
            0.7582601308822632,
            0.8291853070259094,
            0.8033617734909058,
            0.828772783279419,
            0.8230986595153809,
            0.8238569498062134,
            0.8736839890480042,
            0.8696436285972595,
            0.930701732635498,
            1.0005849599838257,
            1.0224125385284424
        ],
        "learning_rate": [
            0.0010000000474974513,
            0.0010000000474974513,
            0.0010000000474974513,
            0.0010000000474974513,
            0.0010000000474974513,
            0.0010000000474974513,
            0.0010000000474974513,
            0.0005000000237487257,
            0.0005000000237487257,
            0.0005000000237487257,
            0.0005000000237487257,
            0.0005000000237487257
        ]
    },
    "evaluation_metrics": {
        "accuracy": 0.4842592592592593,
        "precision": 0.43889057960181543,
        "recall": 0.4842592592592593,
        "f1": 0.40937888053479243,
        "classification_report": {
            "0": {
                "precision": 0.3670886075949367,
                "recall": 0.11262135922330097,
                "f1-score": 0.1723625557206538,
                "support": 515.0
            },
            "1": {
                "precision": 0.5043383947939263,
                "recall": 0.8230088495575221,
                "f1-score": 0.6254203093476799,
                "support": 565.0
            },
            "accuracy": 0.4842592592592593,
            "macro avg": {
                "precision": 0.43571350119443153,
                "recall": 0.4678151043904115,
                "f1-score": 0.3988914325341668,
                "support": 1080.0
            },
            "weighted avg": {
                "precision": 0.43889057960181543,
                "recall": 0.4842592592592593,
                "f1-score": 0.40937888053479243,
                "support": 1080.0
            }
        },
        "confusion_matrix": [
            [
                58,
                457
            ],
            [
                100,
                465
            ]
        ]
    }
}