{
    "timestamp": "2025-04-28 22:41:51",
    "training_history": {
        "accuracy": [
            0.555169939994812,
            0.6025093197822571,
            0.6467342972755432,
            0.676899790763855,
            0.7132052183151245,
            0.7361630201339722,
            0.7581419944763184,
            0.7724683880805969,
            0.8055703639984131,
            0.8076170086860657,
            0.8223883509635925,
            0.8279942870140076,
            0.8364477753639221
        ],
        "loss": [
            0.7438650131225586,
            0.6859103441238403,
            0.6386079788208008,
            0.6018089652061462,
            0.5699914693832397,
            0.5370784401893616,
            0.5168857574462891,
            0.4900614619255066,
            0.44171977043151855,
            0.43186965584754944,
            0.411663293838501,
            0.40310853719711304,
            0.3935827910900116
        ],
        "val_accuracy": [
            0.4292565882205963,
            0.4484412372112274,
            0.49880096316337585,
            0.5251798629760742,
            0.4556354880332947,
            0.5851318836212158,
            0.4940047860145569,
            0.46522781252861023,
            0.47961631417274475,
            0.47961631417274475,
            0.4748201370239258,
            0.48441246151924133,
            0.4724220633506775
        ],
        "val_loss": [
            0.8599309921264648,
            0.9001533389091492,
            0.8486567139625549,
            0.8756425976753235,
            1.028942346572876,
            0.8825048208236694,
            1.0427457094192505,
            1.3584842681884766,
            1.3733662366867065,
            1.2436717748641968,
            1.3564931154251099,
            1.347419023513794,
            1.5248175859451294
        ],
        "learning_rate": [
            0.0010000000474974513,
            0.0010000000474974513,
            0.0010000000474974513,
            0.0010000000474974513,
            0.0010000000474974513,
            0.0010000000474974513,
            0.0010000000474974513,
            0.0010000000474974513,
            0.0005000000237487257,
            0.0005000000237487257,
            0.0005000000237487257,
            0.0005000000237487257,
            0.0005000000237487257
        ]
    },
    "evaluation_metrics": {
        "accuracy": 0.45083932853717024,
        "precision": 0.3935805515180385,
        "recall": 0.45083932853717024,
        "f1": 0.38836209636040353,
        "classification_report": {
            "0": {
                "precision": 0.4868035190615836,
                "recall": 0.7545454545454545,
                "f1-score": 0.5918003565062389,
                "support": 220.0
            },
            "1": {
                "precision": 0.2894736842105263,
                "recall": 0.1116751269035533,
                "f1-score": 0.16117216117216115,
                "support": 197.0
            },
            "accuracy": 0.45083932853717024,
            "macro avg": {
                "precision": 0.38813860163605496,
                "recall": 0.4331102907245039,
                "f1-score": 0.3764862588392,
                "support": 417.0
            },
            "weighted avg": {
                "precision": 0.3935805515180385,
                "recall": 0.45083932853717024,
                "f1-score": 0.38836209636040353,
                "support": 417.0
            }
        },
        "confusion_matrix": [
            [
                166,
                54
            ],
            [
                175,
                22
            ]
        ]
    }
}