{
    "timestamp": "2025-04-28 22:44:40",
    "training_history": {
        "accuracy": [
            0.5277713537216187,
            0.5805062055587769,
            0.6271251440048218,
            0.6675513386726379,
            0.7049773335456848,
            0.7284406423568726,
            0.7678667306900024,
            0.7849065065383911,
            0.7983691096305847,
            0.8074467182159424,
            0.8170244097709656
        ],
        "loss": [
            0.7283231019973755,
            0.6909884214401245,
            0.6660585999488831,
            0.6291828155517578,
            0.5933908224105835,
            0.5642381310462952,
            0.5106102824211121,
            0.4849017858505249,
            0.46825581789016724,
            0.45179519057273865,
            0.437466561794281
        ],
        "val_accuracy": [
            0.41883766651153564,
            0.409819632768631,
            0.5350701212882996,
            0.44288578629493713,
            0.5601202249526978,
            0.5130260586738586,
            0.5440881848335266,
            0.5390781760215759,
            0.5721442699432373,
            0.563126266002655,
            0.5150300860404968
        ],
        "val_loss": [
            0.7323150038719177,
            0.8006718754768372,
            0.7439919710159302,
            0.896250307559967,
            1.013939619064331,
            1.0693742036819458,
            1.3264521360397339,
            1.1482932567596436,
            1.609040379524231,
            1.380730390548706,
            1.37551748752594
        ],
        "learning_rate": [
            0.0010000000474974513,
            0.0010000000474974513,
            0.0010000000474974513,
            0.0010000000474974513,
            0.0010000000474974513,
            0.0010000000474974513,
            0.0005000000237487257,
            0.0005000000237487257,
            0.0005000000237487257,
            0.0005000000237487257,
            0.0005000000237487257
        ]
    },
    "evaluation_metrics": {
        "accuracy": 0.46693386773547096,
        "precision": 0.21802723683840627,
        "recall": 0.46693386773547096,
        "f1": 0.29725571361301834,
        "classification_report": {
            "0": {
                "precision": 0.46693386773547096,
                "recall": 1.0,
                "f1-score": 0.6366120218579234,
                "support": 466.0
            },
            "1": {
                "precision": 0.0,
                "recall": 0.0,
                "f1-score": 0.0,
                "support": 532.0
            },
            "accuracy": 0.46693386773547096,
            "macro avg": {
                "precision": 0.23346693386773548,
                "recall": 0.5,
                "f1-score": 0.3183060109289617,
                "support": 998.0
            },
            "weighted avg": {
                "precision": 0.21802723683840627,
                "recall": 0.46693386773547096,
                "f1-score": 0.29725571361301834,
                "support": 998.0
            }
        },
        "confusion_matrix": [
            [
                466,
                0
            ],
            [
                532,
                0
            ]
        ]
    }
}