{
    "timestamp": "2025-04-28 22:42:44",
    "training_history": {
        "accuracy": [
            0.5118113160133362,
            0.5234457850456238,
            0.5339133143424988,
            0.5525850653648376,
            0.5848008990287781,
            0.6074333190917969,
            0.6242308616638184,
            0.6421953439712524,
            0.669354259967804,
            0.6852676868438721,
            0.6958766579627991,
            0.7051064372062683,
            0.7133814096450806
        ],
        "loss": [
            0.7355895042419434,
            0.7016383409500122,
            0.6893913745880127,
            0.6800780892372131,
            0.6622516512870789,
            0.6469282507896423,
            0.6310877799987793,
            0.6170899868011475,
            0.584365963935852,
            0.5675525665283203,
            0.5543705224990845,
            0.5399141311645508,
            0.5288549661636353
        ],
        "val_accuracy": [
            0.43342268466949463,
            0.4530830979347229,
            0.5326184034347534,
            0.5049151182174683,
            0.5111706852912903,
            0.5058087706565857,
            0.5093833804130554,
            0.51474529504776,
            0.4789991080760956,
            0.4861483573913574,
            0.4888293147087097,
            0.4789991080760956,
            0.5031278133392334
        ],
        "val_loss": [
            0.8468900918960571,
            0.8099386096000671,
            0.7434705495834351,
            0.8839887976646423,
            0.9030096530914307,
            0.99579256772995,
            0.878775954246521,
            0.9591500759124756,
            1.4272099733352661,
            1.6627534627914429,
            1.430578351020813,
            1.5033543109893799,
            1.3053464889526367
        ],
        "learning_rate": [
            0.0010000000474974513,
            0.0010000000474974513,
            0.0010000000474974513,
            0.0010000000474974513,
            0.0010000000474974513,
            0.0010000000474974513,
            0.0010000000474974513,
            0.0010000000474974513,
            0.0005000000237487257,
            0.0005000000237487257,
            0.0005000000237487257,
            0.0005000000237487257,
            0.0005000000237487257
        ]
    },
    "evaluation_metrics": {
        "accuracy": 0.5022341376228776,
        "precision": 0.47526561413960877,
        "recall": 0.5022341376228776,
        "f1": 0.37352687403445595,
        "classification_report": {
            "0": {
                "precision": 0.4444444444444444,
                "recall": 0.043557168784029036,
                "f1-score": 0.0793388429752066,
                "support": 551.0
            },
            "1": {
                "precision": 0.5051643192488263,
                "recall": 0.9471830985915493,
                "f1-score": 0.6589099816289038,
                "support": 568.0
            },
            "accuracy": 0.5022341376228776,
            "macro avg": {
                "precision": 0.47480438184663537,
                "recall": 0.49537013368778915,
                "f1-score": 0.36912441230205517,
                "support": 1119.0
            },
            "weighted avg": {
                "precision": 0.47526561413960877,
                "recall": 0.5022341376228776,
                "f1-score": 0.37352687403445595,
                "support": 1119.0
            }
        },
        "confusion_matrix": [
            [
                24,
                527
            ],
            [
                30,
                538
            ]
        ]
    }
}