{
    "timestamp": "2025-04-28 22:43:30",
    "training_history": {
        "accuracy": [
            0.5322197079658508,
            0.5674424171447754,
            0.6109859943389893,
            0.657782793045044,
            0.6898148059844971,
            0.7265390157699585,
            0.7615740895271301,
            0.7834084033966064,
            0.7967967987060547,
            0.8047422170639038,
            0.8132507801055908
        ],
        "loss": [
            0.7399769425392151,
            0.6987960934638977,
            0.6730545163154602,
            0.6383066177368164,
            0.6097379326820374,
            0.5742005109786987,
            0.5251099467277527,
            0.4988616704940796,
            0.48054763674736023,
            0.4689422845840454,
            0.4550454020500183
        ],
        "val_accuracy": [
            0.4554294943809509,
            0.4732576906681061,
            0.45218801498413086,
            0.48622366786003113,
            0.46191248297691345,
            0.4797406792640686,
            0.470016211271286,
            0.470016211271286,
            0.47163695096969604,
            0.47649919986724854,
            0.4732576906681061
        ],
        "val_loss": [
            0.8802785277366638,
            0.9800838232040405,
            1.4611730575561523,
            1.1369361877441406,
            1.4501842260360718,
            1.0106738805770874,
            1.166476845741272,
            1.3186612129211426,
            1.3579144477844238,
            1.424609899520874,
            1.5221118927001953
        ],
        "learning_rate": [
            0.0010000000474974513,
            0.0010000000474974513,
            0.0010000000474974513,
            0.0010000000474974513,
            0.0010000000474974513,
            0.0010000000474974513,
            0.0005000000237487257,
            0.0005000000237487257,
            0.0005000000237487257,
            0.0005000000237487257,
            0.0005000000237487257
        ]
    },
    "evaluation_metrics": {
        "accuracy": 0.46353322528363045,
        "precision": 0.5364492960879652,
        "recall": 0.46353322528363045,
        "f1": 0.30104336328722703,
        "classification_report": {
            "0": {
                "precision": 0.4624183006535948,
                "recall": 0.9929824561403509,
                "f1-score": 0.6309921962095875,
                "support": 285.0
            },
            "1": {
                "precision": 0.6,
                "recall": 0.009036144578313253,
                "f1-score": 0.017804154302670624,
                "support": 332.0
            },
            "accuracy": 0.46353322528363045,
            "macro avg": {
                "precision": 0.5312091503267974,
                "recall": 0.501009300359332,
                "f1-score": 0.324398175256129,
                "support": 617.0
            },
            "weighted avg": {
                "precision": 0.5364492960879652,
                "recall": 0.46353322528363045,
                "f1-score": 0.30104336328722703,
                "support": 617.0
            }
        },
        "confusion_matrix": [
            [
                283,
                2
            ],
            [
                329,
                3
            ]
        ]
    }
}