{
    "timestamp": "2025-04-28 22:43:59",
    "training_history": {
        "accuracy": [
            0.5730711817741394,
            0.6439576745033264,
            0.6925376653671265,
            0.7272047996520996,
            0.7599171996116638,
            0.7761871814727783,
            0.8069449067115784,
            0.8217776417732239,
            0.8339082598686218,
            0.8426468968391418,
            0.8508106470108032
        ],
        "loss": [
            0.7385390400886536,
            0.6681320667266846,
            0.6170481443405151,
            0.5722131133079529,
            0.5389042496681213,
            0.506931483745575,
            0.45791006088256836,
            0.4315132200717926,
            0.4163585603237152,
            0.39928898215293884,
            0.38860446214675903
        ],
        "val_accuracy": [
            0.4616541266441345,
            0.49924811720848083,
            0.5248120427131653,
            0.48571428656578064,
            0.5323308110237122,
            0.49473685026168823,
            0.544360876083374,
            0.5278195738792419,
            0.5353383421897888,
            0.49624061584472656,
            0.49473685026168823
        ],
        "val_loss": [
            0.768322229385376,
            0.804487407207489,
            0.8261651992797852,
            0.9324078559875488,
            0.8757386803627014,
            1.051541805267334,
            0.952046811580658,
            1.072135329246521,
            1.16620934009552,
            1.117466926574707,
            1.1059311628341675
        ],
        "learning_rate": [
            0.0010000000474974513,
            0.0010000000474974513,
            0.0010000000474974513,
            0.0010000000474974513,
            0.0010000000474974513,
            0.0010000000474974513,
            0.0005000000237487257,
            0.0005000000237487257,
            0.0005000000237487257,
            0.0005000000237487257,
            0.0005000000237487257
        ]
    },
    "evaluation_metrics": {
        "accuracy": 0.45263157894736844,
        "precision": 0.42123778019156705,
        "recall": 0.45263157894736844,
        "f1": 0.3276288183309483,
        "classification_report": {
            "0": {
                "precision": 0.4567307692307692,
                "recall": 0.9193548387096774,
                "f1-score": 0.6102783725910064,
                "support": 310.0
            },
            "1": {
                "precision": 0.3902439024390244,
                "recall": 0.04507042253521127,
                "f1-score": 0.0808080808080808,
                "support": 355.0
            },
            "accuracy": 0.45263157894736844,
            "macro avg": {
                "precision": 0.42348733583489684,
                "recall": 0.48221263062244435,
                "f1-score": 0.34554322669954357,
                "support": 665.0
            },
            "weighted avg": {
                "precision": 0.42123778019156705,
                "recall": 0.45263157894736844,
                "f1-score": 0.3276288183309483,
                "support": 665.0
            }
        },
        "confusion_matrix": [
            [
                285,
                25
            ],
            [
                339,
                16
            ]
        ]
    }
}