{
    "timestamp": "2025-04-28 22:40:39",
    "training_history": {
        "accuracy": [
            0.5532416701316833,
            0.5827112197875977,
            0.6076620817184448,
            0.6328421831130981,
            0.6492141485214233,
            0.6692861914634705,
            0.7030124664306641,
            0.7184675931930542,
            0.7270792126655579,
            0.7386378645896912,
            0.7436804175376892
        ],
        "loss": [
            0.7266507148742676,
            0.6880428791046143,
            0.6715787053108215,
            0.6526461839675903,
            0.6369844675064087,
            0.6179635524749756,
            0.5830585360527039,
            0.5653709173202515,
            0.5501798987388611,
            0.5363302230834961,
            0.5260258316993713
        ],
        "val_accuracy": [
            0.5336577296257019,
            0.529602587223053,
            0.5239253640174866,
            0.540145993232727,
            0.5287915468215942,
            0.5287915468215942,
            0.525547444820404,
            0.5312246680259705,
            0.5304136276245117,
            0.5312246680259705,
            0.5166261196136475
        ],
        "val_loss": [
            0.7171290516853333,
            0.7230427265167236,
            0.7414988875389099,
            0.7381125092506409,
            0.8072347640991211,
            0.7797231674194336,
            0.8528559803962708,
            0.8200990557670593,
            0.8711767196655273,
            0.7407876253128052,
            0.8249346613883972
        ],
        "learning_rate": [
            0.0010000000474974513,
            0.0010000000474974513,
            0.0010000000474974513,
            0.0010000000474974513,
            0.0010000000474974513,
            0.0010000000474974513,
            0.0005000000237487257,
            0.0005000000237487257,
            0.0005000000237487257,
            0.0005000000237487257,
            0.0005000000237487257
        ]
    },
    "evaluation_metrics": {
        "accuracy": 0.5121555915721232,
        "precision": 0.482537918349119,
        "recall": 0.5121555915721232,
        "f1": 0.43702338791792994,
        "classification_report": {
            "0": {
                "precision": 0.43529411764705883,
                "recall": 0.12758620689655173,
                "f1-score": 0.19733333333333333,
                "support": 580.0
            },
            "1": {
                "precision": 0.5244360902255639,
                "recall": 0.8532110091743119,
                "f1-score": 0.649592549476135,
                "support": 654.0
            },
            "accuracy": 0.5121555915721232,
            "macro avg": {
                "precision": 0.4798651039363114,
                "recall": 0.49039860803543184,
                "f1-score": 0.42346294140473417,
                "support": 1234.0
            },
            "weighted avg": {
                "precision": 0.482537918349119,
                "recall": 0.5121555915721232,
                "f1-score": 0.43702338791792994,
                "support": 1234.0
            }
        },
        "confusion_matrix": [
            [
                74,
                506
            ],
            [
                96,
                558
            ]
        ]
    }
}