{
    "timestamp": "2025-04-28 22:50:08",
    "training_history": {
        "accuracy": [
            0.5204647779464722,
            0.5477800965309143,
            0.568505048751831,
            0.5977280735969543,
            0.601370096206665,
            0.6226153373718262,
            0.6412591338157654,
            0.6555671095848083,
            0.6896461844444275,
            0.7052549719810486,
            0.716701328754425,
            0.7301422357559204,
            0.736732542514801
        ],
        "loss": [
            0.7517416477203369,
            0.7162210941314697,
            0.6976187229156494,
            0.6759492754936218,
            0.666900098323822,
            0.6528783440589905,
            0.6370447278022766,
            0.6245406270027161,
            0.5917655229568481,
            0.575263261795044,
            0.5623075366020203,
            0.5462178587913513,
            0.5391913652420044
        ],
        "val_accuracy": [
            0.4176904261112213,
            0.4373464286327362,
            0.4299754202365875,
            0.4127764105796814,
            0.42751842737197876,
            0.4078623950481415,
            0.4324324429035187,
            0.44717445969581604,
            0.41031941771507263,
            0.42751842737197876,
            0.43980345129966736,
            0.41523340344429016,
            0.40294840931892395
        ],
        "val_loss": [
            0.7529603838920593,
            0.7318963408470154,
            0.7249758243560791,
            0.7498410940170288,
            0.7749735116958618,
            0.7732373476028442,
            0.8243415951728821,
            0.8054031133651733,
            0.8078165054321289,
            0.8494691848754883,
            0.8721696138381958,
            0.879229724407196,
            0.9357927441596985
        ],
        "learning_rate": [
            0.0010000000474974513,
            0.0010000000474974513,
            0.0010000000474974513,
            0.0010000000474974513,
            0.0010000000474974513,
            0.0010000000474974513,
            0.0010000000474974513,
            0.0010000000474974513,
            0.0005000000237487257,
            0.0005000000237487257,
            0.0005000000237487257,
            0.0005000000237487257,
            0.0005000000237487257
        ]
    },
    "evaluation_metrics": {
        "accuracy": 0.3897058823529412,
        "precision": 0.15187067474048443,
        "recall": 0.3897058823529412,
        "f1": 0.21856520385932154,
        "classification_report": {
            "0": {
                "precision": 0.3897058823529412,
                "recall": 1.0,
                "f1-score": 0.5608465608465609,
                "support": 159.0
            },
            "1": {
                "precision": 0.0,
                "recall": 0.0,
                "f1-score": 0.0,
                "support": 249.0
            },
            "accuracy": 0.3897058823529412,
            "macro avg": {
                "precision": 0.1948529411764706,
                "recall": 0.5,
                "f1-score": 0.28042328042328046,
                "support": 408.0
            },
            "weighted avg": {
                "precision": 0.15187067474048443,
                "recall": 0.3897058823529412,
                "f1-score": 0.21856520385932154,
                "support": 408.0
            }
        },
        "confusion_matrix": [
            [
                159,
                0
            ],
            [
                249,
                0
            ]
        ]
    }
}