{
    "timestamp": "2025-04-28 22:49:46",
    "training_history": {
        "accuracy": [
            0.6248285174369812,
            0.6979880928993225,
            0.7498856782913208,
            0.7926383018493652,
            0.8152720332145691,
            0.8401920199394226,
            0.8641975522041321,
            0.8703703880310059,
            0.8815729022026062,
            0.882944643497467,
            0.8994055986404419
        ],
        "loss": [
            0.7232508063316345,
            0.6392547488212585,
            0.5790077447891235,
            0.5214087963104248,
            0.48309987783432007,
            0.4349348545074463,
            0.3965149223804474,
            0.3734634816646576,
            0.36157578229904175,
            0.35612356662750244,
            0.3325047492980957
        ],
        "val_accuracy": [
            0.6211180090904236,
            0.5403726696968079,
            0.5527950525283813,
            0.5403726696968079,
            0.5776397585868835,
            0.5838509202003479,
            0.5714285969734192,
            0.5714285969734192,
            0.5962733030319214,
            0.5838509202003479,
            0.5838509202003479
        ],
        "val_loss": [
            0.7398650050163269,
            0.7519567012786865,
            0.7924619913101196,
            0.8538067936897278,
            0.9032505750656128,
            1.0257447957992554,
            1.0582921504974365,
            1.0724369287490845,
            1.1289397478103638,
            1.1622308492660522,
            1.2641444206237793
        ],
        "learning_rate": [
            0.0010000000474974513,
            0.0010000000474974513,
            0.0010000000474974513,
            0.0010000000474974513,
            0.0010000000474974513,
            0.0010000000474974513,
            0.0005000000237487257,
            0.0005000000237487257,
            0.0005000000237487257,
            0.0005000000237487257,
            0.0005000000237487257
        ]
    },
    "evaluation_metrics": {
        "accuracy": 0.5341614906832298,
        "precision": 0.5552046905718809,
        "recall": 0.5341614906832298,
        "f1": 0.5062395560740298,
        "classification_report": {
            "0": {
                "precision": 0.5126050420168067,
                "recall": 0.782051282051282,
                "f1-score": 0.6192893401015228,
                "support": 78.0
            },
            "1": {
                "precision": 0.5952380952380952,
                "recall": 0.30120481927710846,
                "f1-score": 0.4,
                "support": 83.0
            },
            "accuracy": 0.5341614906832298,
            "macro avg": {
                "precision": 0.553921568627451,
                "recall": 0.5416280506641953,
                "f1-score": 0.5096446700507614,
                "support": 161.0
            },
            "weighted avg": {
                "precision": 0.5552046905718809,
                "recall": 0.5341614906832298,
                "f1-score": 0.5062395560740298,
                "support": 161.0
            }
        },
        "confusion_matrix": [
            [
                61,
                17
            ],
            [
                58,
                25
            ]
        ]
    }
}