{
    "timestamp": "2025-04-28 22:46:07",
    "training_history": {
        "accuracy": [
            0.5513293147087097,
            0.5821807384490967,
            0.6179114580154419,
            0.6546411514282227,
            0.6843783855438232,
            0.7152681946754456,
            0.7501152753829956,
            0.7614492177963257,
            0.7719763517379761,
            0.7815045118331909,
            0.7896496057510376
        ],
        "loss": [
            0.7434639930725098,
            0.6969487071037292,
            0.6695395708084106,
            0.6391516923904419,
            0.6115233898162842,
            0.5835136771202087,
            0.532963216304779,
            0.5153273344039917,
            0.5012369751930237,
            0.48245301842689514,
            0.46965691447257996
        ],
        "val_accuracy": [
            0.47752809524536133,
            0.4756554365158081,
            0.466292142868042,
            0.4737827777862549,
            0.4934456944465637,
            0.550561785697937,
            0.5177902579307556,
            0.5046816468238831,
            0.5084269642829895,
            0.5084269642829895,
            0.5177902579307556
        ],
        "val_loss": [
            0.7830331921577454,
            0.8488097190856934,
            0.8104360699653625,
            1.086624264717102,
            0.846892774105072,
            0.8244526982307434,
            1.0007978677749634,
            1.011060118675232,
            0.9945071935653687,
            1.0724116563796997,
            0.983027994632721
        ],
        "learning_rate": [
            0.0010000000474974513,
            0.0010000000474974513,
            0.0010000000474974513,
            0.0010000000474974513,
            0.0010000000474974513,
            0.0010000000474974513,
            0.0005000000237487257,
            0.0005000000237487257,
            0.0005000000237487257,
            0.0005000000237487257,
            0.0005000000237487257
        ]
    },
    "evaluation_metrics": {
        "accuracy": 0.46585594013096354,
        "precision": 0.5256328379414391,
        "recall": 0.46585594013096354,
        "f1": 0.31183663427439295,
        "classification_report": {
            "0": {
                "precision": 0.4638095238095238,
                "recall": 0.9838383838383838,
                "f1-score": 0.63042071197411,
                "support": 495.0
            },
            "1": {
                "precision": 0.5789473684210527,
                "recall": 0.01916376306620209,
                "f1-score": 0.03709949409780776,
                "support": 574.0
            },
            "accuracy": 0.46585594013096354,
            "macro avg": {
                "precision": 0.5213784461152882,
                "recall": 0.501501073452293,
                "f1-score": 0.3337601030359589,
                "support": 1069.0
            },
            "weighted avg": {
                "precision": 0.5256328379414391,
                "recall": 0.46585594013096354,
                "f1-score": 0.31183663427439295,
                "support": 1069.0
            }
        },
        "confusion_matrix": [
            [
                487,
                8
            ],
            [
                563,
                11
            ]
        ]
    }
}