{
    "timestamp": "2025-04-28 22:46:42",
    "training_history": {
        "accuracy": [
            0.5846560597419739,
            0.7222222089767456,
            0.738095223903656,
            0.738095223903656,
            0.7777777910232544,
            0.7936508059501648,
            0.7804232835769653,
            0.7936508059501648,
            0.8095238208770752,
            0.841269850730896,
            0.8095238208770752
        ],
        "loss": [
            0.7657684087753296,
            0.6673924922943115,
            0.6292144656181335,
            0.5885484218597412,
            0.5467233061790466,
            0.544961154460907,
            0.5268672704696655,
            0.4895245134830475,
            0.48465099930763245,
            0.4485938549041748,
            0.4542047679424286
        ],
        "val_accuracy": [
            0.4375,
            0.4375,
            0.4375,
            0.4375,
            0.5,
            0.375,
            0.4375,
            0.4375,
            0.4375,
            0.4375,
            0.4375
        ],
        "val_loss": [
            0.8265340328216553,
            0.8385356664657593,
            0.9017598032951355,
            0.9469001889228821,
            0.9954323172569275,
            1.0965980291366577,
            1.0280110836029053,
            1.1189372539520264,
            1.131221055984497,
            1.15353524684906,
            1.1746108531951904
        ],
        "learning_rate": [
            0.0010000000474974513,
            0.0010000000474974513,
            0.0010000000474974513,
            0.0010000000474974513,
            0.0010000000474974513,
            0.0010000000474974513,
            0.0005000000237487257,
            0.0005000000237487257,
            0.0005000000237487257,
            0.0005000000237487257,
            0.0005000000237487257
        ]
    },
    "evaluation_metrics": {
        "accuracy": 0.4375,
        "precision": 0.5520833333333333,
        "recall": 0.4375,
        "f1": 0.4485294117647059,
        "classification_report": {
            "0": {
                "precision": 0.6666666666666666,
                "recall": 0.36363636363636365,
                "f1-score": 0.4705882352941177,
                "support": 11.0
            },
            "1": {
                "precision": 0.3,
                "recall": 0.6,
                "f1-score": 0.4,
                "support": 5.0
            },
            "accuracy": 0.4375,
            "macro avg": {
                "precision": 0.4833333333333333,
                "recall": 0.4818181818181818,
                "f1-score": 0.43529411764705883,
                "support": 16.0
            },
            "weighted avg": {
                "precision": 0.5520833333333333,
                "recall": 0.4375,
                "f1-score": 0.4485294117647059,
                "support": 16.0
            }
        },
        "confusion_matrix": [
            [
                4,
                7
            ],
            [
                2,
                3
            ]
        ]
    }
}