{
    "timestamp": "2025-04-28 22:51:08",
    "training_history": {
        "accuracy": [
            0.5319729447364807,
            0.5572064518928528,
            0.5869538187980652,
            0.6161682605743408,
            0.6342549324035645,
            0.6592376828193665,
            0.6923703551292419,
            0.7065701484680176,
            0.722932755947113,
            0.7328693866729736,
            0.7446554899215698
        ],
        "loss": [
            0.7283551692962646,
            0.693327784538269,
            0.6756128072738647,
            0.6578150987625122,
            0.637829065322876,
            0.6184374690055847,
            0.5805227756500244,
            0.5620961785316467,
            0.5470477342605591,
            0.5344824194908142,
            0.5240156650543213
        ],
        "val_accuracy": [
            0.5311526656150818,
            0.47663551568984985,
            0.5101246237754822,
            0.5124610662460327,
            0.47274142503738403,
            0.4883177578449249,
            0.48909658193588257,
            0.5031152367591858,
            0.47819313406944275,
            0.5,
            0.5062305331230164
        ],
        "val_loss": [
            0.708429217338562,
            0.8360347747802734,
            0.7771050333976746,
            0.8835899829864502,
            0.9070929884910583,
            0.8878665566444397,
            0.9611150622367859,
            0.9598885774612427,
            0.9229035377502441,
            0.9514989256858826,
            1.0003520250320435
        ],
        "learning_rate": [
            0.0010000000474974513,
            0.0010000000474974513,
            0.0010000000474974513,
            0.0010000000474974513,
            0.0010000000474974513,
            0.0010000000474974513,
            0.0005000000237487257,
            0.0005000000237487257,
            0.0005000000237487257,
            0.0005000000237487257,
            0.0005000000237487257
        ]
    },
    "evaluation_metrics": {
        "accuracy": 0.4926070038910506,
        "precision": 0.5078907415711598,
        "recall": 0.4926070038910506,
        "f1": 0.4783137144989297,
        "classification_report": {
            "0": {
                "precision": 0.46806039488966317,
                "recall": 0.6750418760469011,
                "f1-score": 0.5528120713305897,
                "support": 597.0
            },
            "1": {
                "precision": 0.5424528301886793,
                "recall": 0.33430232558139533,
                "f1-score": 0.4136690647482015,
                "support": 688.0
            },
            "accuracy": 0.4926070038910506,
            "macro avg": {
                "precision": 0.5052566125391712,
                "recall": 0.5046721008141483,
                "f1-score": 0.48324056803939563,
                "support": 1285.0
            },
            "weighted avg": {
                "precision": 0.5078907415711598,
                "recall": 0.4926070038910506,
                "f1-score": 0.4783137144989297,
                "support": 1285.0
            }
        },
        "confusion_matrix": [
            [
                403,
                194
            ],
            [
                458,
                230
            ]
        ]
    }
}