{
    "timestamp": "2025-04-28 22:47:32",
    "training_history": {
        "accuracy": [
            0.5833820700645447,
            0.6346791386604309,
            0.6734932661056519,
            0.7158182263374329,
            0.739321231842041,
            0.7549248933792114,
            0.7720889449119568,
            0.8079773783683777,
            0.8208503723144531,
            0.8306027054786682,
            0.8342110514640808,
            0.8521552681922913
        ],
        "loss": [
            0.7344914078712463,
            0.6793936491012573,
            0.6355885863304138,
            0.5990279316902161,
            0.5684406161308289,
            0.5380979180335999,
            0.5250921845436096,
            0.47513487935066223,
            0.44658076763153076,
            0.43354594707489014,
            0.4215308129787445,
            0.41015130281448364
        ],
        "val_accuracy": [
            0.5027173757553101,
            0.570652186870575,
            0.508152186870575,
            0.508152186870575,
            0.508152186870575,
            0.508152186870575,
            0.532608687877655,
            0.5027173757553101,
            0.5,
            0.51902174949646,
            0.5054348111152649,
            0.489130437374115
        ],
        "val_loss": [
            0.7708410024642944,
            0.7432560920715332,
            0.8180959820747375,
            0.8286021947860718,
            0.8555278182029724,
            1.0352228879928589,
            1.0389279127120972,
            1.147963523864746,
            1.1269538402557373,
            1.1124523878097534,
            1.187877893447876,
            1.2045092582702637
        ],
        "learning_rate": [
            0.0010000000474974513,
            0.0010000000474974513,
            0.0010000000474974513,
            0.0010000000474974513,
            0.0010000000474974513,
            0.0010000000474974513,
            0.0010000000474974513,
            0.0005000000237487257,
            0.0005000000237487257,
            0.0005000000237487257,
            0.0005000000237487257,
            0.0005000000237487257
        ]
    },
    "evaluation_metrics": {
        "accuracy": 0.483695652173913,
        "precision": 0.5247383486602292,
        "recall": 0.483695652173913,
        "f1": 0.4424775374060446,
        "classification_report": {
            "0": {
                "precision": 0.4564459930313589,
                "recall": 0.793939393939394,
                "f1-score": 0.5796460176991151,
                "support": 165.0
            },
            "1": {
                "precision": 0.5802469135802469,
                "recall": 0.2315270935960591,
                "f1-score": 0.33098591549295775,
                "support": 203.0
            },
            "accuracy": 0.483695652173913,
            "macro avg": {
                "precision": 0.5183464533058029,
                "recall": 0.5127332437677266,
                "f1-score": 0.4553159665960364,
                "support": 368.0
            },
            "weighted avg": {
                "precision": 0.5247383486602292,
                "recall": 0.483695652173913,
                "f1-score": 0.4424775374060446,
                "support": 368.0
            }
        },
        "confusion_matrix": [
            [
                131,
                34
            ],
            [
                156,
                47
            ]
        ]
    }
}