{
    "timestamp": "2025-04-28 22:47:13",
    "training_history": {
        "accuracy": [
            0.5522019267082214,
            0.5988271832466125,
            0.6507991552352905,
            0.6906404495239258,
            0.7182361483573914,
            0.7399678230285645,
            0.7632517218589783,
            0.8003334403038025,
            0.812234103679657,
            0.8264343738555908,
            0.8324134945869446,
            0.8382200598716736
        ],
        "loss": [
            0.7397356033325195,
            0.6940868496894836,
            0.6534827947616577,
            0.6198193430900574,
            0.5872350335121155,
            0.551009476184845,
            0.5273026823997498,
            0.47522127628326416,
            0.4503134787082672,
            0.4339357614517212,
            0.42319947481155396,
            0.40741395950317383
        ],
        "val_accuracy": [
            0.49546828866004944,
            0.4773413836956024,
            0.4501510560512543,
            0.4864048361778259,
            0.46525681018829346,
            0.4199395775794983,
            0.4290030300617218,
            0.43202418088912964,
            0.4682779312133789,
            0.4425981938838959,
            0.42447128891944885,
            0.45770391821861267
        ],
        "val_loss": [
            0.7901718020439148,
            0.7712385654449463,
            0.7784851789474487,
            0.7929887771606445,
            0.9626433253288269,
            0.9240975975990295,
            0.9998366236686707,
            1.0534374713897705,
            1.0907578468322754,
            1.0967867374420166,
            1.124917984008789,
            1.1820132732391357
        ],
        "learning_rate": [
            0.0010000000474974513,
            0.0010000000474974513,
            0.0010000000474974513,
            0.0010000000474974513,
            0.0010000000474974513,
            0.0010000000474974513,
            0.0010000000474974513,
            0.0005000000237487257,
            0.0005000000237487257,
            0.0005000000237487257,
            0.0005000000237487257,
            0.0005000000237487257
        ]
    },
    "evaluation_metrics": {
        "accuracy": 0.48338368580060426,
        "precision": 0.49006829931196394,
        "recall": 0.48338368580060426,
        "f1": 0.48417621575883246,
        "classification_report": {
            "0": {
                "precision": 0.4396551724137931,
                "recall": 0.51,
                "f1-score": 0.4722222222222222,
                "support": 300.0
            },
            "1": {
                "precision": 0.5318471337579618,
                "recall": 0.4613259668508287,
                "f1-score": 0.49408284023668636,
                "support": 362.0
            },
            "accuracy": 0.48338368580060426,
            "macro avg": {
                "precision": 0.48575115308587746,
                "recall": 0.48566298342541436,
                "f1-score": 0.4831525312294543,
                "support": 662.0
            },
            "weighted avg": {
                "precision": 0.49006829931196394,
                "recall": 0.48338368580060426,
                "f1-score": 0.48417621575883246,
                "support": 662.0
            }
        },
        "confusion_matrix": [
            [
                153,
                147
            ],
            [
                195,
                167
            ]
        ]
    }
}