{
    "timestamp": "2025-04-28 22:48:48",
    "training_history": {
        "accuracy": [
            0.5416541695594788,
            0.5789185166358948,
            0.6207223534584045,
            0.652399480342865,
            0.6810336112976074,
            0.7102664113044739,
            0.7444378137588501,
            0.7666367292404175,
            0.7832984328269958,
            0.7953706383705139,
            0.8005088567733765
        ],
        "loss": [
            0.7401200532913208,
            0.6928258538246155,
            0.6631546020507812,
            0.6349670886993408,
            0.612873911857605,
            0.5807612538337708,
            0.533806324005127,
            0.5071208477020264,
            0.48215818405151367,
            0.4649614095687866,
            0.45327839255332947
        ],
        "val_accuracy": [
            0.5242130756378174,
            0.5048426389694214,
            0.5266343951225281,
            0.5157384872436523,
            0.5121065378189087,
            0.5060532689094543,
            0.49636805057525635,
            0.5399515628814697,
            0.5169491767883301,
            0.509685218334198,
            0.5302663445472717
        ],
        "val_loss": [
            0.7717443108558655,
            0.8561412692070007,
            0.9066799283027649,
            1.1283490657806396,
            0.980714738368988,
            1.0199558734893799,
            1.2974987030029297,
            1.1799579858779907,
            1.3391047716140747,
            1.4268012046813965,
            1.2993526458740234
        ],
        "learning_rate": [
            0.0010000000474974513,
            0.0010000000474974513,
            0.0010000000474974513,
            0.0010000000474974513,
            0.0010000000474974513,
            0.0010000000474974513,
            0.0005000000237487257,
            0.0005000000237487257,
            0.0005000000237487257,
            0.0005000000237487257,
            0.0005000000237487257
        ]
    },
    "evaluation_metrics": {
        "accuracy": 0.535671100362757,
        "precision": 0.5094566911860552,
        "recall": 0.535671100362757,
        "f1": 0.49358077704136116,
        "classification_report": {
            "0": {
                "precision": 0.44571428571428573,
                "recall": 0.2136986301369863,
                "f1-score": 0.2888888888888889,
                "support": 365.0
            },
            "1": {
                "precision": 0.5598159509202454,
                "recall": 0.79004329004329,
                "f1-score": 0.6552962298025135,
                "support": 462.0
            },
            "accuracy": 0.535671100362757,
            "macro avg": {
                "precision": 0.5027651183172656,
                "recall": 0.5018709600901381,
                "f1-score": 0.47209255934570116,
                "support": 827.0
            },
            "weighted avg": {
                "precision": 0.5094566911860552,
                "recall": 0.535671100362757,
                "f1-score": 0.49358077704136116,
                "support": 827.0
            }
        },
        "confusion_matrix": [
            [
                78,
                287
            ],
            [
                97,
                365
            ]
        ]
    }
}