{
    "timestamp": "2025-04-28 22:50:18",
    "training_history": {
        "accuracy": [
            0.5627705454826355,
            0.6369539499282837,
            0.6922471523284912,
            0.7367178201675415,
            0.7811884880065918,
            0.8097205758094788,
            0.8319559097290039,
            0.851830005645752,
            0.8630460500717163,
            0.8715072870254517,
            0.8801652789115906
        ],
        "loss": [
            0.7541666626930237,
            0.6873290538787842,
            0.6319596767425537,
            0.5764968395233154,
            0.5267298221588135,
            0.48659273982048035,
            0.43595224618911743,
            0.41245052218437195,
            0.3919060230255127,
            0.38008826971054077,
            0.35519731044769287
        ],
        "val_accuracy": [
            0.3802083432674408,
            0.53125,
            0.4635416567325592,
            0.4166666567325592,
            0.4010416567325592,
            0.5104166865348816,
            0.421875,
            0.4791666567325592,
            0.4791666567325592,
            0.5052083134651184,
            0.4895833432674408
        ],
        "val_loss": [
            0.8570981621742249,
            0.8674481511116028,
            1.0681684017181396,
            1.236608862876892,
            1.374637246131897,
            1.2339287996292114,
            1.450432300567627,
            1.4654139280319214,
            1.4089665412902832,
            1.3571438789367676,
            1.4302963018417358
        ],
        "learning_rate": [
            0.0010000000474974513,
            0.0010000000474974513,
            0.0010000000474974513,
            0.0010000000474974513,
            0.0010000000474974513,
            0.0010000000474974513,
            0.0005000000237487257,
            0.0005000000237487257,
            0.0005000000237487257,
            0.0005000000237487257,
            0.0005000000237487257
        ]
    },
    "evaluation_metrics": {
        "accuracy": 0.421875,
        "precision": 0.31808035714285715,
        "recall": 0.421875,
        "f1": 0.2983440170940171,
        "classification_report": {
            "0": {
                "precision": 0.43820224719101125,
                "recall": 0.8764044943820225,
                "f1-score": 0.5842696629213483,
                "support": 89.0
            },
            "1": {
                "precision": 0.21428571428571427,
                "recall": 0.02912621359223301,
                "f1-score": 0.05128205128205128,
                "support": 103.0
            },
            "accuracy": 0.421875,
            "macro avg": {
                "precision": 0.32624398073836275,
                "recall": 0.45276535398712775,
                "f1-score": 0.3177758571016998,
                "support": 192.0
            },
            "weighted avg": {
                "precision": 0.31808035714285715,
                "recall": 0.421875,
                "f1-score": 0.2983440170940171,
                "support": 192.0
            }
        },
        "confusion_matrix": [
            [
                78,
                11
            ],
            [
                100,
                3
            ]
        ]
    }
}