{
    "timestamp": "2025-04-28 22:46:39",
    "training_history": {
        "accuracy": [
            0.5534538626670837,
            0.5966410040855408,
            0.6396607756614685,
            0.6681174039840698,
            0.7027117609977722,
            0.7268161773681641,
            0.7511996626853943,
            0.7920433282852173,
            0.8027005791664124,
            0.8108469843864441,
            0.8201651573181152,
            0.8307108879089355
        ],
        "loss": [
            0.7411099672317505,
            0.6931562423706055,
            0.6618556380271912,
            0.6292093992233276,
            0.5961065292358398,
            0.5699248313903809,
            0.5363810658454895,
            0.4832756817340851,
            0.46296030282974243,
            0.4474974572658539,
            0.4326765835285187,
            0.41538164019584656
        ],
        "val_accuracy": [
            0.4831130802631378,
            0.5212922096252441,
            0.5403817892074585,
            0.5491923689842224,
            0.5110132098197937,
            0.5770925283432007,
            0.5374449491500854,
            0.5374449491500854,
            0.5212922096252441,
            0.5139500498771667,
            0.5124816298484802,
            0.5198237895965576
        ],
        "val_loss": [
            0.7579041719436646,
            0.7347720861434937,
            0.7947778701782227,
            0.8196649551391602,
            0.8670181035995483,
            0.8938920497894287,
            1.073472499847412,
            1.0957549810409546,
            1.1728243827819824,
            1.229186773300171,
            1.349152684211731,
            1.2601357698440552
        ],
        "learning_rate": [
            0.0010000000474974513,
            0.0010000000474974513,
            0.0010000000474974513,
            0.0010000000474974513,
            0.0010000000474974513,
            0.0010000000474974513,
            0.0010000000474974513,
            0.0005000000237487257,
            0.0005000000237487257,
            0.0005000000237487257,
            0.0005000000237487257,
            0.0005000000237487257
        ]
    },
    "evaluation_metrics": {
        "accuracy": 0.46255506607929514,
        "precision": 0.4711022555083215,
        "recall": 0.46255506607929514,
        "f1": 0.44761895469522034,
        "classification_report": {
            "0": {
                "precision": 0.44835164835164837,
                "recall": 0.6394984326018809,
                "f1-score": 0.5271317829457365,
                "support": 319.0
            },
            "1": {
                "precision": 0.4911504424778761,
                "recall": 0.30662983425414364,
                "f1-score": 0.3775510204081633,
                "support": 362.0
            },
            "accuracy": 0.46255506607929514,
            "macro avg": {
                "precision": 0.4697510454147622,
                "recall": 0.47306413342801223,
                "f1-score": 0.4523414016769499,
                "support": 681.0
            },
            "weighted avg": {
                "precision": 0.4711022555083215,
                "recall": 0.46255506607929514,
                "f1-score": 0.44761895469522034,
                "support": 681.0
            }
        },
        "confusion_matrix": [
            [
                204,
                115
            ],
            [
                251,
                111
            ]
        ]
    }
}