{
    "timestamp": "2025-04-28 22:49:37",
    "training_history": {
        "accuracy": [
            0.5330615043640137,
            0.5510983467102051,
            0.5815884470939636,
            0.6081477999687195,
            0.6313276290893555,
            0.6517890095710754,
            0.6619278788566589,
            0.6799647212028503,
            0.7110058069229126,
            0.7229446768760681,
            0.7353978157043457,
            0.7436631917953491,
            0.7523326873779297
        ],
        "loss": [
            0.7372300624847412,
            0.6990972757339478,
            0.6826915740966797,
            0.6626244783401489,
            0.643465518951416,
            0.6226504445075989,
            0.6117091178894043,
            0.5916129946708679,
            0.5557703971862793,
            0.5373021960258484,
            0.523798942565918,
            0.5158665180206299,
            0.5052152276039124
        ],
        "val_accuracy": [
            0.4806828498840332,
            0.5112308859825134,
            0.4959568679332733,
            0.49685534834861755,
            0.4950583875179291,
            0.4627133905887604,
            0.4914644956588745,
            0.5103324055671692,
            0.520215630531311,
            0.48607367277145386,
            0.4941599369049072,
            0.46810421347618103,
            0.47079965472221375
        ],
        "val_loss": [
            0.7264077067375183,
            0.7224100232124329,
            0.7207096815109253,
            0.724811315536499,
            0.7378368377685547,
            0.7427511811256409,
            0.7463763952255249,
            0.7656896710395813,
            0.8043770790100098,
            0.8185226917266846,
            0.821551501750946,
            0.8362541794776917,
            0.8511887788772583
        ],
        "learning_rate": [
            0.0010000000474974513,
            0.0010000000474974513,
            0.0010000000474974513,
            0.0010000000474974513,
            0.0010000000474974513,
            0.0010000000474974513,
            0.0010000000474974513,
            0.0010000000474974513,
            0.0005000000237487257,
            0.0005000000237487257,
            0.0005000000237487257,
            0.0005000000237487257,
            0.0005000000237487257
        ]
    },
    "evaluation_metrics": {
        "accuracy": 0.466786355475763,
        "precision": 0.4394089438876559,
        "recall": 0.466786355475763,
        "f1": 0.38109045607201825,
        "classification_report": {
            "0": {
                "precision": 0.40425531914893614,
                "recall": 0.10052910052910052,
                "f1-score": 0.1610169491525424,
                "support": 567.0
            },
            "1": {
                "precision": 0.47584789311408016,
                "recall": 0.8464351005484461,
                "f1-score": 0.6092105263157894,
                "support": 547.0
            },
            "accuracy": 0.466786355475763,
            "macro avg": {
                "precision": 0.4400516061315082,
                "recall": 0.47348210053877327,
                "f1-score": 0.3851137377341659,
                "support": 1114.0
            },
            "weighted avg": {
                "precision": 0.4394089438876559,
                "recall": 0.466786355475763,
                "f1-score": 0.38109045607201825,
                "support": 1114.0
            }
        },
        "confusion_matrix": [
            [
                57,
                510
            ],
            [
                84,
                463
            ]
        ]
    }
}