{
    "timestamp": "2025-04-28 22:48:16",
    "training_history": {
        "accuracy": [
            0.538661777973175,
            0.5747970938682556,
            0.6067600846290588,
            0.6492114663124084,
            0.6770785450935364,
            0.7082759141921997,
            0.7240851521492004,
            0.7598759531974792,
            0.7763359546661377,
            0.787283718585968,
            0.7934466600418091,
            0.8012938499450684
        ],
        "loss": [
            0.742179274559021,
            0.6959433555603027,
            0.67262202501297,
            0.643558919429779,
            0.6218368411064148,
            0.5907207131385803,
            0.5717626214027405,
            0.5244618058204651,
            0.500578761100769,
            0.486465722322464,
            0.4732159972190857,
            0.4592343866825104
        ],
        "val_accuracy": [
            0.5347698330879211,
            0.5426052808761597,
            0.5239960551261902,
            0.5063663125038147,
            0.5083251595497131,
            0.5063663125038147,
            0.5171400308609009,
            0.4760039150714874,
            0.48971596360206604,
            0.48383936285972595,
            0.4936336874961853,
            0.4946131110191345
        ],
        "val_loss": [
            0.7414113879203796,
            0.7307111620903015,
            0.7805391550064087,
            0.8231993913650513,
            0.7978438138961792,
            0.8114039897918701,
            0.8696578145027161,
            0.930696964263916,
            0.9844318628311157,
            0.972949206829071,
            0.9580724239349365,
            0.9381102919578552
        ],
        "learning_rate": [
            0.0010000000474974513,
            0.0010000000474974513,
            0.0010000000474974513,
            0.0010000000474974513,
            0.0010000000474974513,
            0.0010000000474974513,
            0.0010000000474974513,
            0.0005000000237487257,
            0.0005000000237487257,
            0.0005000000237487257,
            0.0005000000237487257,
            0.0005000000237487257
        ]
    },
    "evaluation_metrics": {
        "accuracy": 0.49657198824681686,
        "precision": 0.5064274947215132,
        "recall": 0.49657198824681686,
        "f1": 0.4045946700311845,
        "classification_report": {
            "0": {
                "precision": 0.5185185185185185,
                "recall": 0.10810810810810811,
                "f1-score": 0.17891373801916932,
                "support": 518.0
            },
            "1": {
                "precision": 0.4939759036144578,
                "recall": 0.8966202783300199,
                "f1-score": 0.6370056497175142,
                "support": 503.0
            },
            "accuracy": 0.49657198824681686,
            "macro avg": {
                "precision": 0.5062472110664882,
                "recall": 0.502364193219064,
                "f1-score": 0.40795969386834174,
                "support": 1021.0
            },
            "weighted avg": {
                "precision": 0.5064274947215132,
                "recall": 0.49657198824681686,
                "f1-score": 0.4045946700311845,
                "support": 1021.0
            }
        },
        "confusion_matrix": [
            [
                56,
                462
            ],
            [
                52,
                451
            ]
        ]
    }
}