{
    "timestamp": "2025-04-28 22:53:30",
    "training_history": {
        "accuracy": [
            0.5393755435943604,
            0.5950021147727966,
            0.633365273475647,
            0.6673593521118164,
            0.6946398019790649,
            0.7135016918182373,
            0.7307651042938232,
            0.747495710849762,
            0.7596973776817322,
            0.7679027915000916,
            0.803388774394989,
            0.8096760511398315,
            0.8202258944511414,
            0.8280584216117859,
            0.835464596748352
        ],
        "loss": [
            0.7426436543464661,
            0.687158465385437,
            0.6503719687461853,
            0.6180345416069031,
            0.5931728482246399,
            0.5713618397712708,
            0.5509138107299805,
            0.528684675693512,
            0.5096651315689087,
            0.5008206367492676,
            0.4519469738006592,
            0.4301770031452179,
            0.4196282923221588,
            0.4064112901687622,
            0.3943469226360321
        ],
        "val_accuracy": [
            0.5164835453033447,
            0.5137362480163574,
            0.5206043720245361,
            0.4862637221813202,
            0.5274725556373596,
            0.541208803653717,
            0.49450549483299255,
            0.5151098966598511,
            0.5192307829856873,
            0.5013736486434937,
            0.5398351550102234,
            0.5302197933197021,
            0.5439560413360596,
            0.5288461446762085,
            0.5425823926925659
        ],
        "val_loss": [
            0.7398252487182617,
            0.7422703504562378,
            0.7456914782524109,
            0.7666739225387573,
            0.7386559247970581,
            0.7607893347740173,
            0.7788226008415222,
            0.8103408217430115,
            0.9250828623771667,
            1.1197808980941772,
            0.9885250329971313,
            1.0336440801620483,
            1.034422516822815,
            1.0685874223709106,
            1.0991867780685425
        ],
        "learning_rate": [
            0.0010000000474974513,
            0.0010000000474974513,
            0.0010000000474974513,
            0.0010000000474974513,
            0.0010000000474974513,
            0.0010000000474974513,
            0.0010000000474974513,
            0.0010000000474974513,
            0.0010000000474974513,
            0.0010000000474974513,
            0.0005000000237487257,
            0.0005000000237487257,
            0.0005000000237487257,
            0.0005000000237487257,
            0.0005000000237487257
        ]
    },
    "evaluation_metrics": {
        "accuracy": 0.43209876543209874,
        "precision": 0.5011305931204237,
        "recall": 0.43209876543209874,
        "f1": 0.34610080537285,
        "classification_report": {
            "0": {
                "precision": 0.4143302180685358,
                "recall": 0.875,
                "f1-score": 0.5623678646934461,
                "support": 304.0
            },
            "1": {
                "precision": 0.5632183908045977,
                "recall": 0.11529411764705882,
                "f1-score": 0.19140625,
                "support": 425.0
            },
            "accuracy": 0.43209876543209874,
            "macro avg": {
                "precision": 0.4887743044365668,
                "recall": 0.4951470588235294,
                "f1-score": 0.37688705734672306,
                "support": 729.0
            },
            "weighted avg": {
                "precision": 0.5011305931204237,
                "recall": 0.43209876543209874,
                "f1-score": 0.34610080537285,
                "support": 729.0
            }
        },
        "confusion_matrix": [
            [
                266,
                38
            ],
            [
                376,
                49
            ]
        ]
    }
}