{
    "timestamp": "2025-04-28 22:57:39",
    "training_history": {
        "accuracy": [
            0.5618031024932861,
            0.6176064610481262,
            0.6589147448539734,
            0.6973558664321899,
            0.7254964709281921,
            0.7552298903465271,
            0.7945205569267273,
            0.8084315657615662,
            0.81915682554245,
            0.8270680904388428,
            0.8366783261299133
        ],
        "loss": [
            0.7385140657424927,
            0.6839948296546936,
            0.6431853771209717,
            0.6076785326004028,
            0.5701868534088135,
            0.5382207036018372,
            0.47444620728492737,
            0.45337703824043274,
            0.431405246257782,
            0.4149688184261322,
            0.4026293158531189
        ],
        "val_accuracy": [
            0.4993026554584503,
            0.47419804334640503,
            0.4574616551399231,
            0.482566237449646,
            0.47698745131492615,
            0.4323570430278778,
            0.49093446135520935,
            0.4351464509963989,
            0.4602510333061218,
            0.47977685928344727,
            0.5118549466133118
        ],
        "val_loss": [
            0.7549198269844055,
            0.8866583108901978,
            0.8123226165771484,
            0.8908960223197937,
            1.0573747158050537,
            0.9602058529853821,
            0.9743403196334839,
            1.02143132686615,
            0.8909822106361389,
            0.9885053038597107,
            1.0989375114440918
        ],
        "learning_rate": [
            0.0010000000474974513,
            0.0010000000474974513,
            0.0010000000474974513,
            0.0010000000474974513,
            0.0010000000474974513,
            0.0010000000474974513,
            0.0005000000237487257,
            0.0005000000237487257,
            0.0005000000237487257,
            0.0005000000237487257,
            0.0005000000237487257
        ]
    },
    "evaluation_metrics": {
        "accuracy": 0.4832869080779944,
        "precision": 0.4787118058758814,
        "recall": 0.4832869080779944,
        "f1": 0.43049794157220483,
        "classification_report": {
            "0": {
                "precision": 0.4714285714285714,
                "recall": 0.18181818181818182,
                "f1-score": 0.2624254473161034,
                "support": 363.0
            },
            "1": {
                "precision": 0.486159169550173,
                "recall": 0.7915492957746478,
                "f1-score": 0.6023579849946409,
                "support": 355.0
            },
            "accuracy": 0.4832869080779944,
            "macro avg": {
                "precision": 0.4787938704893722,
                "recall": 0.4866837387964148,
                "f1-score": 0.43239171615537214,
                "support": 718.0
            },
            "weighted avg": {
                "precision": 0.4787118058758814,
                "recall": 0.4832869080779944,
                "f1-score": 0.43049794157220483,
                "support": 718.0
            }
        },
        "confusion_matrix": [
            [
                66,
                297
            ],
            [
                74,
                281
            ]
        ]
    }
}