{
    "timestamp": "2025-04-28 22:54:22",
    "training_history": {
        "accuracy": [
            0.5340901017189026,
            0.5726713538169861,
            0.5938892364501953,
            0.6253978610038757,
            0.6526628732681274,
            0.6778060793876648,
            0.6985642313957214,
            0.7118961811065674,
            0.7464460134506226,
            0.757019579410553,
            0.765860378742218,
            0.7756206393241882,
            0.7826579213142395
        ],
        "loss": [
            0.7475123405456543,
            0.7023293375968933,
            0.683137834072113,
            0.6635096073150635,
            0.6435524225234985,
            0.6207228302955627,
            0.5999208092689514,
            0.5867461562156677,
            0.5401341915130615,
            0.5262044668197632,
            0.5118876695632935,
            0.49964967370033264,
            0.4900556802749634
        ],
        "val_accuracy": [
            0.492818683385849,
            0.4937163293361664,
            0.5161579847335815,
            0.520646333694458,
            0.49102333188056946,
            0.5341113209724426,
            0.5134649872779846,
            0.5017953515052795,
            0.541292667388916,
            0.5385996699333191,
            0.5493716597557068,
            0.5457809567451477,
            0.5278276205062866
        ],
        "val_loss": [
            0.7501027584075928,
            0.7322207689285278,
            0.7295409440994263,
            0.7359492182731628,
            0.7438341975212097,
            0.7603716850280762,
            0.7774268388748169,
            0.7838799953460693,
            0.7928117513656616,
            0.7981657385826111,
            0.7986019849777222,
            0.8167977333068848,
            0.8323157429695129
        ],
        "learning_rate": [
            0.0010000000474974513,
            0.0010000000474974513,
            0.0010000000474974513,
            0.0010000000474974513,
            0.0010000000474974513,
            0.0010000000474974513,
            0.0010000000474974513,
            0.0010000000474974513,
            0.0005000000237487257,
            0.0005000000237487257,
            0.0005000000237487257,
            0.0005000000237487257,
            0.0005000000237487257
        ]
    },
    "evaluation_metrics": {
        "accuracy": 0.47755834829443444,
        "precision": 0.5761856064566151,
        "recall": 0.47755834829443444,
        "f1": 0.3887224382962002,
        "classification_report": {
            "0": {
                "precision": 0.6722689075630253,
                "recall": 0.12841091492776885,
                "f1-score": 0.215633423180593,
                "support": 623.0
            },
            "1": {
                "precision": 0.4542713567839196,
                "recall": 0.9205702647657841,
                "f1-score": 0.6083445491251682,
                "support": 491.0
            },
            "accuracy": 0.47755834829443444,
            "macro avg": {
                "precision": 0.5632701321734724,
                "recall": 0.5244905898467764,
                "f1-score": 0.4119889861528806,
                "support": 1114.0
            },
            "weighted avg": {
                "precision": 0.5761856064566151,
                "recall": 0.47755834829443444,
                "f1-score": 0.3887224382962002,
                "support": 1114.0
            }
        },
        "confusion_matrix": [
            [
                80,
                543
            ],
            [
                39,
                452
            ]
        ]
    }
}