{
    "timestamp": "2025-04-28 22:56:36",
    "training_history": {
        "accuracy": [
            0.5488418936729431,
            0.5876972079277039,
            0.6227760910987854,
            0.669687807559967,
            0.7033400535583496,
            0.7366566061973572,
            0.7658610343933105,
            0.7891910076141357,
            0.8009399175643921,
            0.8094159364700317,
            0.8164652585983276
        ],
        "loss": [
            0.7434073090553284,
            0.6971883177757263,
            0.6626279354095459,
            0.6264156699180603,
            0.5861512422561646,
            0.5511835217475891,
            0.5051063299179077,
            0.4759385585784912,
            0.4583427608013153,
            0.44523149728775024,
            0.4291776716709137
        ],
        "val_accuracy": [
            0.4884210526943207,
            0.46105262637138367,
            0.551578938961029,
            0.5010526180267334,
            0.551578938961029,
            0.5284210443496704,
            0.5199999809265137,
            0.5178947448730469,
            0.5052631497383118,
            0.4968421161174774,
            0.5115789771080017
        ],
        "val_loss": [
            0.7814313769340515,
            0.8832781314849854,
            0.9530872702598572,
            1.144741177558899,
            1.1857532262802124,
            1.0867360830307007,
            1.376602053642273,
            1.3930386304855347,
            1.386890172958374,
            1.3211605548858643,
            1.5333468914031982
        ],
        "learning_rate": [
            0.0010000000474974513,
            0.0010000000474974513,
            0.0010000000474974513,
            0.0010000000474974513,
            0.0010000000474974513,
            0.0010000000474974513,
            0.0005000000237487257,
            0.0005000000237487257,
            0.0005000000237487257,
            0.0005000000237487257,
            0.0005000000237487257
        ]
    },
    "evaluation_metrics": {
        "accuracy": 0.4610526315789474,
        "precision": 0.44101052631578946,
        "recall": 0.4610526315789474,
        "f1": 0.3903214209394994,
        "classification_report": {
            "0": {
                "precision": 0.41333333333333333,
                "recall": 0.12757201646090535,
                "f1-score": 0.1949685534591195,
                "support": 243.0
            },
            "1": {
                "precision": 0.47,
                "recall": 0.8103448275862069,
                "f1-score": 0.5949367088607594,
                "support": 232.0
            },
            "accuracy": 0.4610526315789474,
            "macro avg": {
                "precision": 0.44166666666666665,
                "recall": 0.4689584220235561,
                "f1-score": 0.3949526311599395,
                "support": 475.0
            },
            "weighted avg": {
                "precision": 0.44101052631578946,
                "recall": 0.4610526315789474,
                "f1-score": 0.3903214209394994,
                "support": 475.0
            }
        },
        "confusion_matrix": [
            [
                31,
                212
            ],
            [
                44,
                188
            ]
        ]
    }
}