{
    "timestamp": "2025-04-28 23:04:34",
    "training_history": {
        "accuracy": [
            0.5795215368270874,
            0.6587802171707153,
            0.7141166925430298,
            0.749605655670166,
            0.7832544445991516,
            0.8157203197479248,
            0.8424027562141418,
            0.8615930676460266,
            0.866982102394104,
            0.8771030306816101,
            0.8923501372337341
        ],
        "loss": [
            0.7411114573478699,
            0.6637668609619141,
            0.6061481833457947,
            0.5547781586647034,
            0.5107870101928711,
            0.4663269817829132,
            0.41219547390937805,
            0.38106533885002136,
            0.3660781681537628,
            0.34888437390327454,
            0.32652997970581055
        ],
        "val_accuracy": [
            0.534246563911438,
            0.5068492889404297,
            0.5102739930152893,
            0.5273972749710083,
            0.49657535552978516,
            0.48630136251449585,
            0.4726027250289917,
            0.4726027250289917,
            0.4623287618160248,
            0.44863012433052063,
            0.47602739930152893
        ],
        "val_loss": [
            0.7598442435264587,
            0.8325613141059875,
            0.8581993579864502,
            0.8905912637710571,
            0.9380293488502502,
            0.9734849333763123,
            1.1341688632965088,
            1.2127022743225098,
            1.194313883781433,
            1.2892884016036987,
            1.3277398347854614
        ],
        "learning_rate": [
            0.0010000000474974513,
            0.0010000000474974513,
            0.0010000000474974513,
            0.0010000000474974513,
            0.0010000000474974513,
            0.0010000000474974513,
            0.0005000000237487257,
            0.0005000000237487257,
            0.0005000000237487257,
            0.0005000000237487257,
            0.0005000000237487257
        ]
    },
    "evaluation_metrics": {
        "accuracy": 0.5582191780821918,
        "precision": 0.5342822488584476,
        "recall": 0.5582191780821918,
        "f1": 0.5210386958089404,
        "classification_report": {
            "0": {
                "precision": 0.5833333333333334,
                "recall": 0.7964071856287425,
                "f1-score": 0.6734177215189873,
                "support": 167.0
            },
            "1": {
                "precision": 0.46875,
                "recall": 0.24,
                "f1-score": 0.31746031746031744,
                "support": 125.0
            },
            "accuracy": 0.5582191780821918,
            "macro avg": {
                "precision": 0.5260416666666667,
                "recall": 0.5182035928143712,
                "f1-score": 0.49543901948965235,
                "support": 292.0
            },
            "weighted avg": {
                "precision": 0.5342822488584476,
                "recall": 0.5582191780821918,
                "f1-score": 0.5210386958089404,
                "support": 292.0
            }
        },
        "confusion_matrix": [
            [
                133,
                34
            ],
            [
                95,
                30
            ]
        ]
    }
}