{
    "timestamp": "2025-04-28 23:01:35",
    "training_history": {
        "accuracy": [
            0.5415533781051636,
            0.5830718874931335,
            0.6155267357826233,
            0.6489925384521484,
            0.6754165887832642,
            0.7057798504829407,
            0.7441260814666748,
            0.7615561485290527,
            0.7701666355133057,
            0.7796834707260132,
            0.7860628962516785
        ],
        "loss": [
            0.7393472790718079,
            0.691653311252594,
            0.6668146848678589,
            0.6395251750946045,
            0.6148777604103088,
            0.5850787162780762,
            0.540058970451355,
            0.5141252875328064,
            0.49978023767471313,
            0.48774757981300354,
            0.4776095449924469
        ],
        "val_accuracy": [
            0.4642857015132904,
            0.46167248487472534,
            0.4660278856754303,
            0.4729965031147003,
            0.4747386872768402,
            0.5052264928817749,
            0.4825783967971802,
            0.4825783967971802,
            0.4729965031147003,
            0.4677700400352478,
            0.4799651503562927
        ],
        "val_loss": [
            0.7595140933990479,
            0.7846219539642334,
            0.8267145752906799,
            0.8415597081184387,
            0.861195981502533,
            0.9524879455566406,
            0.9893816113471985,
            1.0377135276794434,
            1.0196926593780518,
            1.026082158088684,
            1.095252275466919
        ],
        "learning_rate": [
            0.0010000000474974513,
            0.0010000000474974513,
            0.0010000000474974513,
            0.0010000000474974513,
            0.0010000000474974513,
            0.0010000000474974513,
            0.0005000000237487257,
            0.0005000000237487257,
            0.0005000000237487257,
            0.0005000000237487257,
            0.0005000000237487257
        ]
    },
    "evaluation_metrics": {
        "accuracy": 0.5195822454308094,
        "precision": 0.5205817749205862,
        "recall": 0.5195822454308094,
        "f1": 0.5199248823279189,
        "classification_report": {
            "0": {
                "precision": 0.49019607843137253,
                "recall": 0.5083179297597042,
                "f1-score": 0.49909255898366606,
                "support": 541.0
            },
            "1": {
                "precision": 0.5476190476190477,
                "recall": 0.5296052631578947,
                "f1-score": 0.5384615384615385,
                "support": 608.0
            },
            "accuracy": 0.5195822454308094,
            "macro avg": {
                "precision": 0.5189075630252101,
                "recall": 0.5189615964587995,
                "f1-score": 0.5187770487226023,
                "support": 1149.0
            },
            "weighted avg": {
                "precision": 0.5205817749205862,
                "recall": 0.5195822454308094,
                "f1-score": 0.5199248823279189,
                "support": 1149.0
            }
        },
        "confusion_matrix": [
            [
                275,
                266
            ],
            [
                286,
                322
            ]
        ]
    }
}