{
    "timestamp": "2025-04-28 22:58:25",
    "training_history": {
        "accuracy": [
            0.5468519926071167,
            0.5872815251350403,
            0.6250438690185547,
            0.6603144407272339,
            0.6926019787788391,
            0.7163613438606262,
            0.7533515691757202,
            0.7673194408416748,
            0.7774619460105896,
            0.7900610566139221,
            0.7930441498756409
        ],
        "loss": [
            0.7282652854919434,
            0.6882321834564209,
            0.6634123921394348,
            0.6372886300086975,
            0.6090802550315857,
            0.5815104246139526,
            0.5391001105308533,
            0.5166993141174316,
            0.4991273283958435,
            0.48549267649650574,
            0.4759313464164734
        ],
        "val_accuracy": [
            0.5071813464164734,
            0.5197486281394958,
            0.48114901781082153,
            0.4658886790275574,
            0.4865350127220154,
            0.4901256859302521,
            0.57001793384552,
            0.5314183235168457,
            0.5296229720115662,
            0.514362633228302,
            0.4847396910190582
        ],
        "val_loss": [
            0.7406502962112427,
            0.7712650299072266,
            0.8083449602127075,
            0.9669774770736694,
            0.9954360723495483,
            1.009710669517517,
            0.9179551005363464,
            1.0012730360031128,
            1.106390357017517,
            1.076292634010315,
            1.4079246520996094
        ],
        "learning_rate": [
            0.0010000000474974513,
            0.0010000000474974513,
            0.0010000000474974513,
            0.0010000000474974513,
            0.0010000000474974513,
            0.0010000000474974513,
            0.0005000000237487257,
            0.0005000000237487257,
            0.0005000000237487257,
            0.0005000000237487257,
            0.0005000000237487257
        ]
    },
    "evaluation_metrics": {
        "accuracy": 0.5583482944344704,
        "precision": 0.5628740162746738,
        "recall": 0.5583482944344704,
        "f1": 0.5583981184774772,
        "classification_report": {
            "0": {
                "precision": 0.5245346869712352,
                "recall": 0.5950095969289827,
                "f1-score": 0.5575539568345323,
                "support": 521.0
            },
            "1": {
                "precision": 0.5965583173996176,
                "recall": 0.5261382799325464,
                "f1-score": 0.5591397849462365,
                "support": 593.0
            },
            "accuracy": 0.5583482944344704,
            "macro avg": {
                "precision": 0.5605465021854263,
                "recall": 0.5605739384307645,
                "f1-score": 0.5583468708903845,
                "support": 1114.0
            },
            "weighted avg": {
                "precision": 0.5628740162746738,
                "recall": 0.5583482944344704,
                "f1-score": 0.5583981184774772,
                "support": 1114.0
            }
        },
        "confusion_matrix": [
            [
                310,
                211
            ],
            [
                281,
                312
            ]
        ]
    }
}