{
    "timestamp": "2025-04-28 23:00:03",
    "training_history": {
        "accuracy": [
            0.5481399893760681,
            0.5630570650100708,
            0.5774217247962952,
            0.5951749682426453,
            0.6206998229026794,
            0.6469981670379639,
            0.6677348017692566,
            0.701988935470581,
            0.7227255702018738,
            0.7356905937194824,
            0.7523756623268127,
            0.7598526477813721
        ],
        "loss": [
            0.7425194978713989,
            0.7030839920043945,
            0.6849510073661804,
            0.672595739364624,
            0.6561963558197021,
            0.6418456435203552,
            0.6198592782020569,
            0.5851423740386963,
            0.5652467608451843,
            0.5480772852897644,
            0.5305028557777405,
            0.5166990756988525
        ],
        "val_accuracy": [
            0.543379008769989,
            0.5278539061546326,
            0.4794520437717438,
            0.5461187362670898,
            0.4904109537601471,
            0.5123287439346313,
            0.4821917712688446,
            0.4785388112068176,
            0.4776255786418915,
            0.48949772119522095,
            0.49132418632507324,
            0.48949772119522095
        ],
        "val_loss": [
            0.7526621222496033,
            0.7290154695510864,
            0.7837736010551453,
            0.8140500783920288,
            0.8449873924255371,
            0.8279101848602295,
            0.8331326246261597,
            0.8732222318649292,
            0.9133692383766174,
            0.9270727038383484,
            1.0029792785644531,
            0.9357426166534424
        ],
        "learning_rate": [
            0.0010000000474974513,
            0.0010000000474974513,
            0.0010000000474974513,
            0.0010000000474974513,
            0.0010000000474974513,
            0.0010000000474974513,
            0.0010000000474974513,
            0.0005000000237487257,
            0.0005000000237487257,
            0.0005000000237487257,
            0.0005000000237487257,
            0.0005000000237487257
        ]
    },
    "evaluation_metrics": {
        "accuracy": 0.5228102189781022,
        "precision": 0.4872620140700862,
        "recall": 0.5228102189781022,
        "f1": 0.4761021048176805,
        "classification_report": {
            "0": {
                "precision": 0.40271493212669685,
                "recall": 0.18541666666666667,
                "f1-score": 0.25392296718972895,
                "support": 480.0
            },
            "1": {
                "precision": 0.5531428571428572,
                "recall": 0.7857142857142857,
                "f1-score": 0.6492287055667337,
                "support": 616.0
            },
            "accuracy": 0.5228102189781022,
            "macro avg": {
                "precision": 0.477928894634777,
                "recall": 0.4855654761904762,
                "f1-score": 0.45157583637823134,
                "support": 1096.0
            },
            "weighted avg": {
                "precision": 0.4872620140700862,
                "recall": 0.5228102189781022,
                "f1-score": 0.4761021048176805,
                "support": 1096.0
            }
        },
        "confusion_matrix": [
            [
                89,
                391
            ],
            [
                132,
                484
            ]
        ]
    }
}