{
    "timestamp": "2025-04-28 22:59:17",
    "training_history": {
        "accuracy": [
            0.5327787399291992,
            0.5624727606773376,
            0.5859350562095642,
            0.6118277311325073,
            0.6350719928741455,
            0.6537670493125916,
            0.6861718893051147,
            0.7034648060798645,
            0.7179535031318665,
            0.7306661605834961,
            0.73667973279953
        ],
        "loss": [
            0.7409447431564331,
            0.6987181305885315,
            0.6854302287101746,
            0.6698395609855652,
            0.6539230942726135,
            0.6387687921524048,
            0.6035752892494202,
            0.5864513516426086,
            0.568594753742218,
            0.5554119348526001,
            0.5448673367500305
        ],
        "val_accuracy": [
            0.5061068534851074,
            0.4977099299430847,
            0.46793892979621887,
            0.471755713224411,
            0.5083969235420227,
            0.4992366433143616,
            0.49312976002693176,
            0.49847328662872314,
            0.5,
            0.4969465732574463,
            0.4854961931705475
        ],
        "val_loss": [
            0.7276552319526672,
            0.7483924627304077,
            0.7495012879371643,
            0.8783480525016785,
            0.9872890114784241,
            0.7430469989776611,
            0.767935574054718,
            0.8159424066543579,
            0.7999082207679749,
            0.9189292788505554,
            0.9141832590103149
        ],
        "learning_rate": [
            0.0010000000474974513,
            0.0010000000474974513,
            0.0010000000474974513,
            0.0010000000474974513,
            0.0010000000474974513,
            0.0010000000474974513,
            0.0005000000237487257,
            0.0005000000237487257,
            0.0005000000237487257,
            0.0005000000237487257,
            0.0005000000237487257
        ]
    },
    "evaluation_metrics": {
        "accuracy": 0.5213740458015267,
        "precision": 0.48878830551723196,
        "recall": 0.5213740458015267,
        "f1": 0.4479341724772986,
        "classification_report": {
            "0": {
                "precision": 0.4340659340659341,
                "recall": 0.1310116086235489,
                "f1-score": 0.20127388535031845,
                "support": 603.0
            },
            "1": {
                "precision": 0.5354609929078015,
                "recall": 0.8543140028288543,
                "f1-score": 0.6583106267029973,
                "support": 707.0
            },
            "accuracy": 0.5213740458015267,
            "macro avg": {
                "precision": 0.4847634634868678,
                "recall": 0.4926628057262016,
                "f1-score": 0.4297922560266579,
                "support": 1310.0
            },
            "weighted avg": {
                "precision": 0.48878830551723196,
                "recall": 0.5213740458015267,
                "f1-score": 0.4479341724772986,
                "support": 1310.0
            }
        },
        "confusion_matrix": [
            [
                79,
                524
            ],
            [
                103,
                604
            ]
        ]
    }
}