{
    "timestamp": "2025-04-28 22:57:08",
    "training_history": {
        "accuracy": [
            0.5636472105979919,
            0.6076542139053345,
            0.6300018429756165,
            0.6552404761314392,
            0.6820851564407349,
            0.7099853157997131,
            0.7501835823059082,
            0.7664739489555359,
            0.7811582088470459,
            0.7895557880401611,
            0.8013949990272522
        ],
        "loss": [
            0.7345112562179565,
            0.6875594854354858,
            0.6637604236602783,
            0.6391148567199707,
            0.615425169467926,
            0.5889584422111511,
            0.5398585796356201,
            0.5156834721565247,
            0.4935074746608734,
            0.47915613651275635,
            0.46400243043899536
        ],
        "val_accuracy": [
            0.5979843139648438,
            0.5890257358551025,
            0.5901455879211426,
            0.5755879282951355,
            0.5464725494384766,
            0.5845464468002319,
            0.543113112449646,
            0.521836519241333,
            0.5151175856590271,
            0.5039193630218506,
            0.47928330302238464
        ],
        "val_loss": [
            0.8192678093910217,
            0.8410127758979797,
            0.9747865796089172,
            0.8383703827857971,
            0.8618302345275879,
            1.0137919187545776,
            0.8444578051567078,
            0.8624128103256226,
            0.8524722456932068,
            0.9671711325645447,
            1.008795142173767
        ],
        "learning_rate": [
            0.0010000000474974513,
            0.0010000000474974513,
            0.0010000000474974513,
            0.0010000000474974513,
            0.0010000000474974513,
            0.0010000000474974513,
            0.0005000000237487257,
            0.0005000000237487257,
            0.0005000000237487257,
            0.0005000000237487257,
            0.0005000000237487257
        ]
    },
    "evaluation_metrics": {
        "accuracy": 0.5509518477043673,
        "precision": 0.30354793848885636,
        "recall": 0.5509518477043673,
        "f1": 0.39143438132931224,
        "classification_report": {
            "0": {
                "precision": 0.0,
                "recall": 0.0,
                "f1-score": 0.0,
                "support": 401.0
            },
            "1": {
                "precision": 0.5509518477043673,
                "recall": 1.0,
                "f1-score": 0.7104693140794224,
                "support": 492.0
            },
            "accuracy": 0.5509518477043673,
            "macro avg": {
                "precision": 0.27547592385218367,
                "recall": 0.5,
                "f1-score": 0.3552346570397112,
                "support": 893.0
            },
            "weighted avg": {
                "precision": 0.30354793848885636,
                "recall": 0.5509518477043673,
                "f1-score": 0.39143438132931224,
                "support": 893.0
            }
        },
        "confusion_matrix": [
            [
                0,
                401
            ],
            [
                0,
                492
            ]
        ]
    }
}