{
    "timestamp": "2025-04-28 23:03:55",
    "training_history": {
        "accuracy": [
            0.5276424288749695,
            0.5507823824882507,
            0.5781665444374084,
            0.6078757047653198,
            0.632085919380188,
            0.6560747027397156,
            0.6861898303031921,
            0.7197741270065308,
            0.7373782396316528,
            0.7516238689422607,
            0.7624372839927673,
            0.7730292081832886
        ],
        "loss": [
            0.7399249076843262,
            0.7025200128555298,
            0.683996856212616,
            0.6620009541511536,
            0.6424432396888733,
            0.6218438744544983,
            0.59525066614151,
            0.5547962784767151,
            0.534965455532074,
            0.52115398645401,
            0.5080844163894653,
            0.4931463897228241
        ],
        "val_accuracy": [
            0.43913859128952026,
            0.49719101190567017,
            0.4691011309623718,
            0.5196629166603088,
            0.5093632936477661,
            0.5262172222137451,
            0.5149812698364258,
            0.48689138889312744,
            0.5112359523773193,
            0.48876404762268066,
            0.49531835317611694,
            0.49438202381134033
        ],
        "val_loss": [
            0.7601736783981323,
            0.7232913970947266,
            0.7305423617362976,
            0.7977719902992249,
            0.7448753118515015,
            0.7540784478187561,
            0.8391839265823364,
            0.8327305316925049,
            0.8677465319633484,
            0.9092541933059692,
            0.9325552582740784,
            0.9897661805152893
        ],
        "learning_rate": [
            0.0010000000474974513,
            0.0010000000474974513,
            0.0010000000474974513,
            0.0010000000474974513,
            0.0010000000474974513,
            0.0010000000474974513,
            0.0010000000474974513,
            0.0005000000237487257,
            0.0005000000237487257,
            0.0005000000237487257,
            0.0005000000237487257,
            0.0005000000237487257
        ]
    },
    "evaluation_metrics": {
        "accuracy": 0.43872778297474274,
        "precision": 0.5735197733219453,
        "recall": 0.43872778297474274,
        "f1": 0.3219519588852318,
        "classification_report": {
            "0": {
                "precision": 0.422,
                "recall": 0.9504504504504504,
                "f1-score": 0.5844875346260388,
                "support": 444.0
            },
            "1": {
                "precision": 0.6811594202898551,
                "recall": 0.0752,
                "f1-score": 0.13544668587896252,
                "support": 625.0
            },
            "accuracy": 0.43872778297474274,
            "macro avg": {
                "precision": 0.5515797101449276,
                "recall": 0.5128252252252252,
                "f1-score": 0.3599671102525006,
                "support": 1069.0
            },
            "weighted avg": {
                "precision": 0.5735197733219453,
                "recall": 0.43872778297474274,
                "f1-score": 0.3219519588852318,
                "support": 1069.0
            }
        },
        "confusion_matrix": [
            [
                422,
                22
            ],
            [
                578,
                47
            ]
        ]
    }
}