{
    "timestamp": "2025-04-28 22:55:15",
    "training_history": {
        "accuracy": [
            0.5142269134521484,
            0.5491887927055359,
            0.5800338983535767,
            0.607852041721344,
            0.6282539963722229,
            0.6531965136528015,
            0.6868264675140381,
            0.7064414620399475,
            0.722514808177948,
            0.7295072078704834,
            0.7420389652252197
        ],
        "loss": [
            0.7334522604942322,
            0.6979092955589294,
            0.6812444925308228,
            0.664813756942749,
            0.6445587277412415,
            0.6263212561607361,
            0.5871894359588623,
            0.5682953596115112,
            0.5519239902496338,
            0.5381240248680115,
            0.5230070948600769
        ],
        "val_accuracy": [
            0.5015384554862976,
            0.5192307829856873,
            0.4669230878353119,
            0.5115384459495544,
            0.5176923274993896,
            0.4738461673259735,
            0.4992307722568512,
            0.5192307829856873,
            0.5246154069900513,
            0.5192307829856873,
            0.5
        ],
        "val_loss": [
            0.729486346244812,
            0.7729673981666565,
            0.7896929383277893,
            0.8315008282661438,
            0.8516661524772644,
            0.836883008480072,
            0.9427201747894287,
            1.0784566402435303,
            1.0732308626174927,
            1.1040440797805786,
            1.196804404258728
        ],
        "learning_rate": [
            0.0010000000474974513,
            0.0010000000474974513,
            0.0010000000474974513,
            0.0010000000474974513,
            0.0010000000474974513,
            0.0010000000474974513,
            0.0005000000237487257,
            0.0005000000237487257,
            0.0005000000237487257,
            0.0005000000237487257,
            0.0005000000237487257
        ]
    },
    "evaluation_metrics": {
        "accuracy": 0.5484615384615384,
        "precision": 0.4893990049537861,
        "recall": 0.5484615384615384,
        "f1": 0.4098699029462684,
        "classification_report": {
            "0": {
                "precision": 0.4117647058823529,
                "recall": 0.024096385542168676,
                "f1-score": 0.04552845528455284,
                "support": 581.0
            },
            "1": {
                "precision": 0.5521327014218009,
                "recall": 0.972183588317107,
                "f1-score": 0.7042821158690177,
                "support": 719.0
            },
            "accuracy": 0.5484615384615384,
            "macro avg": {
                "precision": 0.4819487036520769,
                "recall": 0.49813998692963785,
                "f1-score": 0.37490528557678526,
                "support": 1300.0
            },
            "weighted avg": {
                "precision": 0.4893990049537861,
                "recall": 0.5484615384615384,
                "f1-score": 0.4098699029462684,
                "support": 1300.0
            }
        },
        "confusion_matrix": [
            [
                14,
                567
            ],
            [
                20,
                699
            ]
        ]
    }
}