{
    "timestamp": "2025-04-28 22:51:59",
    "training_history": {
        "accuracy": [
            0.5523828864097595,
            0.5742062926292419,
            0.6109864711761475,
            0.6500101685523987,
            0.6838670372962952,
            0.7138146758079529,
            0.731864869594574,
            0.7706166505813599,
            0.7859473824501038,
            0.7962811589241028,
            0.8000884056091309,
            0.8074308037757874
        ],
        "loss": [
            0.7306108474731445,
            0.6919189691543579,
            0.6712350249290466,
            0.644938588142395,
            0.6155460476875305,
            0.5891767740249634,
            0.5680087804794312,
            0.5151774883270264,
            0.4922809898853302,
            0.4766346216201782,
            0.46422091126441956,
            0.45510488748550415
        ],
        "val_accuracy": [
            0.46244725584983826,
            0.4700421988964081,
            0.4345991611480713,
            0.4253164529800415,
            0.43544304370880127,
            0.4210970401763916,
            0.43122363090515137,
            0.4295358657836914,
            0.42362868785858154,
            0.42784810066223145,
            0.42700421810150146,
            0.4202531576156616
        ],
        "val_loss": [
            0.7313351631164551,
            0.7247483730316162,
            0.8885961771011353,
            0.9178963303565979,
            1.2664222717285156,
            1.062577724456787,
            1.12482488155365,
            1.1466127634048462,
            1.3773072957992554,
            1.3425142765045166,
            1.4270541667938232,
            1.3161442279815674
        ],
        "learning_rate": [
            0.0010000000474974513,
            0.0010000000474974513,
            0.0010000000474974513,
            0.0010000000474974513,
            0.0010000000474974513,
            0.0010000000474974513,
            0.0010000000474974513,
            0.0005000000237487257,
            0.0005000000237487257,
            0.0005000000237487257,
            0.0005000000237487257,
            0.0005000000237487257
        ]
    },
    "evaluation_metrics": {
        "accuracy": 0.4536256323777403,
        "precision": 0.49549242934317883,
        "recall": 0.4536256323777403,
        "f1": 0.3971768501441057,
        "classification_report": {
            "0": {
                "precision": 0.43343653250773995,
                "recall": 0.8092485549132948,
                "f1-score": 0.5645161290322581,
                "support": 519.0
            },
            "1": {
                "precision": 0.543778801843318,
                "recall": 0.17691154422788605,
                "f1-score": 0.2669683257918552,
                "support": 667.0
            },
            "accuracy": 0.4536256323777403,
            "macro avg": {
                "precision": 0.48860766717552895,
                "recall": 0.49308004957059043,
                "f1-score": 0.4157422274120567,
                "support": 1186.0
            },
            "weighted avg": {
                "precision": 0.49549242934317883,
                "recall": 0.4536256323777403,
                "f1-score": 0.3971768501441057,
                "support": 1186.0
            }
        },
        "confusion_matrix": [
            [
                420,
                99
            ],
            [
                549,
                118
            ]
        ]
    }
}