{
    "timestamp": "2025-04-28 23:03:09",
    "training_history": {
        "accuracy": [
            0.5345093011856079,
            0.5683698058128357,
            0.6088402271270752,
            0.6504460573196411,
            0.6869423985481262,
            0.7066099047660828,
            0.7464720010757446,
            0.7661395072937012,
            0.7762773633003235,
            0.7898215651512146,
            0.7995539307594299
        ],
        "loss": [
            0.7352979183197021,
            0.6961170434951782,
            0.67409747838974,
            0.6464661359786987,
            0.6132915616035461,
            0.5904207229614258,
            0.5399312376976013,
            0.5169932842254639,
            0.4962135851383209,
            0.48269712924957275,
            0.46754154562950134
        ],
        "val_accuracy": [
            0.46600985527038574,
            0.4955665171146393,
            0.4965517222881317,
            0.45418718457221985,
            0.5073891878128052,
            0.49753695726394653,
            0.506403923034668,
            0.4807881712913513,
            0.4876847267150879,
            0.5054187178611755,
            0.49359604716300964
        ],
        "val_loss": [
            0.735653281211853,
            0.7373918890953064,
            0.7565356492996216,
            0.8022111654281616,
            0.8723962903022766,
            0.9272177219390869,
            1.0073840618133545,
            1.0617393255233765,
            1.1074758768081665,
            1.185186505317688,
            1.1520074605941772
        ],
        "learning_rate": [
            0.0010000000474974513,
            0.0010000000474974513,
            0.0010000000474974513,
            0.0010000000474974513,
            0.0010000000474974513,
            0.0010000000474974513,
            0.0005000000237487257,
            0.0005000000237487257,
            0.0005000000237487257,
            0.0005000000237487257,
            0.0005000000237487257
        ]
    },
    "evaluation_metrics": {
        "accuracy": 0.5068897637795275,
        "precision": 0.530868142908485,
        "recall": 0.5068897637795275,
        "f1": 0.38236461768712865,
        "classification_report": {
            "0": {
                "precision": 0.504149377593361,
                "recall": 0.9548133595284872,
                "f1-score": 0.659877800407332,
                "support": 509.0
            },
            "1": {
                "precision": 0.5576923076923077,
                "recall": 0.05719921104536489,
                "f1-score": 0.1037567084078712,
                "support": 507.0
            },
            "accuracy": 0.5068897637795275,
            "macro avg": {
                "precision": 0.5309208426428343,
                "recall": 0.506006285286926,
                "f1-score": 0.3818172544076016,
                "support": 1016.0
            },
            "weighted avg": {
                "precision": 0.530868142908485,
                "recall": 0.5068897637795275,
                "f1-score": 0.38236461768712865,
                "support": 1016.0
            }
        },
        "confusion_matrix": [
            [
                486,
                23
            ],
            [
                478,
                29
            ]
        ]
    }
}