{
    "timestamp": "2025-04-28 23:00:49",
    "training_history": {
        "accuracy": [
            0.5386318564414978,
            0.5751236081123352,
            0.6116522550582886,
            0.6514279246330261,
            0.6857796311378479,
            0.7143384218215942,
            0.7392443418502808,
            0.7717511653900146,
            0.7812338471412659,
            0.7991291880607605,
            0.8077263832092285,
            0.8114899396896362
        ],
        "loss": [
            0.7353715300559998,
            0.6949031949043274,
            0.6704320311546326,
            0.6427257657051086,
            0.6128950715065002,
            0.5858604907989502,
            0.5602722764015198,
            0.5144464373588562,
            0.4967353641986847,
            0.47554513812065125,
            0.46175894141197205,
            0.45115700364112854
        ],
        "val_accuracy": [
            0.4972972869873047,
            0.5612612366676331,
            0.5180180072784424,
            0.5144144296646118,
            0.5252252221107483,
            0.5315315127372742,
            0.5387387275695801,
            0.5396396517753601,
            0.522522509098053,
            0.5369369387626648,
            0.5423423647880554,
            0.5495495200157166
        ],
        "val_loss": [
            0.849023163318634,
            0.7385896444320679,
            0.8603922724723816,
            0.8803066611289978,
            1.1923904418945312,
            1.549018144607544,
            1.748723030090332,
            1.723021149635315,
            1.832244873046875,
            2.05098032951355,
            1.675637125968933,
            2.2424614429473877
        ],
        "learning_rate": [
            0.0010000000474974513,
            0.0010000000474974513,
            0.0010000000474974513,
            0.0010000000474974513,
            0.0010000000474974513,
            0.0010000000474974513,
            0.0010000000474974513,
            0.0005000000237487257,
            0.0005000000237487257,
            0.0005000000237487257,
            0.0005000000237487257,
            0.0005000000237487257
        ]
    },
    "evaluation_metrics": {
        "accuracy": 0.49684968496849685,
        "precision": 0.5257018036519387,
        "recall": 0.49684968496849685,
        "f1": 0.449074174202636,
        "classification_report": {
            "0": {
                "precision": 0.4791431792559188,
                "recall": 0.814176245210728,
                "f1-score": 0.6032647267565648,
                "support": 522.0
            },
            "1": {
                "precision": 0.5669642857142857,
                "recall": 0.21561969439728354,
                "f1-score": 0.3124231242312423,
                "support": 589.0
            },
            "accuracy": 0.49684968496849685,
            "macro avg": {
                "precision": 0.5230537324851022,
                "recall": 0.5148979698040057,
                "f1-score": 0.45784392549390357,
                "support": 1111.0
            },
            "weighted avg": {
                "precision": 0.5257018036519387,
                "recall": 0.49684968496849685,
                "f1-score": 0.449074174202636,
                "support": 1111.0
            }
        },
        "confusion_matrix": [
            [
                425,
                97
            ],
            [
                462,
                127
            ]
        ]
    }
}