{
    "timestamp": "2025-04-28 23:04:20",
    "training_history": {
        "accuracy": [
            0.5513652563095093,
            0.6029332280158997,
            0.6454446911811829,
            0.6852527856826782,
            0.7117463946342468,
            0.7333062887191772,
            0.7633820176124573,
            0.7833874225616455,
            0.7954176664352417,
            0.8081238269805908,
            0.8117734789848328
        ],
        "loss": [
            0.7436783313751221,
            0.6879649758338928,
            0.6463419198989868,
            0.6087945699691772,
            0.5803040862083435,
            0.5496918559074402,
            0.4992358386516571,
            0.4758329391479492,
            0.46003928780555725,
            0.4455640912055969,
            0.43365761637687683
        ],
        "val_accuracy": [
            0.5320624113082886,
            0.4956672489643097,
            0.48180243372917175,
            0.492201030254364,
            0.492201030254364,
            0.49393415451049805,
            0.4956672489643097,
            0.4662044942378998,
            0.4887348413467407,
            0.4783362150192261,
            0.4662044942378998
        ],
        "val_loss": [
            0.7403092384338379,
            0.7750927209854126,
            0.8186832666397095,
            0.774439811706543,
            0.8773210048675537,
            0.9815881252288818,
            1.0508142709732056,
            1.056755781173706,
            1.176110863685608,
            1.0651103258132935,
            1.218998670578003
        ],
        "learning_rate": [
            0.0010000000474974513,
            0.0010000000474974513,
            0.0010000000474974513,
            0.0010000000474974513,
            0.0010000000474974513,
            0.0010000000474974513,
            0.0005000000237487257,
            0.0005000000237487257,
            0.0005000000237487257,
            0.0005000000237487257,
            0.0005000000237487257
        ]
    },
    "evaluation_metrics": {
        "accuracy": 0.5389948006932409,
        "precision": 0.5152611274238286,
        "recall": 0.5389948006932409,
        "f1": 0.5165059200618278,
        "classification_report": {
            "0": {
                "precision": 0.4177215189873418,
                "recall": 0.275,
                "f1-score": 0.3316582914572865,
                "support": 240.0
            },
            "1": {
                "precision": 0.5847255369928401,
                "recall": 0.7270029673590505,
                "f1-score": 0.6481481481481483,
                "support": 337.0
            },
            "accuracy": 0.5389948006932409,
            "macro avg": {
                "precision": 0.501223527990091,
                "recall": 0.5010014836795252,
                "f1-score": 0.48990321980271734,
                "support": 577.0
            },
            "weighted avg": {
                "precision": 0.5152611274238286,
                "recall": 0.5389948006932409,
                "f1-score": 0.5165059200618278,
                "support": 577.0
            }
        },
        "confusion_matrix": [
            [
                66,
                174
            ],
            [
                92,
                245
            ]
        ]
    }
}