{
    "timestamp": "2025-04-28 23:02:29",
    "training_history": {
        "accuracy": [
            0.5501127243041992,
            0.5873752236366272,
            0.6199678182601929,
            0.6531723141670227,
            0.6805152893066406,
            0.7019001841545105,
            0.7176167368888855,
            0.7527536153793335,
            0.7621577978134155,
            0.7733011245727539,
            0.7838003039360046,
            0.7911432981491089
        ],
        "loss": [
            0.729663610458374,
            0.6906870603561401,
            0.6659942865371704,
            0.6428001523017883,
            0.6163912415504456,
            0.5931035280227661,
            0.5742095708847046,
            0.5268915295600891,
            0.5104464888572693,
            0.4928256869316101,
            0.47849971055984497,
            0.46613192558288574
        ],
        "val_accuracy": [
            0.5073814988136292,
            0.49184149503707886,
            0.5066044926643372,
            0.49805748462677,
            0.502719521522522,
            0.49805748462677,
            0.4902874827384949,
            0.4739704728126526,
            0.49805748462677,
            0.4965035021305084,
            0.502719521522522,
            0.5066044926643372
        ],
        "val_loss": [
            0.7239783406257629,
            0.72121262550354,
            0.730160653591156,
            0.751289963722229,
            0.7779583930969238,
            0.8055310845375061,
            0.8202885985374451,
            0.8123493790626526,
            0.8052096366882324,
            0.9131943583488464,
            0.8310972452163696,
            0.9173288345336914
        ],
        "learning_rate": [
            0.0010000000474974513,
            0.0010000000474974513,
            0.0010000000474974513,
            0.0010000000474974513,
            0.0010000000474974513,
            0.0010000000474974513,
            0.0010000000474974513,
            0.0005000000237487257,
            0.0005000000237487257,
            0.0005000000237487257,
            0.0005000000237487257,
            0.0005000000237487257
        ]
    },
    "evaluation_metrics": {
        "accuracy": 0.4805900621118012,
        "precision": 0.4679520274359573,
        "recall": 0.4805900621118012,
        "f1": 0.42141902845194723,
        "classification_report": {
            "0": {
                "precision": 0.4876893939393939,
                "recall": 0.8009331259720062,
                "f1-score": 0.6062389640965273,
                "support": 643.0
            },
            "1": {
                "precision": 0.4482758620689655,
                "recall": 0.16124031007751938,
                "f1-score": 0.23717217787913342,
                "support": 645.0
            },
            "accuracy": 0.4805900621118012,
            "macro avg": {
                "precision": 0.4679826280041797,
                "recall": 0.48108671802476277,
                "f1-score": 0.42170557098783035,
                "support": 1288.0
            },
            "weighted avg": {
                "precision": 0.4679520274359573,
                "recall": 0.4805900621118012,
                "f1-score": 0.42141902845194723,
                "support": 1288.0
            }
        },
        "confusion_matrix": [
            [
                515,
                128
            ],
            [
                541,
                104
            ]
        ]
    }
}