{
    "timestamp": "2025-04-28 23:04:57",
    "training_history": {
        "accuracy": [
            0.5779604911804199,
            0.6332756280899048,
            0.6740227937698364,
            0.7033030390739441,
            0.7270301580429077,
            0.7505409121513367,
            0.787105143070221,
            0.8010240793228149,
            0.8110486268997192,
            0.8163853883743286,
            0.8272032141685486
        ],
        "loss": [
            0.7407804131507874,
            0.6793897151947021,
            0.6306894421577454,
            0.5981013178825378,
            0.5680077075958252,
            0.5374345183372498,
            0.48757708072662354,
            0.46428513526916504,
            0.4490717053413391,
            0.43604159355163574,
            0.420265257358551
        ],
        "val_accuracy": [
            0.5580110549926758,
            0.5248618721961975,
            0.5046040415763855,
            0.5156537890434265,
            0.521178662776947,
            0.5230202674865723,
            0.5119705200195312,
            0.5064456462860107,
            0.539594829082489,
            0.5046040415763855,
            0.519336998462677
        ],
        "val_loss": [
            0.7850691080093384,
            0.8488994240760803,
            0.8796399831771851,
            0.9212058782577515,
            0.9672876000404358,
            1.0803523063659668,
            1.0819718837738037,
            1.1260188817977905,
            1.2274889945983887,
            1.2453737258911133,
            1.314832329750061
        ],
        "learning_rate": [
            0.0010000000474974513,
            0.0010000000474974513,
            0.0010000000474974513,
            0.0010000000474974513,
            0.0010000000474974513,
            0.0010000000474974513,
            0.0005000000237487257,
            0.0005000000237487257,
            0.0005000000237487257,
            0.0005000000237487257,
            0.0005000000237487257
        ]
    },
    "evaluation_metrics": {
        "accuracy": 0.48987108655616945,
        "precision": 0.5290894529679476,
        "recall": 0.48987108655616945,
        "f1": 0.46354891761768047,
        "classification_report": {
            "0": {
                "precision": 0.589041095890411,
                "recall": 0.2838283828382838,
                "f1-score": 0.38307349665924273,
                "support": 303.0
            },
            "1": {
                "precision": 0.4534005037783375,
                "recall": 0.75,
                "f1-score": 0.565149136577708,
                "support": 240.0
            },
            "accuracy": 0.48987108655616945,
            "macro avg": {
                "precision": 0.5212207998343743,
                "recall": 0.516914191419142,
                "f1-score": 0.4741113166184754,
                "support": 543.0
            },
            "weighted avg": {
                "precision": 0.5290894529679476,
                "recall": 0.48987108655616945,
                "f1-score": 0.46354891761768047,
                "support": 543.0
            }
        },
        "confusion_matrix": [
            [
                86,
                217
            ],
            [
                60,
                180
            ]
        ]
    }
}