{
    "timestamp": "2025-04-28 23:05:49",
    "training_history": {
        "accuracy": [
            0.5285279750823975,
            0.5606568455696106,
            0.5864841341972351,
            0.6154466867446899,
            0.6399701833724976,
            0.6566709876060486,
            0.6905382871627808,
            0.7074253559112549,
            0.7267026901245117,
            0.7340907454490662,
            0.7450487613677979
        ],
        "loss": [
            0.7417221069335938,
            0.6990137696266174,
            0.6787327527999878,
            0.661704957485199,
            0.6455323696136475,
            0.6300244927406311,
            0.5894486904144287,
            0.5728451609611511,
            0.5548346042633057,
            0.5413810014724731,
            0.5282151103019714
        ],
        "val_accuracy": [
            0.5193498730659485,
            0.5085139274597168,
            0.4442724585533142,
            0.5178018808364868,
            0.4566563367843628,
            0.542569637298584,
            0.5154798626899719,
            0.551857590675354,
            0.5030959844589233,
            0.5139318704605103,
            0.5193498730659485
        ],
        "val_loss": [
            0.8041039109230042,
            0.8684433698654175,
            1.2048959732055664,
            0.843919038772583,
            1.731520652770996,
            0.9816592335700989,
            1.1526951789855957,
            1.6148152351379395,
            1.6329666376113892,
            1.447567343711853,
            1.663790225982666
        ],
        "learning_rate": [
            0.0010000000474974513,
            0.0010000000474974513,
            0.0010000000474974513,
            0.0010000000474974513,
            0.0010000000474974513,
            0.0010000000474974513,
            0.0005000000237487257,
            0.0005000000237487257,
            0.0005000000237487257,
            0.0005000000237487257,
            0.0005000000237487257
        ]
    },
    "evaluation_metrics": {
        "accuracy": 0.5390564578499614,
        "precision": 0.5267064716986167,
        "recall": 0.5390564578499614,
        "f1": 0.5046743345636097,
        "classification_report": {
            "0": {
                "precision": 0.49673202614379086,
                "recall": 0.2558922558922559,
                "f1-score": 0.3377777777777778,
                "support": 594.0
            },
            "1": {
                "precision": 0.5521783181357649,
                "recall": 0.7796852646638054,
                "f1-score": 0.6465005931198102,
                "support": 699.0
            },
            "accuracy": 0.5390564578499614,
            "macro avg": {
                "precision": 0.5244551721397779,
                "recall": 0.5177887602780307,
                "f1-score": 0.492139185448794,
                "support": 1293.0
            },
            "weighted avg": {
                "precision": 0.5267064716986167,
                "recall": 0.5390564578499614,
                "f1-score": 0.5046743345636097,
                "support": 1293.0
            }
        },
        "confusion_matrix": [
            [
                152,
                442
            ],
            [
                154,
                545
            ]
        ]
    }
}