{
    "timestamp": "2025-04-28 20:01:22",
    "training_history": {
        "accuracy": [
            0.514760434627533,
            0.5258369445800781,
            0.5437373518943787,
            0.5710824131965637,
            0.5931118130683899,
            0.6093556880950928,
            0.6244375109672546,
            0.6463185548782349,
            0.658309817314148,
            0.6847401261329651,
            0.698338508605957,
            0.708846390247345,
            0.7147307395935059,
            0.7234584093093872
        ],
        "loss": [
            0.7268288135528564,
            0.6979150176048279,
            0.692902147769928,
            0.6839401721954346,
            0.6710878610610962,
            0.6589353680610657,
            0.6458383798599243,
            0.6315953731536865,
            0.6216217279434204,
            0.5913233757019043,
            0.5762191414833069,
            0.5645555257797241,
            0.5538859367370605,
            0.5434306263923645
        ],
        "val_accuracy": [
            0.5394904613494873,
            0.475159227848053,
            0.47452229261398315,
            0.5203821659088135,
            0.4700636863708496,
            0.47452229261398315,
            0.48407644033432007,
            0.5076432824134827,
            0.48280254006385803,
            0.5133758187294006,
            0.48662421107292175,
            0.5012738704681396,
            0.49872612953186035,
            0.5152866244316101
        ],
        "val_loss": [
            0.7032250761985779,
            0.7048181891441345,
            0.774535596370697,
            0.7025793194770813,
            0.7863353490829468,
            0.7936025857925415,
            0.7247114777565002,
            0.7454491257667542,
            0.7957453727722168,
            0.8376402854919434,
            0.8144087195396423,
            0.9197500348091125,
            0.7854793667793274,
            1.0234928131103516
        ],
        "learning_rate": [
            0.0010000000474974513,
            0.0010000000474974513,
            0.0010000000474974513,
            0.0010000000474974513,
            0.0010000000474974513,
            0.0010000000474974513,
            0.0010000000474974513,
            0.0010000000474974513,
            0.0010000000474974513,
            0.0005000000237487257,
            0.0005000000237487257,
            0.0005000000237487257,
            0.0005000000237487257,
            0.0005000000237487257
        ]
    },
    "evaluation_metrics": {
        "accuracy": 0.47931253978357735,
        "precision": 0.4873690744156911,
        "recall": 0.47931253978357735,
        "f1": 0.4722352262394619,
        "classification_report": {
            "0": {
                "precision": 0.4589322381930185,
                "recall": 0.6056910569105691,
                "f1-score": 0.522196261682243,
                "support": 738.0
            },
            "1": {
                "precision": 0.5125628140703518,
                "recall": 0.3673469387755102,
                "f1-score": 0.42797202797202805,
                "support": 833.0
            },
            "accuracy": 0.47931253978357735,
            "macro avg": {
                "precision": 0.48574752613168515,
                "recall": 0.48651899784303965,
                "f1-score": 0.4750841448271355,
                "support": 1571.0
            },
            "weighted avg": {
                "precision": 0.4873690744156911,
                "recall": 0.47931253978357735,
                "f1-score": 0.4722352262394619,
                "support": 1571.0
            }
        },
        "confusion_matrix": [
            [
                447,
                291
            ],
            [
                527,
                306
            ]
        ]
    }
}