{
    "timestamp": "2025-04-28 23:06:04",
    "training_history": {
        "accuracy": [
            0.5693966746330261,
            0.6549667119979858,
            0.6928194761276245,
            0.7231016159057617,
            0.7538426518440247,
            0.7694425582885742,
            0.8069511651992798,
            0.8134893178939819,
            0.8310392498970032,
            0.8375774025917053,
            0.8414773941040039
        ],
        "loss": [
            0.7402535676956177,
            0.6705363988876343,
            0.6216623187065125,
            0.5742061138153076,
            0.5335400700569153,
            0.5063146948814392,
            0.4605894386768341,
            0.4386225640773773,
            0.41682857275009155,
            0.40310755372047424,
            0.395081490278244
        ],
        "val_accuracy": [
            0.42271292209625244,
            0.42902207374572754,
            0.41640380024909973,
            0.42586749792099,
            0.4574132561683655,
            0.3943217694759369,
            0.42586749792099,
            0.4447949528694153,
            0.4321766495704651,
            0.42271292209625244,
            0.4511041045188904
        ],
        "val_loss": [
            0.9038764834403992,
            1.1031526327133179,
            1.1440112590789795,
            1.4585713148117065,
            1.4084709882736206,
            1.6173348426818848,
            1.684671401977539,
            1.7416008710861206,
            1.8069785833358765,
            1.9211094379425049,
            2.102541208267212
        ],
        "learning_rate": [
            0.0010000000474974513,
            0.0010000000474974513,
            0.0010000000474974513,
            0.0010000000474974513,
            0.0010000000474974513,
            0.0010000000474974513,
            0.0005000000237487257,
            0.0005000000237487257,
            0.0005000000237487257,
            0.0005000000237487257,
            0.0005000000237487257
        ]
    },
    "evaluation_metrics": {
        "accuracy": 0.5047318611987381,
        "precision": 0.7013071964381798,
        "recall": 0.5047318611987381,
        "f1": 0.3894077873590864,
        "classification_report": {
            "0": {
                "precision": 0.4816053511705686,
                "recall": 0.9863013698630136,
                "f1-score": 0.647191011235955,
                "support": 146.0
            },
            "1": {
                "precision": 0.8888888888888888,
                "recall": 0.0935672514619883,
                "f1-score": 0.1693121693121693,
                "support": 171.0
            },
            "accuracy": 0.5047318611987381,
            "macro avg": {
                "precision": 0.6852471200297288,
                "recall": 0.539934310662501,
                "f1-score": 0.40825159027406216,
                "support": 317.0
            },
            "weighted avg": {
                "precision": 0.7013071964381798,
                "recall": 0.5047318611987381,
                "f1-score": 0.3894077873590864,
                "support": 317.0
            }
        },
        "confusion_matrix": [
            [
                144,
                2
            ],
            [
                155,
                16
            ]
        ]
    }
}