{
    "timestamp": "2025-04-28 23:06:38",
    "training_history": {
        "accuracy": [
            0.5447306036949158,
            0.5918897390365601,
            0.6347001194953918,
            0.6610188484191895,
            0.696882426738739,
            0.7213373780250549,
            0.7388455867767334,
            0.7591776847839355,
            0.7873037457466125,
            0.7962272763252258,
            0.8070145845413208,
            0.8145261406898499,
            0.8236191272735596
        ],
        "loss": [
            0.7457097172737122,
            0.6971132159233093,
            0.6632935404777527,
            0.6332483291625977,
            0.6001036167144775,
            0.5718167424201965,
            0.549331784248352,
            0.5206093788146973,
            0.47603341937065125,
            0.4596284031867981,
            0.4444163143634796,
            0.42879071831703186,
            0.4160429835319519
        ],
        "val_accuracy": [
            0.46199703216552734,
            0.558867335319519,
            0.5365126729011536,
            0.4947839081287384,
            0.5037257671356201,
            0.5081967115402222,
            0.5409836173057556,
            0.5350223779678345,
            0.497764527797699,
            0.5186288952827454,
            0.5260804891586304,
            0.5171386003494263,
            0.561847984790802
        ],
        "val_loss": [
            0.842912495136261,
            0.7438479065895081,
            0.7307191491127014,
            0.7618008255958557,
            0.8013895750045776,
            0.7808762192726135,
            0.7721640467643738,
            0.7804352641105652,
            0.9274123907089233,
            1.070188045501709,
            0.9856302738189697,
            0.9601294994354248,
            1.0855189561843872
        ],
        "learning_rate": [
            0.0010000000474974513,
            0.0010000000474974513,
            0.0010000000474974513,
            0.0010000000474974513,
            0.0010000000474974513,
            0.0010000000474974513,
            0.0010000000474974513,
            0.0010000000474974513,
            0.0005000000237487257,
            0.0005000000237487257,
            0.0005000000237487257,
            0.0005000000237487257,
            0.0005000000237487257
        ]
    },
    "evaluation_metrics": {
        "accuracy": 0.48660714285714285,
        "precision": 0.5524457395498393,
        "recall": 0.48660714285714285,
        "f1": 0.3770854693346689,
        "classification_report": {
            "0": {
                "precision": 0.4758842443729904,
                "recall": 0.9396825396825397,
                "f1-score": 0.6318036286019211,
                "support": 315.0
            },
            "1": {
                "precision": 0.62,
                "recall": 0.08683473389355742,
                "f1-score": 0.15233415233415232,
                "support": 357.0
            },
            "accuracy": 0.48660714285714285,
            "macro avg": {
                "precision": 0.5479421221864952,
                "recall": 0.5132586367880485,
                "f1-score": 0.3920688904680367,
                "support": 672.0
            },
            "weighted avg": {
                "precision": 0.5524457395498393,
                "recall": 0.48660714285714285,
                "f1-score": 0.3770854693346689,
                "support": 672.0
            }
        },
        "confusion_matrix": [
            [
                296,
                19
            ],
            [
                326,
                31
            ]
        ]
    }
}