{
    "timestamp": "2025-04-28 23:07:33",
    "training_history": {
        "accuracy": [
            0.542712926864624,
            0.5898764729499817,
            0.6268765926361084,
            0.6606217622756958,
            0.6828085780143738,
            0.7171515822410583,
            0.7562773823738098,
            0.7720871567726135,
            0.7854390740394592,
            0.7899561524391174,
            0.8006510138511658
        ],
        "loss": [
            0.7502415180206299,
            0.6954361796379089,
            0.6527100205421448,
            0.6161176562309265,
            0.584563136100769,
            0.5563023686408997,
            0.5054120421409607,
            0.4827354848384857,
            0.4666890799999237,
            0.45398807525634766,
            0.44068285822868347
        ],
        "val_accuracy": [
            0.5261324048042297,
            0.5522648096084595,
            0.5296167135238647,
            0.5156794190406799,
            0.46864110231399536,
            0.5017421841621399,
            0.5052264928817749,
            0.5139372944831848,
            0.5121951103210449,
            0.50696861743927,
            0.4878048896789551
        ],
        "val_loss": [
            0.7655927538871765,
            0.7687370181083679,
            0.8016844987869263,
            0.7741053104400635,
            0.8227039575576782,
            0.8590803146362305,
            1.0259536504745483,
            0.968542218208313,
            1.0383542776107788,
            1.008367657661438,
            1.1135090589523315
        ],
        "learning_rate": [
            0.0010000000474974513,
            0.0010000000474974513,
            0.0010000000474974513,
            0.0010000000474974513,
            0.0010000000474974513,
            0.0010000000474974513,
            0.0005000000237487257,
            0.0005000000237487257,
            0.0005000000237487257,
            0.0005000000237487257,
            0.0005000000237487257
        ]
    },
    "evaluation_metrics": {
        "accuracy": 0.5026086956521739,
        "precision": 0.5039312183707896,
        "recall": 0.5026086956521739,
        "f1": 0.49845043257838767,
        "classification_report": {
            "0": {
                "precision": 0.4970588235294118,
                "recall": 0.5950704225352113,
                "f1-score": 0.5416666666666667,
                "support": 284.0
            },
            "1": {
                "precision": 0.5106382978723404,
                "recall": 0.41237113402061853,
                "f1-score": 0.4562737642585551,
                "support": 291.0
            },
            "accuracy": 0.5026086956521739,
            "macro avg": {
                "precision": 0.503848560700876,
                "recall": 0.503720778277915,
                "f1-score": 0.4989702154626109,
                "support": 575.0
            },
            "weighted avg": {
                "precision": 0.5039312183707896,
                "recall": 0.5026086956521739,
                "f1-score": 0.49845043257838767,
                "support": 575.0
            }
        },
        "confusion_matrix": [
            [
                169,
                115
            ],
            [
                171,
                120
            ]
        ]
    }
}