{
    "timestamp": "2025-04-28 23:07:08",
    "training_history": {
        "accuracy": [
            0.5482198596000671,
            0.5904244780540466,
            0.6369816064834595,
            0.6705301403999329,
            0.701095461845398,
            0.7248141765594482,
            0.7584115862846375,
            0.7726427912712097,
            0.7921556830406189,
            0.8038439154624939,
            0.8079518675804138
        ],
        "loss": [
            0.7391159534454346,
            0.6918160915374756,
            0.6524139642715454,
            0.6173183917999268,
            0.586803674697876,
            0.5558717846870422,
            0.5055831670761108,
            0.4872409701347351,
            0.46518611907958984,
            0.4476153552532196,
            0.4357028901576996
        ],
        "val_accuracy": [
            0.45575758814811707,
            0.4509090781211853,
            0.5321212410926819,
            0.5090909004211426,
            0.5187878608703613,
            0.5612121224403381,
            0.5442424416542053,
            0.5442424416542053,
            0.5406060814857483,
            0.5066666603088379,
            0.5442424416542053
        ],
        "val_loss": [
            0.8098917007446289,
            0.887029767036438,
            1.6941477060317993,
            1.3658031225204468,
            1.973533272743225,
            2.147753953933716,
            2.2258994579315186,
            2.3461620807647705,
            1.5870492458343506,
            1.432895541191101,
            1.663535475730896
        ],
        "learning_rate": [
            0.0010000000474974513,
            0.0010000000474974513,
            0.0010000000474974513,
            0.0010000000474974513,
            0.0010000000474974513,
            0.0010000000474974513,
            0.0005000000237487257,
            0.0005000000237487257,
            0.0005000000237487257,
            0.0005000000237487257,
            0.0005000000237487257
        ]
    },
    "evaluation_metrics": {
        "accuracy": 0.5351089588377724,
        "precision": 0.5347281753772986,
        "recall": 0.5351089588377724,
        "f1": 0.5347648884028907,
        "classification_report": {
            "0": {
                "precision": 0.545662100456621,
                "recall": 0.5636792452830188,
                "f1-score": 0.5545243619489559,
                "support": 424.0
            },
            "1": {
                "precision": 0.5231958762886598,
                "recall": 0.5049751243781094,
                "f1-score": 0.5139240506329115,
                "support": 402.0
            },
            "accuracy": 0.5351089588377724,
            "macro avg": {
                "precision": 0.5344289883726404,
                "recall": 0.5343271848305642,
                "f1-score": 0.5342242062909337,
                "support": 826.0
            },
            "weighted avg": {
                "precision": 0.5347281753772986,
                "recall": 0.5351089588377724,
                "f1-score": 0.5347648884028907,
                "support": 826.0
            }
        },
        "confusion_matrix": [
            [
                239,
                185
            ],
            [
                199,
                203
            ]
        ]
    }
}