{
    "timestamp": "2025-04-28 23:07:56",
    "training_history": {
        "accuracy": [
            0.5518407225608826,
            0.6259704232215881,
            0.6731780767440796,
            0.707988977432251,
            0.7424242496490479,
            0.7669671773910522,
            0.7836213111877441,
            0.8102930188179016,
            0.82081139087677,
            0.8305785059928894,
            0.8399699330329895,
            0.8420986533164978
        ],
        "loss": [
            0.7565039992332458,
            0.693789541721344,
            0.6435561180114746,
            0.5949045419692993,
            0.5579029321670532,
            0.5178800821304321,
            0.49866777658462524,
            0.4487393796443939,
            0.4301839768886566,
            0.42019400000572205,
            0.40225934982299805,
            0.3942570686340332
        ],
        "val_accuracy": [
            0.5422534942626953,
            0.6056337952613831,
            0.6197183132171631,
            0.5422534942626953,
            0.5598591566085815,
            0.5352112650871277,
            0.5985915660858154,
            0.5387324094772339,
            0.5316901206970215,
            0.5387324094772339,
            0.5387324094772339,
            0.5246478915214539
        ],
        "val_loss": [
            0.7540807723999023,
            0.7349857687950134,
            0.7788655161857605,
            0.8221938610076904,
            0.8331122398376465,
            0.8592018485069275,
            0.856568455696106,
            0.9495676755905151,
            0.9914128184318542,
            1.0445671081542969,
            1.0517023801803589,
            1.0457038879394531
        ],
        "learning_rate": [
            0.0010000000474974513,
            0.0010000000474974513,
            0.0010000000474974513,
            0.0010000000474974513,
            0.0010000000474974513,
            0.0010000000474974513,
            0.0010000000474974513,
            0.0005000000237487257,
            0.0005000000237487257,
            0.0005000000237487257,
            0.0005000000237487257,
            0.0005000000237487257
        ]
    },
    "evaluation_metrics": {
        "accuracy": 0.49473684210526314,
        "precision": 0.503405506967589,
        "recall": 0.49473684210526314,
        "f1": 0.48576014940171114,
        "classification_report": {
            "0": {
                "precision": 0.47513812154696133,
                "recall": 0.6370370370370371,
                "f1-score": 0.5443037974683544,
                "support": 135.0
            },
            "1": {
                "precision": 0.5288461538461539,
                "recall": 0.36666666666666664,
                "f1-score": 0.4330708661417323,
                "support": 150.0
            },
            "accuracy": 0.49473684210526314,
            "macro avg": {
                "precision": 0.5019921376965576,
                "recall": 0.5018518518518519,
                "f1-score": 0.48868733180504337,
                "support": 285.0
            },
            "weighted avg": {
                "precision": 0.503405506967589,
                "recall": 0.49473684210526314,
                "f1-score": 0.48576014940171114,
                "support": 285.0
            }
        },
        "confusion_matrix": [
            [
                86,
                49
            ],
            [
                95,
                55
            ]
        ]
    }
}